                :-) GROMACS - gmx mdrun, 2025.4-conda_forge (-:

Copyright 1991-2025 The GROMACS Authors.
GROMACS is free software; you can redistribute it and/or modify it
under the terms of the GNU Lesser General Public License
as published by the Free Software Foundation; either version 2.1
of the License, or (at your option) any later version.

                         Current GROMACS contributors:
       Mark Abraham           Andrey Alekseenko           Brian Andrews       
      Vladimir Basov              Paul Bauer                Hugh Bird         
      Eliane Briand               Ania Brown              Mahesh Doijade      
      Giacomo Fiorin          Stefan Fleischmann          Sergey Gorelov      
   Gilles Gouaillardet            Alan Gray              M. Eric Irrgang      
   Farzaneh Jalalypour         Petter Johansson          Carsten Kutzner      
    Grzegorz Łazarski         Justin A. Lemkul          Magnus Lundborg      
       Pascal Merz             Vedran Miletić            Dmitry Morozov      
     Lukas Müllender            Julien Nabet             Szilárd Páll      
 Andrea Pasquadibisceglie     Michele Pellegrino         Nicola Piasentin     
     Daniele Rapetti         Muhammad Umair Sadiq         Hubert Santuz       
      Roland Schulz             Michael Shirts           Tatiana Shugaeva     
     Alexey Shvetsov            Philip Turner            Alessandra Villa     
 Sebastian Wingbermühle  

                         Previous GROMACS contributors:
        Emile Apol             Rossen Apostolov           James Barnett       
  Herman J.C. Berendsen         Cathrine Bergh             Par Bjelkmar       
      Christian Blau          Viacheslav Bolnykh            Kevin Boyd        
    Aldert van Buuren          Carlo Camilloni           Rudi van Drunen      
      Anton Feenstra           Oliver Fleetwood            Vytas Gapsys       
       Gaurav Garg             Gerrit Groenhof            Bert de Groot       
      Anca Hamuraru           Vincent Hindriksen          Victor Holanda      
     Aleksei Iupinov              Joe Jordan            Christoph Junghans    
    Prashanth Kanduri        Dimitrios Karkoulis           Peter Kasson       
      Sebastian Kehl           Sebastian Keller             Jiri Kraus        
       Per Larsson              Viveca Lindahl            Erik Marklund       
    Pieter Meulenhoff           Teemu Murtola              Sander Pronk       
      Alfons Sijbers            Balint Soproni         David van der Spoel    
      Peter Tieleman            Carsten Uphoff             Jon Vincent        
     Teemu Virolainen         Christian Wennberg           Maarten Wolf       
      Artem Zhmurov       

                  Coordinated by the GROMACS project leaders:
                           Berk Hess and Erik Lindahl

GROMACS:      gmx mdrun, version 2025.4-conda_forge
Executable:   /home/lafayette/miniconda3/envs/MD/bin.AVX2_256/gmx
Data prefix:  /home/lafayette/miniconda3/envs/MD
Working dir:  /home/lafayette/Escritorio/PeptideCrowding/MD_LonePeptide
Process ID:   1493453
Command line:
  gmx -nobackup -nocopyright mdrun -o /home/lafayette/Escritorio/PeptideCrowding/MD_LonePeptide/sandbox_578be560-79d7-44b3-bde4-f8e0882e431c/peptide_md.trr -s /home/lafayette/Escritorio/PeptideCrowding/MD_LonePeptide/sandbox_578be560-79d7-44b3-bde4-f8e0882e431c/peptide_gppmd.tpr -c /home/lafayette/Escritorio/PeptideCrowding/MD_LonePeptide/sandbox_578be560-79d7-44b3-bde4-f8e0882e431c/peptide_md.gro -e /home/lafayette/Escritorio/PeptideCrowding/MD_LonePeptide/sandbox_578be560-79d7-44b3-bde4-f8e0882e431c/peptide_md.edr -g /home/lafayette/Escritorio/PeptideCrowding/MD_LonePeptide/sandbox_578be560-79d7-44b3-bde4-f8e0882e431c/peptide_md.log -cpo /home/lafayette/Escritorio/PeptideCrowding/MD_LonePeptide/sandbox_578be560-79d7-44b3-bde4-f8e0882e431c/peptide_md.cpt

GROMACS version:     2025.4-conda_forge
Precision:           mixed
Memory model:        64 bit
MPI library:         thread_mpi
OpenMP support:      enabled (GMX_OPENMP_MAX_THREADS = 128)
GPU support:         OpenCL
NBNxM GPU setup:     super-cluster 2x2x2 / cluster 8 (cluster-pair splitting on)
SIMD instructions:   AVX2_256
CPU FFT library:     fftw-3.3.11-sse2-avx
GPU FFT library:     clFFT
Multi-GPU FFT:       none
RDTSCP usage:        disabled
TNG support:         enabled
Hwloc support:       disabled
Tracing support:     disabled
C compiler:          /home/conda/feedstock_root/build_artifacts/gromacs_1764344590343/_build_env/bin/x86_64-conda-linux-gnu-cc GNU 14.3.0
C compiler flags:    -fexcess-precision=fast -funroll-all-loops -mavx2 -mfma -Wno-missing-field-initializers -O3 -DNDEBUG
C++ compiler:        /home/conda/feedstock_root/build_artifacts/gromacs_1764344590343/_build_env/bin/x86_64-conda-linux-gnu-c++ GNU 14.3.0
C++ compiler flags:  -fexcess-precision=fast -funroll-all-loops -mavx2 -mfma -Wno-missing-field-initializers -Wno-cast-function-type-strict SHELL:-fopenmp -O3 -DNDEBUG
BLAS library:        Internal
LAPACK library:      Internal
OpenCL include dir:  /home/lafayette/miniconda3/envs/MD/include
OpenCL library:      /home/lafayette/miniconda3/envs/MD/lib/libOpenCL.so
OpenCL version:      3.0


Running on 1 node with total 24 cores, 32 processing units (GPU detection failed: No valid OpenCL driver found)
Hardware detected on host step:
  CPU info:
    Vendor: Intel
    Brand:  Intel(R) Core(TM) i9-14900KF
    Family: 6   Model: 183   Stepping: 1
    Features: aes apic avx avx2 clfsh cmov cx8 cx16 f16c fma htt intel lahf mmx msr nonstop_tsc pcid pclmuldq pdcm pdpe1gb popcnt pse rdrnd rdtscp sha sse2 sse3 sse4.1 sse4.2 ssse3 tdt x2apic
  Hardware topology: Basic
    Packages, cores, and logical processors:
    [indices refer to OS logical processors]
      Package  0: [   0   1] [   2   3] [   4   5] [   6   7] [   8   9] [  10  11] [  12  13] [  14  15] [  16] [  17] [  18] [  19] [  20] [  21] [  22] [  23] [  24] [  25] [  26] [  27] [  28] [  29] [  30] [  31]
    CPU limit set by OS: -1   Recommended max number of threads: 32

The current CPU can measure timings more accurately than the code in
gmx mdrun was configured to use. This might affect your simulation
speed as accurate timings are needed for load-balancing.
Please consider rebuilding gmx mdrun with the GMX_USE_RDTSCP=ON CMake option.

++++ PLEASE READ AND CITE THE FOLLOWING REFERENCE ++++
M. J. Abraham, T. Murtola, R. Schulz, S. Páll, J. C. Smith, B. Hess, E.
Lindahl
GROMACS: High performance molecular simulations through multi-level
parallelism from laptops to supercomputers
SoftwareX (2015)
DOI: 10.1016/j.softx.2015.06.001
-------- -------- --- Thank You --- -------- --------


++++ PLEASE READ AND CITE THE FOLLOWING REFERENCE ++++
S. Páll, M. J. Abraham, C. Kutzner, B. Hess, E. Lindahl
Tackling Exascale Software Challenges in Molecular Dynamics Simulations with
GROMACS
In S. Markidis & E. Laure (Eds.), Solving Software Challenges for Exascale (2015)
DOI: 10.1007/978-3-319-15976-8_1
-------- -------- --- Thank You --- -------- --------


++++ PLEASE READ AND CITE THE FOLLOWING REFERENCE ++++
S. Pronk, S. Páll, R. Schulz, P. Larsson, P. Bjelkmar, R. Apostolov, M. R.
Shirts, J. C. Smith, P. M. Kasson, D. van der Spoel, B. Hess, E. Lindahl
GROMACS 4.5: a high-throughput and highly parallel open source molecular
simulation toolkit
Bioinformatics (2013)
DOI: 10.1093/bioinformatics/btt055
-------- -------- --- Thank You --- -------- --------


++++ PLEASE READ AND CITE THE FOLLOWING REFERENCE ++++
B. Hess, C. Kutzner, D. van der Spoel, E. Lindahl
GROMACS 4: Algorithms for highly efficient, load-balanced, and scalable
molecular simulation
J. Chem. Theory Comput. (2008)
DOI: 10.1021/ct700301q
-------- -------- --- Thank You --- -------- --------


++++ PLEASE READ AND CITE THE FOLLOWING REFERENCE ++++
D. van der Spoel, E. Lindahl, B. Hess, G. Groenhof, A. E. Mark, H. J. C.
Berendsen
GROMACS: Fast, Flexible and Free
J. Comp. Chem. (2005)
DOI: 10.1002/jcc.20291
-------- -------- --- Thank You --- -------- --------


++++ PLEASE READ AND CITE THE FOLLOWING REFERENCE ++++
E. Lindahl, B. Hess, D. van der Spoel
GROMACS 3.0: A package for molecular simulation and trajectory analysis
J. Mol. Mod. (2001)
DOI: 10.1007/s008940100045
-------- -------- --- Thank You --- -------- --------


++++ PLEASE READ AND CITE THE FOLLOWING REFERENCE ++++
H. J. C. Berendsen, D. van der Spoel and R. van Drunen
GROMACS: A message-passing parallel molecular dynamics implementation
Comp. Phys. Comm. (1995)
DOI: 10.1016/0010-4655(95)00042-E
-------- -------- --- Thank You --- -------- --------

Input Parameters:
   integrator                     = md
   tinit                          = 0
   dt                             = 0.002
   nsteps                         = 5000000
   init-step                      = 0
   simulation-part                = 1
   mts                            = false
   mass-repartition-factor        = 1
   comm-mode                      = Linear
   nstcomm                        = 100
   bd-fric                        = 0
   ld-seed                        = 1340005239
   emtol                          = 10
   emstep                         = 0.01
   niter                          = 20
   fcstep                         = 0
   nstcgsteep                     = 1000
   nbfgscorr                      = 10
   rtpi                           = 0.05
   nstxout                        = 5000
   nstvout                        = 5000
   nstfout                        = 0
   nstlog                         = 5000
   nstcalcenergy                  = 100
   nstenergy                      = 5000
   nstxout-compressed             = 1000
   compressed-x-precision         = 1000
   cutoff-scheme                  = Verlet
   nstlist                        = 10
   pbc                            = xyz
   periodic-molecules             = false
   verlet-buffer-tolerance        = 0.005
   verlet-buffer-pressure-tolerance = 0.5
   rlist                          = 1
   coulombtype                    = PME
   coulomb-modifier               = Potential-shift
   rcoulomb-switch                = 0
   rcoulomb                       = 1
   epsilon-r                      = 1
   epsilon-rf                     = inf
   vdw-type                       = Cut-off
   vdw-modifier                   = Potential-shift
   rvdw-switch                    = 0
   rvdw                           = 1
   DispCorr                       = EnerPres
   table-extension                = 1
   fourierspacing                 = 0.12
   fourier-nx                     = 32
   fourier-ny                     = 32
   fourier-nz                     = 32
   pme-order                      = 4
   ewald-rtol                     = 1e-05
   ewald-rtol-lj                  = 0.001
   lj-pme-comb-rule               = Geometric
   ewald-geometry                 = 3d
   epsilon-surface                = 0
   ensemble-temperature-setting   = constant
   ensemble-temperature           = 300
   tcoupl                         = V-rescale
   nsttcouple                     = 10
   nh-chain-length                = 0
   print-nose-hoover-chain-variables = false
   pcoupl                         = Parrinello-Rahman
   pcoupltype                     = Isotropic
   nstpcouple                     = 2
   tau-p                          = 1
   compressibility (3x3):
      compressibility[    0]={ 4.50000e-05,  0.00000e+00,  0.00000e+00}
      compressibility[    1]={ 0.00000e+00,  4.50000e-05,  0.00000e+00}
      compressibility[    2]={ 0.00000e+00,  0.00000e+00,  4.50000e-05}
   ref-p (3x3):
      ref-p[    0]={ 1.00000e+00,  0.00000e+00,  0.00000e+00}
      ref-p[    1]={ 0.00000e+00,  1.00000e+00,  0.00000e+00}
      ref-p[    2]={ 0.00000e+00,  0.00000e+00,  1.00000e+00}
   refcoord-scaling               = COM
   posres-com: not available
   posres-comB: not available
   QMMM                           = false
qm-opts:
   ngQM                           = 0
   constraint-algorithm           = Lincs
   continuation                   = true
   Shake-SOR                      = false
   shake-tol                      = 0.0001
   lincs-order                    = 4
   lincs-iter                     = 1
   lincs-warnangle                = 30
   nwall                          = 0
   wall-type                      = 9-3
   wall-r-linpot                  = -1
   wall-atomtype[0]               = -1
   wall-atomtype[1]               = -1
   wall-density[0]                = 0
   wall-density[1]                = 0
   wall-ewald-zfac                = 3
   pull                           = false
   awh                            = false
   rotation                       = false
   interactiveMD                  = false
   disre                          = No
   disre-weighting                = Conservative
   disre-mixed                    = false
   dr-fc                          = 1000
   dr-tau                         = 0
   nstdisreout                    = 100
   orire-fc                       = 0
   orire-tau                      = 0
   nstorireout                    = 100
   free-energy                    = no
   cos-acceleration               = 0
   deform (3x3):
      deform[    0]={ 0.00000e+00,  0.00000e+00,  0.00000e+00}
      deform[    1]={ 0.00000e+00,  0.00000e+00,  0.00000e+00}
      deform[    2]={ 0.00000e+00,  0.00000e+00,  0.00000e+00}
   simulated-tempering            = false
   swapcoords                     = no
   userint1                       = 0
   userint2                       = 0
   userint3                       = 0
   userint4                       = 0
   userreal1                      = 0
   userreal2                      = 0
   userreal3                      = 0
   userreal4                      = 0
   applied-forces:
     electric-field:
       x:
         E0                       = 0
         omega                    = 0
         t0                       = 0
         sigma                    = 0
       y:
         E0                       = 0
         omega                    = 0
         t0                       = 0
         sigma                    = 0
       z:
         E0                       = 0
         omega                    = 0
         t0                       = 0
         sigma                    = 0
     density-guided-simulation:
       active                     = false
       group                      = protein
       similarity-measure         = inner-product
       atom-spreading-weight      = unity
       force-constant             = 1e+09
       gaussian-transform-spreading-width = 0.2
       gaussian-transform-spreading-range-in-multiples-of-width = 4
       reference-density-filename = reference.mrc
       nst                        = 1
       normalize-densities        = true
       adaptive-force-scaling     = false
       adaptive-force-scaling-time-constant = 4
       shift-vector               = 
       transformation-matrix      = 
     qmmm-cp2k:
       active                     = false
       qmgroup                    = System
       qmmethod                   = PBE
       qmfilenames                = 
       qmcharge                   = 0
       qmmultiplicity             = 1
     colvars:
       active                     = false
       configfile                 = 
       seed                       = -1
     nnpot:
       active                     = false
       modelfile                  = model.pt
       input-group                = System
       model-input1               = 
       model-input2               = 
       model-input3               = 
       model-input4               = 
grpopts:
   nrdf:     252.926     10005.1
   ref-t:         300         300
   tau-t:         0.1         0.1
annealing:          No          No
annealing-npoints:           0           0
   acc:	           0           0           0
   nfreeze:           N           N           N
   energygrp-flags[  0]: 0

Changing nstlist from 10 to 50, rlist from 1 to 1.119


Initializing Domain Decomposition on 32 ranks
Dynamic load balancing: auto
Using update groups, nr 1715, average size 3.0 atoms, max. radius 0.104 nm
Minimum cell size due to atom displacement: 0.383 nm
Initial maximum distances in bonded interactions:
    two-body bonded interactions: 0.393 nm, LJ-14, atoms 60 79
  multi-body bonded interactions: 0.393 nm, Proper Dih., atoms 60 79
Minimum cell size due to bonded interactions: 0.433 nm
Scaling the initial minimum size with 1/0.8 (option -dds) = 1.25
Guess for relative PME load: 0.20
Will use 24 particle-particle and 8 PME only ranks
This is a guess, check the performance at the end of the log file
Using 8 separate PME ranks, as guessed by mdrun
Optimizing the DD grid for 24 cells with a minimum initial size of 0.541 nm
The maximum allowed number of cells is: X 6 Y 6 Z 6
Domain decomposition grid 4 x 6 x 1, separate PME ranks 8
PME domain decomposition: 4 x 2 x 1
Interleaving PP and PME ranks
This rank does only particle-particle work.
Domain decomposition rank 0, coordinates 0 0 0

The initial number of communication pulses is: X 2 Y 3
The initial domain decomposition cell size is: X 0.93 nm Y 0.62 nm

The maximum allowed distance for atom groups involved in interactions is:
                 non-bonded interactions           1.327 nm
(the following are initial values, they could change due to box deformation)
            two-body bonded interactions  (-rdd)   1.327 nm
          multi-body bonded interactions  (-rdd)   0.618 nm

When dynamic load balancing gets turned on, these settings will change to:
The maximum number of communication pulses is: X 3 Y 3
The minimum size for domain decomposition cells is 0.494 nm
The requested allowed shrink of DD cells (option -dds) is: 0.80
The allowed shrink of domain decomposition cells is: X 0.53 Y 0.80
The maximum allowed distance for atom groups involved in interactions is:
                 non-bonded interactions           1.327 nm
            two-body bonded interactions  (-rdd)   1.327 nm
          multi-body bonded interactions  (-rdd)   0.494 nm

Local state does not use filler particles

Using 32 MPI threads
Using 1 OpenMP thread per tMPI thread

System total charge: -0.000
Will do PME sum in reciprocal space for electrostatic interactions.

++++ PLEASE READ AND CITE THE FOLLOWING REFERENCE ++++
U. Essmann, L. Perera, M. L. Berkowitz, T. Darden, H. Lee, L. G. Pedersen 
A smooth particle mesh Ewald method
J. Chem. Phys. (1995)
DOI: 10.1063/1.470117
-------- -------- --- Thank You --- -------- --------

Using a Gaussian width (1/beta) of 0.320163 nm for Ewald
Potential shift: LJ r^-12: -1.000e+00 r^-6: -1.000e+00, Ewald -1.000e-05
Initialized non-bonded Coulomb Ewald tables, spacing: 9.33e-04 size: 1073

Generated table with 1059 data points for 1-4 COUL.
Tabscale = 500 points/nm
Generated table with 1059 data points for 1-4 LJ6.
Tabscale = 500 points/nm
Generated table with 1059 data points for 1-4 LJ12.
Tabscale = 500 points/nm
Long Range LJ corr.: <C6> 2.9868e-04


Using SIMD4xM 4x8 nonbonded short-range kernels

Using a dual 4x8 pair-list setup updated with dynamic pruning:
  outer list: updated every 50 steps, buffer 0.119 nm, rlist 1.119 nm
  inner list: updated every 10 steps, buffer 0.000 nm, rlist 1.000 nm
At tolerance 0.005 kJ/mol/ps per atom, equivalent classical 1x1 list would be:
  outer list: updated every 50 steps, buffer 0.248 nm, rlist 1.248 nm
  inner list: updated every 10 steps, buffer 0.036 nm, rlist 1.036 nm

The average pressure is off by at most 0.39 bar due to missing LJ interactions

Using Lorentz-Berthelot Lennard-Jones combination rule

Linking all bonded interactions to atoms


Pinning threads with an auto-selected logical cpu stride of 1

Initializing LINear Constraint Solver

++++ PLEASE READ AND CITE THE FOLLOWING REFERENCE ++++
B. Hess, H. Bekker, H. J. C. Berendsen, J. G. E. M. Fraaije
LINCS: A Linear Constraint Solver for molecular simulations
J. Comp. Chem. (1997)
DOI: 10.1002/(sici)1096-987x(199709)18:12<1463::aid-jcc4>3.0.co;2-h
-------- -------- --- Thank You --- -------- --------

The number of constraints is 56

++++ PLEASE READ AND CITE THE FOLLOWING REFERENCE ++++
S. Miyamoto, P. A. Kollman
SETTLE: An Analytical Version of the SHAKE and RATTLE Algorithms for Rigid
Water Models
J. Comp. Chem. (1992)
DOI: 10.1002/jcc.540130805
-------- -------- --- Thank You --- -------- --------

Intra-simulation communication will occur every 2 steps.

++++ PLEASE READ AND CITE THE FOLLOWING REFERENCE ++++
G. Bussi, D. Donadio, M. Parrinello
Canonical sampling through velocity rescaling
J. Chem. Phys. (2007)
DOI: 10.1063/1.2408420
-------- -------- --- Thank You --- -------- --------

There are: 5107 Atoms
Atom distribution over 24 domains: av 212 stddev 21 min 195 max 233
Center of mass motion removal mode is Linear
We have the following groups for center of mass motion removal:
  0:  rest

Started mdrun on rank 0 Fri Jul 24 11:10:38 2026

           Step           Time
              0        0.00000

   Energies (kJ/mol)
           Bond          Angle    Proper Dih. Per. Imp. Dih.          LJ-14
    5.31018e+01    2.07459e+02    1.92815e+02    8.94965e+00    1.09331e+02
     Coulomb-14        LJ (SR)  Disper. corr.   Coulomb (SR)   Coul. recip.
    7.85838e+02    1.53270e+04   -6.40082e+02   -9.52106e+04    4.29438e+02
      Potential    Kinetic En.   Total Energy  Conserved En.    Temperature
   -7.87368e+04    1.26307e+04   -6.61061e+04   -6.61031e+04    2.96183e+02
 Pres. DC (bar) Pressure (bar)   Constr. rmsd
   -2.08990e+02    2.82936e+02    2.03321e-06


DD  step 49 load imb.: force 25.5%  pme mesh/force 0.572

step 150 Turning on dynamic load balancing, because the performance loss due to load imbalance is 15.9 %.

DD  step 4999  vol min/aver 0.691  load imb.: force  6.9%  pme mesh/force 0.565
           Step           Time
           5000       10.00000

   Energies (kJ/mol)
           Bond          Angle    Proper Dih. Per. Imp. Dih.          LJ-14
    5.54233e+01    2.08081e+02    1.99705e+02    6.64177e+00    9.53939e+01
     Coulomb-14        LJ (SR)  Disper. corr.   Coulomb (SR)   Coul. recip.
    7.87338e+02    1.50920e+04   -6.37835e+02   -9.44703e+04    4.18244e+02
      Potential    Kinetic En.   Total Energy  Conserved En.    Temperature
   -7.82453e+04    1.25521e+04   -6.56932e+04   -6.61177e+04    2.94340e+02
 Pres. DC (bar) Pressure (bar)   Constr. rmsd
   -2.07528e+02   -1.43760e+02    1.56425e-06


step 8000 Turning off dynamic load balancing, because it is degrading performance.
Atom distribution over 24 domains: av 212 stddev 21 min 198 max 240

DD  step 9999 load imb.: force 31.7%  pme mesh/force 0.447
           Step           Time
          10000       20.00000

   Energies (kJ/mol)
           Bond          Angle    Proper Dih. Per. Imp. Dih.          LJ-14
    6.85792e+01    1.55177e+02    2.01390e+02    1.08793e+01    9.43727e+01
     Coulomb-14        LJ (SR)  Disper. corr.   Coulomb (SR)   Coul. recip.
    7.77491e+02    1.49417e+04   -6.37247e+02   -9.42598e+04    4.25005e+02
      Potential    Kinetic En.   Total Energy  Conserved En.    Temperature
   -7.82224e+04    1.24406e+04   -6.57818e+04   -6.61327e+04    2.91726e+02
 Pres. DC (bar) Pressure (bar)   Constr. rmsd
   -2.07145e+02   -3.92007e+02    3.45941e-06


DD  step 14999 load imb.: force 45.3%  pme mesh/force 0.235

step 15000 Turning on dynamic load balancing, because the performance loss due to load imbalance is 6.8 %.
           Step           Time
          15000       30.00000

   Energies (kJ/mol)
           Bond          Angle    Proper Dih. Per. Imp. Dih.          LJ-14
    6.17159e+01    1.82879e+02    1.95334e+02    1.12563e+01    9.32821e+01
     Coulomb-14        LJ (SR)  Disper. corr.   Coulomb (SR)   Coul. recip.
    8.16871e+02    1.59657e+04   -6.40299e+02   -9.58448e+04    3.98930e+02
      Potential    Kinetic En.   Total Energy  Conserved En.    Temperature
   -7.87592e+04    1.29945e+04   -6.57647e+04   -6.61716e+04    3.04714e+02
 Pres. DC (bar) Pressure (bar)   Constr. rmsd
   -2.09132e+02    7.15410e+02    3.88313e-06


DD  load balancing is limited by minimum cell size in dimension Y
DD  step 19999  vol min/aver 0.674! load imb.: force  8.5%  pme mesh/force 0.504
           Step           Time
          20000       40.00000

   Energies (kJ/mol)
           Bond          Angle    Proper Dih. Per. Imp. Dih.          LJ-14
    5.56184e+01    2.04846e+02    1.98117e+02    1.64340e+01    1.03028e+02
     Coulomb-14        LJ (SR)  Disper. corr.   Coulomb (SR)   Coul. recip.
    7.95587e+02    1.50266e+04   -6.36634e+02   -9.47524e+04    3.88980e+02
      Potential    Kinetic En.   Total Energy  Conserved En.    Temperature
   -7.85999e+04    1.24870e+04   -6.61129e+04   -6.61918e+04    2.92814e+02
 Pres. DC (bar) Pressure (bar)   Constr. rmsd
   -2.06748e+02   -3.17930e+02    1.82803e-06


DD  step 24999  vol min/aver 0.688  load imb.: force 13.5%  pme mesh/force 0.488
           Step           Time
          25000       50.00000

   Energies (kJ/mol)
           Bond          Angle    Proper Dih. Per. Imp. Dih.          LJ-14
    4.49644e+01    2.13593e+02    1.88747e+02    1.00461e+01    1.02607e+02
     Coulomb-14        LJ (SR)  Disper. corr.   Coulomb (SR)   Coul. recip.
    8.22850e+02    1.47193e+04   -6.35233e+02   -9.37568e+04    4.47456e+02
      Potential    Kinetic En.   Total Energy  Conserved En.    Temperature
   -7.78425e+04    1.28637e+04   -6.49788e+04   -6.62399e+04    3.01647e+02
 Pres. DC (bar) Pressure (bar)   Constr. rmsd
   -2.05840e+02   -3.74621e+02    3.60278e-06


step 27000 Turning off dynamic load balancing, because it is degrading performance.
Atom distribution over 24 domains: av 212 stddev 21 min 195 max 234

DD  step 29999 load imb.: force 36.6%  pme mesh/force 1.046
           Step           Time
          30000       60.00000

   Energies (kJ/mol)
           Bond          Angle    Proper Dih. Per. Imp. Dih.          LJ-14
    6.82674e+01    1.94870e+02    2.10647e+02    1.40030e+01    1.00628e+02
     Coulomb-14        LJ (SR)  Disper. corr.   Coulomb (SR)   Coul. recip.
    7.76368e+02    1.51898e+04   -6.36652e+02   -9.43963e+04    3.80069e+02
      Potential    Kinetic En.   Total Energy  Conserved En.    Temperature
   -7.80982e+04    1.26937e+04   -6.54045e+04   -6.62943e+04    2.97661e+02
 Pres. DC (bar) Pressure (bar)   Constr. rmsd
   -2.06759e+02    1.14887e+02    1.60486e-06


DD  step 34999 load imb.: force 26.9%  pme mesh/force 0.455

step 35000 Will no longer try dynamic load balancing, as it degraded performance.
           Step           Time
          35000       70.00000

   Energies (kJ/mol)
           Bond          Angle    Proper Dih. Per. Imp. Dih.          LJ-14
    6.93038e+01    2.07092e+02    2.05846e+02    1.11833e+01    9.24894e+01
     Coulomb-14        LJ (SR)  Disper. corr.   Coulomb (SR)   Coul. recip.
    7.88244e+02    1.54626e+04   -6.40073e+02   -9.51971e+04    4.25200e+02
      Potential    Kinetic En.   Total Energy  Conserved En.    Temperature
   -7.85752e+04    1.26794e+04   -6.58958e+04   -6.63315e+04    2.97326e+02
 Pres. DC (bar) Pressure (bar)   Constr. rmsd
   -2.08985e+02    3.35882e+02    2.36084e-06


DD  step 39999 load imb.: force 33.4%  pme mesh/force 0.422
           Step           Time
          40000       80.00000

   Energies (kJ/mol)
           Bond          Angle    Proper Dih. Per. Imp. Dih.          LJ-14
    4.68777e+01    1.98894e+02    2.06740e+02    7.21139e+00    9.71975e+01
     Coulomb-14        LJ (SR)  Disper. corr.   Coulomb (SR)   Coul. recip.
    7.93771e+02    1.49294e+04   -6.39302e+02   -9.44482e+04    4.13797e+02
      Potential    Kinetic En.   Total Energy  Conserved En.    Temperature
   -7.83935e+04    1.25673e+04   -6.58262e+04   -6.63918e+04    2.94698e+02
 Pres. DC (bar) Pressure (bar)   Constr. rmsd
   -2.08482e+02   -3.57120e+02    3.90535e-06


DD  step 44999 load imb.: force 32.7%  pme mesh/force 0.444
           Step           Time
          45000       90.00000

   Energies (kJ/mol)
           Bond          Angle    Proper Dih. Per. Imp. Dih.          LJ-14
    7.64524e+01    1.82998e+02    2.11567e+02    1.24341e+01    1.08047e+02
     Coulomb-14        LJ (SR)  Disper. corr.   Coulomb (SR)   Coul. recip.
    8.29221e+02    1.55577e+04   -6.42943e+02   -9.48491e+04    4.33619e+02
      Potential    Kinetic En.   Total Energy  Conserved En.    Temperature
   -7.80799e+04    1.27648e+04   -6.53152e+04   -6.64019e+04    2.99327e+02
 Pres. DC (bar) Pressure (bar)   Constr. rmsd
   -2.10860e+02    5.61982e+02    4.65740e-06


DD  step 49999 load imb.: force 31.6%  pme mesh/force 0.389
           Step           Time
          50000      100.00000

   Energies (kJ/mol)
           Bond          Angle    Proper Dih. Per. Imp. Dih.          LJ-14
    8.25999e+01    2.00071e+02    1.98683e+02    5.89587e+00    8.50074e+01
     Coulomb-14        LJ (SR)  Disper. corr.   Coulomb (SR)   Coul. recip.
    8.18689e+02    1.46453e+04   -6.44738e+02   -9.41023e+04    4.13330e+02
      Potential    Kinetic En.   Total Energy  Conserved En.    Temperature
   -7.82974e+04    1.30451e+04   -6.52523e+04   -6.64357e+04    3.05901e+02
 Pres. DC (bar) Pressure (bar)   Constr. rmsd
   -2.12038e+02   -5.39161e+02    2.72407e-06


DD  step 54999 load imb.: force 26.2%  pme mesh/force 0.480
           Step           Time
          55000      110.00000

   Energies (kJ/mol)
           Bond          Angle    Proper Dih. Per. Imp. Dih.          LJ-14
    7.06249e+01    1.62644e+02    2.19177e+02    1.33352e+01    9.88615e+01
     Coulomb-14        LJ (SR)  Disper. corr.   Coulomb (SR)   Coul. recip.
    8.41170e+02    1.53128e+04   -6.41883e+02   -9.47303e+04    4.41839e+02
      Potential    Kinetic En.   Total Energy  Conserved En.    Temperature
   -7.82118e+04    1.27431e+04   -6.54687e+04   -6.64835e+04    2.98818e+02
 Pres. DC (bar) Pressure (bar)   Constr. rmsd
   -2.10167e+02    2.17877e+02    1.78123e-06


DD  step 59999 load imb.: force 28.3%  pme mesh/force 0.842
           Step           Time
          60000      120.00000

   Energies (kJ/mol)
           Bond          Angle    Proper Dih. Per. Imp. Dih.          LJ-14
    7.68499e+01    1.82951e+02    2.09998e+02    1.29122e+01    8.11499e+01
     Coulomb-14        LJ (SR)  Disper. corr.   Coulomb (SR)   Coul. recip.
    7.97945e+02    1.48358e+04   -6.35913e+02   -9.40662e+04    3.85919e+02
      Potential    Kinetic En.   Total Energy  Conserved En.    Temperature
   -7.81185e+04    1.27772e+04   -6.53413e+04   -6.64968e+04    2.99619e+02
 Pres. DC (bar) Pressure (bar)   Constr. rmsd
   -2.06280e+02   -3.28723e+02    3.23569e-06


DD  step 64999 load imb.: force 32.3%  pme mesh/force 0.471
           Step           Time
          65000      130.00000

   Energies (kJ/mol)
           Bond          Angle    Proper Dih. Per. Imp. Dih.          LJ-14
    5.58146e+01    1.93886e+02    1.97267e+02    1.02313e+01    9.84962e+01
     Coulomb-14        LJ (SR)  Disper. corr.   Coulomb (SR)   Coul. recip.
    8.04996e+02    1.52279e+04   -6.37080e+02   -9.49755e+04    3.98372e+02
      Potential    Kinetic En.   Total Energy  Conserved En.    Temperature
   -7.86256e+04    1.29379e+04   -6.56877e+04   -6.65319e+04    3.03387e+02
 Pres. DC (bar) Pressure (bar)   Constr. rmsd
   -2.07037e+02   -6.22184e+01    3.53823e-06


DD  step 69999 load imb.: force 36.5%  pme mesh/force 0.500
           Step           Time
          70000      140.00000

   Energies (kJ/mol)
           Bond          Angle    Proper Dih. Per. Imp. Dih.          LJ-14
    8.21280e+01    2.12608e+02    2.16838e+02    3.72504e+00    9.62342e+01
     Coulomb-14        LJ (SR)  Disper. corr.   Coulomb (SR)   Coul. recip.
    8.05398e+02    1.54573e+04   -6.40645e+02   -9.46733e+04    4.02268e+02
      Potential    Kinetic En.   Total Energy  Conserved En.    Temperature
   -7.80375e+04    1.27446e+04   -6.52929e+04   -6.65522e+04    2.98853e+02
 Pres. DC (bar) Pressure (bar)   Constr. rmsd
   -2.09358e+02    4.12081e+02    4.35663e-06


DD  step 74999 load imb.: force 22.2%  pme mesh/force 0.610
           Step           Time
          75000      150.00000

   Energies (kJ/mol)
           Bond          Angle    Proper Dih. Per. Imp. Dih.          LJ-14
    7.69561e+01    1.72852e+02    1.85690e+02    1.30406e+00    1.20145e+02
     Coulomb-14        LJ (SR)  Disper. corr.   Coulomb (SR)   Coul. recip.
    8.09889e+02    1.48492e+04   -6.37147e+02   -9.44726e+04    4.09082e+02
      Potential    Kinetic En.   Total Energy  Conserved En.    Temperature
   -7.84846e+04    1.27902e+04   -6.56944e+04   -6.65650e+04    2.99924e+02
 Pres. DC (bar) Pressure (bar)   Constr. rmsd
   -2.07080e+02   -3.46258e+02    3.19299e-06


DD  step 79999 load imb.: force 26.8%  pme mesh/force 0.462
           Step           Time
          80000      160.00000

   Energies (kJ/mol)
           Bond          Angle    Proper Dih. Per. Imp. Dih.          LJ-14
    7.62727e+01    2.15943e+02    1.89578e+02    5.37592e+00    9.96136e+01
     Coulomb-14        LJ (SR)  Disper. corr.   Coulomb (SR)   Coul. recip.
    8.01445e+02    1.48876e+04   -6.37236e+02   -9.41321e+04    4.32148e+02
      Potential    Kinetic En.   Total Energy  Conserved En.    Temperature
   -7.80613e+04    1.26739e+04   -6.53874e+04   -6.66048e+04    2.97196e+02
 Pres. DC (bar) Pressure (bar)   Constr. rmsd
   -2.07138e+02   -1.59136e+02    5.24352e-06


DD  step 84999 load imb.: force 28.5%  pme mesh/force 0.509
           Step           Time
          85000      170.00000

   Energies (kJ/mol)
           Bond          Angle    Proper Dih. Per. Imp. Dih.          LJ-14
    5.48426e+01    2.18235e+02    2.02262e+02    4.44938e+00    1.01225e+02
     Coulomb-14        LJ (SR)  Disper. corr.   Coulomb (SR)   Coul. recip.
    7.98430e+02    1.50941e+04   -6.40938e+02   -9.41668e+04    4.63600e+02
      Potential    Kinetic En.   Total Energy  Conserved En.    Temperature
   -7.78706e+04    1.27876e+04   -6.50830e+04   -6.66564e+04    2.99863e+02
 Pres. DC (bar) Pressure (bar)   Constr. rmsd
   -2.09549e+02    1.09023e+02    1.81946e-06


DD  step 89999 load imb.: force 20.8%  pme mesh/force 0.605
           Step           Time
          90000      180.00000

   Energies (kJ/mol)
           Bond          Angle    Proper Dih. Per. Imp. Dih.          LJ-14
    7.90196e+01    2.09836e+02    1.97155e+02    6.18938e+00    9.82340e+01
     Coulomb-14        LJ (SR)  Disper. corr.   Coulomb (SR)   Coul. recip.
    8.23917e+02    1.47591e+04   -6.41057e+02   -9.42950e+04    4.15700e+02
      Potential    Kinetic En.   Total Energy  Conserved En.    Temperature
   -7.83469e+04    1.27230e+04   -6.56240e+04   -6.66739e+04    2.98347e+02
 Pres. DC (bar) Pressure (bar)   Constr. rmsd
   -2.09627e+02   -3.53495e+02    1.95544e-06


DD  step 94999 load imb.: force 27.0%  pme mesh/force 0.465
           Step           Time
          95000      190.00000

   Energies (kJ/mol)
           Bond          Angle    Proper Dih. Per. Imp. Dih.          LJ-14
    5.75565e+01    2.08455e+02    1.99569e+02    5.78694e+00    9.73411e+01
     Coulomb-14        LJ (SR)  Disper. corr.   Coulomb (SR)   Coul. recip.
    7.58956e+02    1.50917e+04   -6.43756e+02   -9.46201e+04    4.01053e+02
      Potential    Kinetic En.   Total Energy  Conserved En.    Temperature
   -7.84435e+04    1.25915e+04   -6.58519e+04   -6.66899e+04    2.95265e+02
 Pres. DC (bar) Pressure (bar)   Constr. rmsd
   -2.11394e+02    1.16305e+02    2.08852e-06


DD  step 99999 load imb.: force 30.3%  pme mesh/force 0.464
           Step           Time
         100000      200.00000

   Energies (kJ/mol)
           Bond          Angle    Proper Dih. Per. Imp. Dih.          LJ-14
    8.62713e+01    2.50320e+02    1.95986e+02    7.88381e+00    1.02017e+02
     Coulomb-14        LJ (SR)  Disper. corr.   Coulomb (SR)   Coul. recip.
    8.12065e+02    1.52694e+04   -6.46230e+02   -9.47205e+04    4.58703e+02
      Potential    Kinetic En.   Total Energy  Conserved En.    Temperature
   -7.81841e+04    1.30760e+04   -6.51081e+04   -6.67423e+04    3.06625e+02
 Pres. DC (bar) Pressure (bar)   Constr. rmsd
   -2.13020e+02    3.85107e+02    2.36306e-06


DD  step 104999 load imb.: force 31.7%  pme mesh/force 0.462
           Step           Time
         105000      210.00000

   Energies (kJ/mol)
           Bond          Angle    Proper Dih. Per. Imp. Dih.          LJ-14
    5.27046e+01    2.02913e+02    2.01839e+02    7.78689e+00    9.99701e+01
     Coulomb-14        LJ (SR)  Disper. corr.   Coulomb (SR)   Coul. recip.
    8.07015e+02    1.53290e+04   -6.40869e+02   -9.49073e+04    3.91537e+02
      Potential    Kinetic En.   Total Energy  Conserved En.    Temperature
   -7.84554e+04    1.27232e+04   -6.57322e+04   -6.67651e+04    2.98352e+02
 Pres. DC (bar) Pressure (bar)   Constr. rmsd
   -2.09504e+02    3.50466e+02    2.67042e-06


DD  step 109999 load imb.: force 33.6%  pme mesh/force 0.434
           Step           Time
         110000      220.00000

   Energies (kJ/mol)
           Bond          Angle    Proper Dih. Per. Imp. Dih.          LJ-14
    8.26276e+01    1.89711e+02    1.92257e+02    4.99315e+00    8.63941e+01
     Coulomb-14        LJ (SR)  Disper. corr.   Coulomb (SR)   Coul. recip.
    8.15756e+02    1.56937e+04   -6.45396e+02   -9.53208e+04    4.12766e+02
      Potential    Kinetic En.   Total Energy  Conserved En.    Temperature
   -7.84880e+04    1.28185e+04   -6.56695e+04   -6.67894e+04    3.00587e+02
 Pres. DC (bar) Pressure (bar)   Constr. rmsd
   -2.12471e+02    6.33699e+02    4.20753e-06


DD  step 114999 load imb.: force 31.1%  pme mesh/force 0.440
           Step           Time
         115000      230.00000

   Energies (kJ/mol)
           Bond          Angle    Proper Dih. Per. Imp. Dih.          LJ-14
    7.00901e+01    1.99911e+02    1.97188e+02    1.12261e+01    1.08653e+02
     Coulomb-14        LJ (SR)  Disper. corr.   Coulomb (SR)   Coul. recip.
    8.26330e+02    1.49877e+04   -6.42228e+02   -9.46477e+04    4.26139e+02
      Potential    Kinetic En.   Total Energy  Conserved En.    Temperature
   -7.84627e+04    1.29709e+04   -6.54918e+04   -6.68432e+04    3.04160e+02
 Pres. DC (bar) Pressure (bar)   Constr. rmsd
   -2.10393e+02   -2.23423e+02    3.92650e-06


DD  step 119999 load imb.: force 26.6%  pme mesh/force 0.459
           Step           Time
         120000      240.00000

   Energies (kJ/mol)
           Bond          Angle    Proper Dih. Per. Imp. Dih.          LJ-14
    7.22854e+01    2.09872e+02    1.84369e+02    5.16488e+00    1.04768e+02
     Coulomb-14        LJ (SR)  Disper. corr.   Coulomb (SR)   Coul. recip.
    8.14545e+02    1.49644e+04   -6.44600e+02   -9.43897e+04    4.37692e+02
      Potential    Kinetic En.   Total Energy  Conserved En.    Temperature
   -7.82412e+04    1.25981e+04   -6.56431e+04   -6.68441e+04    2.95419e+02
 Pres. DC (bar) Pressure (bar)   Constr. rmsd
   -2.11948e+02   -4.07270e+00    3.16420e-06


DD  step 124999 load imb.: force 25.5%  pme mesh/force 0.506
           Step           Time
         125000      250.00000

   Energies (kJ/mol)
           Bond          Angle    Proper Dih. Per. Imp. Dih.          LJ-14
    8.87082e+01    1.66098e+02    1.93873e+02    1.08150e+01    1.04775e+02
     Coulomb-14        LJ (SR)  Disper. corr.   Coulomb (SR)   Coul. recip.
    8.21035e+02    1.52048e+04   -6.37932e+02   -9.48322e+04    4.37043e+02
      Potential    Kinetic En.   Total Energy  Conserved En.    Temperature
   -7.84430e+04    1.24471e+04   -6.59959e+04   -6.68792e+04    2.91878e+02
 Pres. DC (bar) Pressure (bar)   Constr. rmsd
   -2.07591e+02   -1.43078e+02    3.67734e-06


DD  step 129999 load imb.: force 30.1%  pme mesh/force 0.455
           Step           Time
         130000      260.00000

   Energies (kJ/mol)
           Bond          Angle    Proper Dih. Per. Imp. Dih.          LJ-14
    7.62231e+01    2.08963e+02    1.91384e+02    1.03439e+01    9.79449e+01
     Coulomb-14        LJ (SR)  Disper. corr.   Coulomb (SR)   Coul. recip.
    7.84841e+02    1.50962e+04   -6.36121e+02   -9.41472e+04    4.37445e+02
      Potential    Kinetic En.   Total Energy  Conserved En.    Temperature
   -7.78800e+04    1.27498e+04   -6.51302e+04   -6.69061e+04    2.98976e+02
 Pres. DC (bar) Pressure (bar)   Constr. rmsd
   -2.06415e+02   -3.68391e+00    1.82167e-06


DD  step 134999 load imb.: force 28.4%  pme mesh/force 0.456
           Step           Time
         135000      270.00000

   Energies (kJ/mol)
           Bond          Angle    Proper Dih. Per. Imp. Dih.          LJ-14
    8.73303e+01    1.94684e+02    2.23877e+02    1.09020e+01    1.07427e+02
     Coulomb-14        LJ (SR)  Disper. corr.   Coulomb (SR)   Coul. recip.
    7.68153e+02    1.53245e+04   -6.39136e+02   -9.45781e+04    3.95931e+02
      Potential    Kinetic En.   Total Energy  Conserved En.    Temperature
   -7.81044e+04    1.32049e+04   -6.48995e+04   -6.69606e+04    3.09648e+02
 Pres. DC (bar) Pressure (bar)   Constr. rmsd
   -2.08374e+02    2.98087e+02    4.53114e-06


DD  step 139999 load imb.: force 26.8%  pme mesh/force 0.303
           Step           Time
         140000      280.00000

   Energies (kJ/mol)
           Bond          Angle    Proper Dih. Per. Imp. Dih.          LJ-14
    5.63077e+01    2.10004e+02    1.82496e+02    9.31218e+00    8.87099e+01
     Coulomb-14        LJ (SR)  Disper. corr.   Coulomb (SR)   Coul. recip.
    7.90499e+02    1.51654e+04   -6.41123e+02   -9.48497e+04    4.34751e+02
      Potential    Kinetic En.   Total Energy  Conserved En.    Temperature
   -7.85534e+04    1.27651e+04   -6.57882e+04   -6.69633e+04    2.99335e+02
 Pres. DC (bar) Pressure (bar)   Constr. rmsd
   -2.09670e+02   -9.99342e+01    3.03693e-06


DD  step 144999 load imb.: force 29.0%  pme mesh/force 0.469
           Step           Time
         145000      290.00000

   Energies (kJ/mol)
           Bond          Angle    Proper Dih. Per. Imp. Dih.          LJ-14
    7.09527e+01    1.75735e+02    1.94009e+02    8.01198e+00    9.62692e+01
     Coulomb-14        LJ (SR)  Disper. corr.   Coulomb (SR)   Coul. recip.
    7.90979e+02    1.52593e+04   -6.37233e+02   -9.49907e+04    4.09668e+02
      Potential    Kinetic En.   Total Energy  Conserved En.    Temperature
   -7.86230e+04    1.30164e+04   -6.56066e+04   -6.69977e+04    3.05228e+02
 Pres. DC (bar) Pressure (bar)   Constr. rmsd
   -2.07137e+02   -1.47243e+02    3.60385e-06


DD  step 149999 load imb.: force 29.1%  pme mesh/force 0.493
           Step           Time
         150000      300.00000

   Energies (kJ/mol)
           Bond          Angle    Proper Dih. Per. Imp. Dih.          LJ-14
    7.05615e+01    2.00316e+02    1.98182e+02    1.00664e+01    9.28178e+01
     Coulomb-14        LJ (SR)  Disper. corr.   Coulomb (SR)   Coul. recip.
    8.11786e+02    1.50984e+04   -6.39684e+02   -9.45346e+04    4.04852e+02
      Potential    Kinetic En.   Total Energy  Conserved En.    Temperature
   -7.82873e+04    1.31663e+04   -6.51209e+04   -6.70098e+04    3.08743e+02
 Pres. DC (bar) Pressure (bar)   Constr. rmsd
   -2.08731e+02   -5.20876e+01    3.64443e-06


DD  step 154999 load imb.: force 28.4%  pme mesh/force 0.535
           Step           Time
         155000      310.00000

   Energies (kJ/mol)
           Bond          Angle    Proper Dih. Per. Imp. Dih.          LJ-14
    5.28006e+01    1.69918e+02    1.89802e+02    3.56413e+00    1.06019e+02
     Coulomb-14        LJ (SR)  Disper. corr.   Coulomb (SR)   Coul. recip.
    8.43925e+02    1.54389e+04   -6.33894e+02   -9.53199e+04    3.76408e+02
      Potential    Kinetic En.   Total Energy  Conserved En.    Temperature
   -7.87725e+04    1.27247e+04   -6.60477e+04   -6.70409e+04    2.98388e+02
 Pres. DC (bar) Pressure (bar)   Constr. rmsd
   -2.04974e+02    7.10790e+01    2.37240e-06


DD  step 159999 load imb.: force 28.4%  pme mesh/force 0.490
           Step           Time
         160000      320.00000

   Energies (kJ/mol)
           Bond          Angle    Proper Dih. Per. Imp. Dih.          LJ-14
    1.05869e+02    1.73098e+02    1.91364e+02    1.02106e+01    9.25234e+01
     Coulomb-14        LJ (SR)  Disper. corr.   Coulomb (SR)   Coul. recip.
    7.63914e+02    1.49869e+04   -6.42913e+02   -9.46990e+04    4.10443e+02
      Potential    Kinetic En.   Total Energy  Conserved En.    Temperature
   -7.86076e+04    1.27274e+04   -6.58803e+04   -6.70795e+04    2.98450e+02
 Pres. DC (bar) Pressure (bar)   Constr. rmsd
   -2.10841e+02   -3.39912e+02    1.35691e-06


DD  step 164999 load imb.: force 29.3%  pme mesh/force 0.475
           Step           Time
         165000      330.00000

   Energies (kJ/mol)
           Bond          Angle    Proper Dih. Per. Imp. Dih.          LJ-14
    7.11719e+01    1.60090e+02    1.82509e+02    4.10883e+00    9.95877e+01
     Coulomb-14        LJ (SR)  Disper. corr.   Coulomb (SR)   Coul. recip.
    8.11955e+02    1.47000e+04   -6.36349e+02   -9.43207e+04    4.28954e+02
      Potential    Kinetic En.   Total Energy  Conserved En.    Temperature
   -7.84987e+04    1.26354e+04   -6.58633e+04   -6.71168e+04    2.96294e+02
 Pres. DC (bar) Pressure (bar)   Constr. rmsd
   -2.06563e+02   -5.94326e+02    2.86108e-06


DD  step 169999 load imb.: force 38.7%  pme mesh/force 0.410
           Step           Time
         170000      340.00000

   Energies (kJ/mol)
           Bond          Angle    Proper Dih. Per. Imp. Dih.          LJ-14
    5.64700e+01    1.65613e+02    2.08693e+02    5.47394e+00    1.05751e+02
     Coulomb-14        LJ (SR)  Disper. corr.   Coulomb (SR)   Coul. recip.
    8.14560e+02    1.50382e+04   -6.41832e+02   -9.45303e+04    4.29725e+02
      Potential    Kinetic En.   Total Energy  Conserved En.    Temperature
   -7.83477e+04    1.25270e+04   -6.58207e+04   -6.71519e+04    2.93752e+02
 Pres. DC (bar) Pressure (bar)   Constr. rmsd
   -2.10134e+02   -1.01676e+02    1.84919e-06


DD  step 174999 load imb.: force 28.2%  pme mesh/force 0.520
           Step           Time
         175000      350.00000

   Energies (kJ/mol)
           Bond          Angle    Proper Dih. Per. Imp. Dih.          LJ-14
    7.54603e+01    1.74571e+02    2.04919e+02    1.35549e+01    1.04121e+02
     Coulomb-14        LJ (SR)  Disper. corr.   Coulomb (SR)   Coul. recip.
    7.84506e+02    1.49080e+04   -6.40930e+02   -9.43384e+04    4.31512e+02
      Potential    Kinetic En.   Total Energy  Conserved En.    Temperature
   -7.82827e+04    1.29135e+04   -6.53692e+04   -6.71924e+04    3.02816e+02
 Pres. DC (bar) Pressure (bar)   Constr. rmsd
   -2.09544e+02   -1.81503e+02    2.37852e-06


DD  step 179999 load imb.: force 27.3%  pme mesh/force 0.475
           Step           Time
         180000      360.00000

   Energies (kJ/mol)
           Bond          Angle    Proper Dih. Per. Imp. Dih.          LJ-14
    6.81953e+01    1.85829e+02    1.87328e+02    4.91308e+00    9.18603e+01
     Coulomb-14        LJ (SR)  Disper. corr.   Coulomb (SR)   Coul. recip.
    8.07976e+02    1.52489e+04   -6.30836e+02   -9.46471e+04    4.40790e+02
      Potential    Kinetic En.   Total Energy  Conserved En.    Temperature
   -7.82422e+04    1.29417e+04   -6.53005e+04   -6.72423e+04    3.03477e+02
 Pres. DC (bar) Pressure (bar)   Constr. rmsd
   -2.03003e+02   -2.21689e+02    5.60971e-06


DD  step 184999 load imb.: force 28.6%  pme mesh/force 0.464
           Step           Time
         185000      370.00000

   Energies (kJ/mol)
           Bond          Angle    Proper Dih. Per. Imp. Dih.          LJ-14
    7.37919e+01    2.29994e+02    1.95363e+02    9.02264e+00    1.03978e+02
     Coulomb-14        LJ (SR)  Disper. corr.   Coulomb (SR)   Coul. recip.
    7.82918e+02    1.42442e+04   -6.34809e+02   -9.30766e+04    4.18387e+02
      Potential    Kinetic En.   Total Energy  Conserved En.    Temperature
   -7.76538e+04    1.28477e+04   -6.48061e+04   -6.72287e+04    3.01273e+02
 Pres. DC (bar) Pressure (bar)   Constr. rmsd
   -2.05566e+02   -4.86440e+02    3.83310e-06


DD  step 189999 load imb.: force 33.3%  pme mesh/force 0.478
           Step           Time
         190000      380.00000

   Energies (kJ/mol)
           Bond          Angle    Proper Dih. Per. Imp. Dih.          LJ-14
    8.42519e+01    2.01150e+02    2.12996e+02    1.12209e+01    8.75019e+01
     Coulomb-14        LJ (SR)  Disper. corr.   Coulomb (SR)   Coul. recip.
    8.00677e+02    1.51370e+04   -6.40151e+02   -9.45651e+04    4.10302e+02
      Potential    Kinetic En.   Total Energy  Conserved En.    Temperature
   -7.82602e+04    1.30897e+04   -6.51705e+04   -6.72899e+04    3.06947e+02
 Pres. DC (bar) Pressure (bar)   Constr. rmsd
   -2.09035e+02   -9.37139e+01    3.71984e-06


DD  step 194999 load imb.: force 36.8%  pme mesh/force 0.453
           Step           Time
         195000      390.00000

   Energies (kJ/mol)
           Bond          Angle    Proper Dih. Per. Imp. Dih.          LJ-14
    8.03915e+01    1.85881e+02    2.06684e+02    8.91181e+00    9.00056e+01
     Coulomb-14        LJ (SR)  Disper. corr.   Coulomb (SR)   Coul. recip.
    7.74457e+02    1.52855e+04   -6.35221e+02   -9.47141e+04    4.26879e+02
      Potential    Kinetic En.   Total Energy  Conserved En.    Temperature
   -7.82907e+04    1.28182e+04   -6.54725e+04   -6.73201e+04    3.00580e+02
 Pres. DC (bar) Pressure (bar)   Constr. rmsd
   -2.05832e+02   -1.67094e+02    2.06101e-06


DD  step 199999 load imb.: force 27.3%  pme mesh/force 0.713
           Step           Time
         200000      400.00000

   Energies (kJ/mol)
           Bond          Angle    Proper Dih. Per. Imp. Dih.          LJ-14
    8.92313e+01    1.42310e+02    1.83823e+02    4.98530e+00    9.35095e+01
     Coulomb-14        LJ (SR)  Disper. corr.   Coulomb (SR)   Coul. recip.
    7.87795e+02    1.54516e+04   -6.39320e+02   -9.52436e+04    3.92305e+02
      Potential    Kinetic En.   Total Energy  Conserved En.    Temperature
   -7.87374e+04    1.27060e+04   -6.60313e+04   -6.73744e+04    2.97950e+02
 Pres. DC (bar) Pressure (bar)   Constr. rmsd
   -2.08494e+02   -5.04043e+01    2.24939e-06


DD  step 204999 load imb.: force 31.0%  pme mesh/force 0.498
           Step           Time
         205000      410.00000

   Energies (kJ/mol)
           Bond          Angle    Proper Dih. Per. Imp. Dih.          LJ-14
    8.57562e+01    1.93824e+02    2.09792e+02    8.66515e+00    1.05063e+02
     Coulomb-14        LJ (SR)  Disper. corr.   Coulomb (SR)   Coul. recip.
    8.10508e+02    1.50999e+04   -6.36375e+02   -9.43221e+04    4.25241e+02
      Potential    Kinetic En.   Total Energy  Conserved En.    Temperature
   -7.80196e+04    1.30650e+04   -6.49547e+04   -6.73998e+04    3.06367e+02
 Pres. DC (bar) Pressure (bar)   Constr. rmsd
   -2.06580e+02    5.19022e+01    2.69245e-06


DD  step 209999 load imb.: force 35.8%  pme mesh/force 0.512
           Step           Time
         210000      420.00000

   Energies (kJ/mol)
           Bond          Angle    Proper Dih. Per. Imp. Dih.          LJ-14
    7.29525e+01    2.15429e+02    1.92394e+02    6.87453e+00    1.06289e+02
     Coulomb-14        LJ (SR)  Disper. corr.   Coulomb (SR)   Coul. recip.
    8.26735e+02    1.50643e+04   -6.42687e+02   -9.45971e+04    4.08175e+02
      Potential    Kinetic En.   Total Energy  Conserved En.    Temperature
   -7.83466e+04    1.30252e+04   -6.53214e+04   -6.74579e+04    3.05434e+02
 Pres. DC (bar) Pressure (bar)   Constr. rmsd
   -2.10693e+02   -6.38876e+01    2.48897e-06


DD  step 214999 load imb.: force 31.5%  pme mesh/force 0.433
           Step           Time
         215000      430.00000

   Energies (kJ/mol)
           Bond          Angle    Proper Dih. Per. Imp. Dih.          LJ-14
    4.88786e+01    1.72808e+02    1.99560e+02    8.15592e+00    1.15085e+02
     Coulomb-14        LJ (SR)  Disper. corr.   Coulomb (SR)   Coul. recip.
    7.97919e+02    1.56072e+04   -6.48924e+02   -9.50700e+04    4.11599e+02
      Potential    Kinetic En.   Total Energy  Conserved En.    Temperature
   -7.83578e+04    1.27240e+04   -6.56337e+04   -6.74886e+04    2.98372e+02
 Pres. DC (bar) Pressure (bar)   Constr. rmsd
   -2.14797e+02    9.49600e+02    1.72122e-06


DD  step 219999 load imb.: force 30.3%  pme mesh/force 0.461
           Step           Time
         220000      440.00000

   Energies (kJ/mol)
           Bond          Angle    Proper Dih. Per. Imp. Dih.          LJ-14
    6.46756e+01    1.67412e+02    2.06201e+02    1.07911e+01    1.04324e+02
     Coulomb-14        LJ (SR)  Disper. corr.   Coulomb (SR)   Coul. recip.
    8.04121e+02    1.52163e+04   -6.37682e+02   -9.41161e+04    4.37885e+02
      Potential    Kinetic En.   Total Energy  Conserved En.    Temperature
   -7.77421e+04    1.26016e+04   -6.51404e+04   -6.75179e+04    2.95502e+02
 Pres. DC (bar) Pressure (bar)   Constr. rmsd
   -2.07428e+02    1.88657e+02    5.99575e-06


DD  step 224999 load imb.: force 32.2%  pme mesh/force 0.458
           Step           Time
         225000      450.00000

   Energies (kJ/mol)
           Bond          Angle    Proper Dih. Per. Imp. Dih.          LJ-14
    6.84674e+01    1.74932e+02    1.99306e+02    4.70992e+00    1.04724e+02
     Coulomb-14        LJ (SR)  Disper. corr.   Coulomb (SR)   Coul. recip.
    8.08745e+02    1.50063e+04   -6.41868e+02   -9.43464e+04    3.98094e+02
      Potential    Kinetic En.   Total Energy  Conserved En.    Temperature
   -7.82230e+04    1.27869e+04   -6.54361e+04   -6.75344e+04    2.99846e+02
 Pres. DC (bar) Pressure (bar)   Constr. rmsd
   -2.10157e+02   -8.58806e+01    2.01302e-06


DD  step 229999 load imb.: force 28.3%  pme mesh/force 0.482
           Step           Time
         230000      460.00000

   Energies (kJ/mol)
           Bond          Angle    Proper Dih. Per. Imp. Dih.          LJ-14
    7.21490e+01    2.23097e+02    1.89778e+02    7.11831e+00    9.74158e+01
     Coulomb-14        LJ (SR)  Disper. corr.   Coulomb (SR)   Coul. recip.
    7.90754e+02    1.49433e+04   -6.36641e+02   -9.41787e+04    3.93175e+02
      Potential    Kinetic En.   Total Energy  Conserved En.    Temperature
   -7.80986e+04    1.27980e+04   -6.53006e+04   -6.75760e+04    3.00106e+02
 Pres. DC (bar) Pressure (bar)   Constr. rmsd
   -2.06752e+02   -9.06058e+01    1.69606e-06


DD  step 234999 load imb.: force 28.9%  pme mesh/force 0.441
           Step           Time
         235000      470.00000

   Energies (kJ/mol)
           Bond          Angle    Proper Dih. Per. Imp. Dih.          LJ-14
    4.61628e+01    1.90389e+02    2.06731e+02    7.85537e+00    1.10641e+02
     Coulomb-14        LJ (SR)  Disper. corr.   Coulomb (SR)   Coul. recip.
    7.66549e+02    1.51546e+04   -6.43735e+02   -9.41175e+04    3.69905e+02
      Potential    Kinetic En.   Total Energy  Conserved En.    Temperature
   -7.79083e+04    1.28132e+04   -6.50951e+04   -6.75921e+04    3.00463e+02
 Pres. DC (bar) Pressure (bar)   Constr. rmsd
   -2.11380e+02    3.67829e+02    3.85897e-06


DD  step 239999 load imb.: force 34.6%  pme mesh/force 0.457
           Step           Time
         240000      480.00000

   Energies (kJ/mol)
           Bond          Angle    Proper Dih. Per. Imp. Dih.          LJ-14
    6.57485e+01    1.90420e+02    1.91303e+02    7.83333e+00    9.33203e+01
     Coulomb-14        LJ (SR)  Disper. corr.   Coulomb (SR)   Coul. recip.
    8.06938e+02    1.54555e+04   -6.44733e+02   -9.55322e+04    4.15473e+02
      Potential    Kinetic En.   Total Energy  Conserved En.    Temperature
   -7.89504e+04    1.28763e+04   -6.60741e+04   -6.76537e+04    3.01943e+02
 Pres. DC (bar) Pressure (bar)   Constr. rmsd
   -2.12035e+02   -2.38684e+01    2.40954e-06


DD  step 244999 load imb.: force 28.8%  pme mesh/force 0.475
           Step           Time
         245000      490.00000

   Energies (kJ/mol)
           Bond          Angle    Proper Dih. Per. Imp. Dih.          LJ-14
    4.16494e+01    1.99248e+02    2.02712e+02    8.54839e+00    1.11957e+02
     Coulomb-14        LJ (SR)  Disper. corr.   Coulomb (SR)   Coul. recip.
    8.20342e+02    1.42948e+04   -6.36598e+02   -9.36552e+04    4.29587e+02
      Potential    Kinetic En.   Total Energy  Conserved En.    Temperature
   -7.81830e+04    1.26161e+04   -6.55669e+04   -6.76865e+04    2.95842e+02
 Pres. DC (bar) Pressure (bar)   Constr. rmsd
   -2.06724e+02   -7.80779e+02    3.67081e-06


DD  step 249999 load imb.: force 28.9%  pme mesh/force 0.565
           Step           Time
         250000      500.00000

   Energies (kJ/mol)
           Bond          Angle    Proper Dih. Per. Imp. Dih.          LJ-14
    5.80563e+01    1.51781e+02    1.98864e+02    1.04320e+01    1.08441e+02
     Coulomb-14        LJ (SR)  Disper. corr.   Coulomb (SR)   Coul. recip.
    7.92319e+02    1.48401e+04   -6.37916e+02   -9.41855e+04    4.21013e+02
      Potential    Kinetic En.   Total Energy  Conserved En.    Temperature
   -7.82424e+04    1.26857e+04   -6.55567e+04   -6.77021e+04    2.97472e+02
 Pres. DC (bar) Pressure (bar)   Constr. rmsd
   -2.07580e+02   -2.67665e+02    3.21051e-06


DD  step 254999 load imb.: force 30.5%  pme mesh/force 0.444
           Step           Time
         255000      510.00000

   Energies (kJ/mol)
           Bond          Angle    Proper Dih. Per. Imp. Dih.          LJ-14
    7.53594e+01    1.82121e+02    2.02815e+02    4.70943e+00    1.02968e+02
     Coulomb-14        LJ (SR)  Disper. corr.   Coulomb (SR)   Coul. recip.
    8.01512e+02    1.51611e+04   -6.42792e+02   -9.45163e+04    3.63703e+02
      Potential    Kinetic En.   Total Energy  Conserved En.    Temperature
   -7.82649e+04    1.28749e+04   -6.53899e+04   -6.77668e+04    3.01910e+02
 Pres. DC (bar) Pressure (bar)   Constr. rmsd
   -2.10762e+02    2.21535e+02    2.55948e-06


DD  step 259999 load imb.: force 28.7%  pme mesh/force 0.445
           Step           Time
         260000      520.00000

   Energies (kJ/mol)
           Bond          Angle    Proper Dih. Per. Imp. Dih.          LJ-14
    6.72898e+01    2.34001e+02    2.02081e+02    8.92216e+00    9.74558e+01
     Coulomb-14        LJ (SR)  Disper. corr.   Coulomb (SR)   Coul. recip.
    7.81784e+02    1.53950e+04   -6.41101e+02   -9.48975e+04    3.69800e+02
      Potential    Kinetic En.   Total Energy  Conserved En.    Temperature
   -7.83823e+04    1.29233e+04   -6.54590e+04   -6.78074e+04    3.03046e+02
 Pres. DC (bar) Pressure (bar)   Constr. rmsd
   -2.09655e+02    2.53618e+02    3.05103e-06


DD  step 264999 load imb.: force 28.8%  pme mesh/force 0.456
           Step           Time
         265000      530.00000

   Energies (kJ/mol)
           Bond          Angle    Proper Dih. Per. Imp. Dih.          LJ-14
    6.13080e+01    1.84028e+02    1.92871e+02    6.24204e+00    9.24034e+01
     Coulomb-14        LJ (SR)  Disper. corr.   Coulomb (SR)   Coul. recip.
    7.64948e+02    1.53811e+04   -6.36969e+02   -9.51116e+04    3.90957e+02
      Potential    Kinetic En.   Total Energy  Conserved En.    Temperature
   -7.86747e+04    1.24126e+04   -6.62621e+04   -6.78091e+04    2.91068e+02
 Pres. DC (bar) Pressure (bar)   Constr. rmsd
   -2.06965e+02   -2.31128e+01    2.69428e-06


DD  step 269999 load imb.: force 28.3%  pme mesh/force 0.477
           Step           Time
         270000      540.00000

   Energies (kJ/mol)
           Bond          Angle    Proper Dih. Per. Imp. Dih.          LJ-14
    7.07574e+01    2.00557e+02    1.89376e+02    6.92866e+00    8.78480e+01
     Coulomb-14        LJ (SR)  Disper. corr.   Coulomb (SR)   Coul. recip.
    7.87525e+02    1.52452e+04   -6.39636e+02   -9.47704e+04    3.96878e+02
      Potential    Kinetic En.   Total Energy  Conserved En.    Temperature
   -7.84250e+04    1.28704e+04   -6.55545e+04   -6.78431e+04    3.01805e+02
 Pres. DC (bar) Pressure (bar)   Constr. rmsd
   -2.08700e+02   -1.02649e+02    5.44732e-06


DD  step 274999 load imb.: force 31.6%  pme mesh/force 0.458
           Step           Time
         275000      550.00000

   Energies (kJ/mol)
           Bond          Angle    Proper Dih. Per. Imp. Dih.          LJ-14
    5.69904e+01    2.06577e+02    2.16204e+02    1.00258e+01    1.11268e+02
     Coulomb-14        LJ (SR)  Disper. corr.   Coulomb (SR)   Coul. recip.
    7.77589e+02    1.49160e+04   -6.38300e+02   -9.45630e+04    4.23627e+02
      Potential    Kinetic En.   Total Energy  Conserved En.    Temperature
   -7.84829e+04    1.29212e+04   -6.55618e+04   -6.78758e+04    3.02995e+02
 Pres. DC (bar) Pressure (bar)   Constr. rmsd
   -2.07830e+02   -2.54920e+02    2.25335e-06


DD  step 279999 load imb.: force 26.2%  pme mesh/force 0.474
           Step           Time
         280000      560.00000

   Energies (kJ/mol)
           Bond          Angle    Proper Dih. Per. Imp. Dih.          LJ-14
    6.16015e+01    2.18329e+02    1.89171e+02    6.45847e+00    9.78549e+01
     Coulomb-14        LJ (SR)  Disper. corr.   Coulomb (SR)   Coul. recip.
    8.08713e+02    1.48784e+04   -6.40343e+02   -9.42099e+04    4.27432e+02
      Potential    Kinetic En.   Total Energy  Conserved En.    Temperature
   -7.81623e+04    1.28239e+04   -6.53384e+04   -6.79128e+04    3.00714e+02
 Pres. DC (bar) Pressure (bar)   Constr. rmsd
   -2.09161e+02   -1.30043e+02    4.47038e-06


DD  step 284999 load imb.: force 32.6%  pme mesh/force 0.374
           Step           Time
         285000      570.00000

   Energies (kJ/mol)
           Bond          Angle    Proper Dih. Per. Imp. Dih.          LJ-14
    9.66914e+01    1.71033e+02    1.97712e+02    7.53791e+00    9.57664e+01
     Coulomb-14        LJ (SR)  Disper. corr.   Coulomb (SR)   Coul. recip.
    7.88349e+02    1.49571e+04   -6.39669e+02   -9.37945e+04    4.25597e+02
      Potential    Kinetic En.   Total Energy  Conserved En.    Temperature
   -7.76944e+04    1.26370e+04   -6.50574e+04   -6.79656e+04    2.96332e+02
 Pres. DC (bar) Pressure (bar)   Constr. rmsd
   -2.08721e+02   -1.36616e+01    3.70807e-06


DD  step 289999 load imb.: force 30.1%  pme mesh/force 0.448
           Step           Time
         290000      580.00000

   Energies (kJ/mol)
           Bond          Angle    Proper Dih. Per. Imp. Dih.          LJ-14
    6.78954e+01    1.82629e+02    1.99704e+02    1.08456e+01    1.01836e+02
     Coulomb-14        LJ (SR)  Disper. corr.   Coulomb (SR)   Coul. recip.
    8.13062e+02    1.56519e+04   -6.37675e+02   -9.55653e+04    4.25563e+02
      Potential    Kinetic En.   Total Energy  Conserved En.    Temperature
   -7.87495e+04    1.28933e+04   -6.58561e+04   -6.79996e+04    3.02342e+02
 Pres. DC (bar) Pressure (bar)   Constr. rmsd
   -2.07424e+02    3.06520e+02    3.28526e-06


DD  step 294999 load imb.: force 31.1%  pme mesh/force 0.467
           Step           Time
         295000      590.00000

   Energies (kJ/mol)
           Bond          Angle    Proper Dih. Per. Imp. Dih.          LJ-14
    8.59485e+01    1.84116e+02    1.99712e+02    3.31538e+00    1.05039e+02
     Coulomb-14        LJ (SR)  Disper. corr.   Coulomb (SR)   Coul. recip.
    8.08360e+02    1.52164e+04   -6.43512e+02   -9.45248e+04    4.53273e+02
      Potential    Kinetic En.   Total Energy  Conserved En.    Temperature
   -7.81121e+04    1.28515e+04   -6.52606e+04   -6.80259e+04    3.01361e+02
 Pres. DC (bar) Pressure (bar)   Constr. rmsd
   -2.11234e+02    1.75766e+02    2.30138e-06


DD  step 299999 load imb.: force 28.1%  pme mesh/force 0.461
           Step           Time
         300000      600.00000

   Energies (kJ/mol)
           Bond          Angle    Proper Dih. Per. Imp. Dih.          LJ-14
    9.88671e+01    2.03186e+02    1.93919e+02    3.93628e+00    1.00569e+02
     Coulomb-14        LJ (SR)  Disper. corr.   Coulomb (SR)   Coul. recip.
    7.95584e+02    1.54734e+04   -6.42193e+02   -9.47995e+04    4.03246e+02
      Potential    Kinetic En.   Total Energy  Conserved En.    Temperature
   -7.81690e+04    1.28893e+04   -6.52796e+04   -6.80538e+04    3.02248e+02
 Pres. DC (bar) Pressure (bar)   Constr. rmsd
   -2.10370e+02    5.19690e+02    2.28726e-06


DD  step 304999 load imb.: force 31.2%  pme mesh/force 0.452
           Step           Time
         305000      610.00000

   Energies (kJ/mol)
           Bond          Angle    Proper Dih. Per. Imp. Dih.          LJ-14
    5.51288e+01    1.98435e+02    2.01821e+02    4.42680e+00    1.07363e+02
     Coulomb-14        LJ (SR)  Disper. corr.   Coulomb (SR)   Coul. recip.
    8.04930e+02    1.50440e+04   -6.40710e+02   -9.47181e+04    4.54225e+02
      Potential    Kinetic En.   Total Energy  Conserved En.    Temperature
   -7.84885e+04    1.30274e+04   -6.54611e+04   -6.80805e+04    3.05487e+02
 Pres. DC (bar) Pressure (bar)   Constr. rmsd
   -2.09400e+02   -1.18078e+02    2.37150e-06


DD  step 309999 load imb.: force 29.1%  pme mesh/force 0.474
           Step           Time
         310000      620.00000

   Energies (kJ/mol)
           Bond          Angle    Proper Dih. Per. Imp. Dih.          LJ-14
    7.70825e+01    1.89906e+02    2.12561e+02    3.50620e+00    1.05981e+02
     Coulomb-14        LJ (SR)  Disper. corr.   Coulomb (SR)   Coul. recip.
    8.17494e+02    1.46732e+04   -6.39486e+02   -9.41523e+04    4.12439e+02
      Potential    Kinetic En.   Total Energy  Conserved En.    Temperature
   -7.82996e+04    1.26653e+04   -6.56343e+04   -6.80875e+04    2.96995e+02
 Pres. DC (bar) Pressure (bar)   Constr. rmsd
   -2.08602e+02   -4.35252e+02    1.93993e-06


DD  step 314999 load imb.: force 28.6%  pme mesh/force 0.449
           Step           Time
         315000      630.00000

   Energies (kJ/mol)
           Bond          Angle    Proper Dih. Per. Imp. Dih.          LJ-14
    5.57626e+01    1.96273e+02    1.95579e+02    1.00116e+01    9.08647e+01
     Coulomb-14        LJ (SR)  Disper. corr.   Coulomb (SR)   Coul. recip.
    7.84844e+02    1.57244e+04   -6.43655e+02   -9.57230e+04    4.03940e+02
      Potential    Kinetic En.   Total Energy  Conserved En.    Temperature
   -7.89050e+04    1.29955e+04   -6.59095e+04   -6.81178e+04    3.04738e+02
 Pres. DC (bar) Pressure (bar)   Constr. rmsd
   -2.11327e+02    4.14520e+02    3.92366e-06


DD  step 319999 load imb.: force 33.6%  pme mesh/force 0.383
           Step           Time
         320000      640.00000

   Energies (kJ/mol)
           Bond          Angle    Proper Dih. Per. Imp. Dih.          LJ-14
    8.47488e+01    2.14426e+02    1.88050e+02    7.18311e+00    8.70936e+01
     Coulomb-14        LJ (SR)  Disper. corr.   Coulomb (SR)   Coul. recip.
    8.23529e+02    1.47274e+04   -6.37987e+02   -9.38192e+04    4.17413e+02
      Potential    Kinetic En.   Total Energy  Conserved En.    Temperature
   -7.79073e+04    1.28730e+04   -6.50343e+04   -6.81539e+04    3.01865e+02
 Pres. DC (bar) Pressure (bar)   Constr. rmsd
   -2.07626e+02   -2.97320e+02    3.02972e-06


DD  step 324999 load imb.: force 23.7%  pme mesh/force 0.263
           Step           Time
         325000      650.00000

   Energies (kJ/mol)
           Bond          Angle    Proper Dih. Per. Imp. Dih.          LJ-14
    7.58391e+01    2.38532e+02    2.01268e+02    9.39257e+00    8.81122e+01
     Coulomb-14        LJ (SR)  Disper. corr.   Coulomb (SR)   Coul. recip.
    7.95919e+02    1.49788e+04   -6.38081e+02   -9.40038e+04    4.16150e+02
      Potential    Kinetic En.   Total Energy  Conserved En.    Temperature
   -7.78379e+04    1.26735e+04   -6.51644e+04   -6.81771e+04    2.97188e+02
 Pres. DC (bar) Pressure (bar)   Constr. rmsd
   -2.07687e+02   -3.40865e+01    2.26670e-06


DD  step 329999 load imb.: force 29.9%  pme mesh/force 0.440
           Step           Time
         330000      660.00000

   Energies (kJ/mol)
           Bond          Angle    Proper Dih. Per. Imp. Dih.          LJ-14
    6.42239e+01    2.23693e+02    1.97552e+02    1.26965e+01    1.03420e+02
     Coulomb-14        LJ (SR)  Disper. corr.   Coulomb (SR)   Coul. recip.
    7.90485e+02    1.53788e+04   -6.37376e+02   -9.50983e+04    4.10995e+02
      Potential    Kinetic En.   Total Energy  Conserved En.    Temperature
   -7.85538e+04    1.27493e+04   -6.58045e+04   -6.82124e+04    2.98966e+02
 Pres. DC (bar) Pressure (bar)   Constr. rmsd
   -2.07229e+02   -2.89423e+01    3.35408e-06


DD  step 334999 load imb.: force 33.3%  pme mesh/force 0.417
           Step           Time
         335000      670.00000

   Energies (kJ/mol)
           Bond          Angle    Proper Dih. Per. Imp. Dih.          LJ-14
    4.96809e+01    1.93249e+02    1.98522e+02    1.59690e+01    1.08239e+02
     Coulomb-14        LJ (SR)  Disper. corr.   Coulomb (SR)   Coul. recip.
    8.21949e+02    1.55358e+04   -6.38984e+02   -9.50225e+04    4.10421e+02
      Potential    Kinetic En.   Total Energy  Conserved En.    Temperature
   -7.83277e+04    1.28531e+04   -6.54746e+04   -6.82249e+04    3.01398e+02
 Pres. DC (bar) Pressure (bar)   Constr. rmsd
   -2.08275e+02    3.82800e+02    3.30694e-06


DD  step 339999 load imb.: force 38.9%  pme mesh/force 0.431
           Step           Time
         340000      680.00000

   Energies (kJ/mol)
           Bond          Angle    Proper Dih. Per. Imp. Dih.          LJ-14
    5.44683e+01    2.17917e+02    2.05301e+02    1.33171e+01    1.01074e+02
     Coulomb-14        LJ (SR)  Disper. corr.   Coulomb (SR)   Coul. recip.
    8.35040e+02    1.46636e+04   -6.39340e+02   -9.42813e+04    4.12584e+02
      Potential    Kinetic En.   Total Energy  Conserved En.    Temperature
   -7.84173e+04    1.26983e+04   -6.57190e+04   -6.82785e+04    2.97769e+02
 Pres. DC (bar) Pressure (bar)   Constr. rmsd
   -2.08507e+02   -5.67495e+02    2.10653e-06


DD  step 344999 load imb.: force 36.8%  pme mesh/force 0.424
           Step           Time
         345000      690.00000

   Energies (kJ/mol)
           Bond          Angle    Proper Dih. Per. Imp. Dih.          LJ-14
    9.27332e+01    1.73986e+02    1.99052e+02    7.48813e+00    1.11110e+02
     Coulomb-14        LJ (SR)  Disper. corr.   Coulomb (SR)   Coul. recip.
    7.72880e+02    1.47017e+04   -6.33110e+02   -9.37697e+04    4.13390e+02
      Potential    Kinetic En.   Total Energy  Conserved En.    Temperature
   -7.79305e+04    1.24421e+04   -6.54885e+04   -6.83305e+04    2.91760e+02
 Pres. DC (bar) Pressure (bar)   Constr. rmsd
   -2.04468e+02   -5.48972e+02    1.47840e-06


DD  step 349999 load imb.: force 31.5%  pme mesh/force 0.421
           Step           Time
         350000      700.00000

   Energies (kJ/mol)
           Bond          Angle    Proper Dih. Per. Imp. Dih.          LJ-14
    8.10224e+01    1.86501e+02    2.05282e+02    1.28316e+01    1.01381e+02
     Coulomb-14        LJ (SR)  Disper. corr.   Coulomb (SR)   Coul. recip.
    7.75914e+02    1.48063e+04   -6.44046e+02   -9.38477e+04    4.01357e+02
      Potential    Kinetic En.   Total Energy  Conserved En.    Temperature
   -7.79212e+04    1.31561e+04   -6.47651e+04   -6.83485e+04    3.08503e+02
 Pres. DC (bar) Pressure (bar)   Constr. rmsd
   -2.11584e+02    1.07053e+02    2.46173e-06


DD  step 354999 load imb.: force 33.5%  pme mesh/force 0.405
           Step           Time
         355000      710.00000

   Energies (kJ/mol)
           Bond          Angle    Proper Dih. Per. Imp. Dih.          LJ-14
    6.27714e+01    1.83353e+02    2.02500e+02    5.86988e+00    9.91928e+01
     Coulomb-14        LJ (SR)  Disper. corr.   Coulomb (SR)   Coul. recip.
    7.68133e+02    1.54514e+04   -6.36100e+02   -9.46719e+04    4.19349e+02
      Potential    Kinetic En.   Total Energy  Conserved En.    Temperature
   -7.81155e+04    1.27350e+04   -6.53805e+04   -6.83986e+04    2.98629e+02
 Pres. DC (bar) Pressure (bar)   Constr. rmsd
   -2.06401e+02    3.39927e+02    4.12211e-06


DD  step 359999 load imb.: force 31.0%  pme mesh/force 0.453
           Step           Time
         360000      720.00000

   Energies (kJ/mol)
           Bond          Angle    Proper Dih. Per. Imp. Dih.          LJ-14
    8.02688e+01    1.91821e+02    2.07056e+02    1.26975e+01    1.06565e+02
     Coulomb-14        LJ (SR)  Disper. corr.   Coulomb (SR)   Coul. recip.
    8.07803e+02    1.50525e+04   -6.40540e+02   -9.39947e+04    4.51478e+02
      Potential    Kinetic En.   Total Energy  Conserved En.    Temperature
   -7.77250e+04    1.28375e+04   -6.48876e+04   -6.84340e+04    3.01032e+02
 Pres. DC (bar) Pressure (bar)   Constr. rmsd
   -2.09290e+02    1.97564e+02    3.75333e-06


DD  step 364999 load imb.: force 27.5%  pme mesh/force 0.450
           Step           Time
         365000      730.00000

   Energies (kJ/mol)
           Bond          Angle    Proper Dih. Per. Imp. Dih.          LJ-14
    7.16302e+01    1.84813e+02    2.03836e+02    5.94003e+00    9.84191e+01
     Coulomb-14        LJ (SR)  Disper. corr.   Coulomb (SR)   Coul. recip.
    8.26641e+02    1.50673e+04   -6.36155e+02   -9.46595e+04    3.99329e+02
      Potential    Kinetic En.   Total Energy  Conserved En.    Temperature
   -7.84377e+04    1.29247e+04   -6.55130e+04   -6.84456e+04    3.03078e+02
 Pres. DC (bar) Pressure (bar)   Constr. rmsd
   -2.06437e+02   -1.82065e+02    3.49759e-06


DD  step 369999 load imb.: force 27.0%  pme mesh/force 0.452
           Step           Time
         370000      740.00000

   Energies (kJ/mol)
           Bond          Angle    Proper Dih. Per. Imp. Dih.          LJ-14
    6.05113e+01    1.86896e+02    1.95028e+02    5.68991e+00    9.68692e+01
     Coulomb-14        LJ (SR)  Disper. corr.   Coulomb (SR)   Coul. recip.
    8.00844e+02    1.55174e+04   -6.44839e+02   -9.48574e+04    3.87746e+02
      Potential    Kinetic En.   Total Energy  Conserved En.    Temperature
   -7.82512e+04    1.29134e+04   -6.53378e+04   -6.85247e+04    3.02813e+02
 Pres. DC (bar) Pressure (bar)   Constr. rmsd
   -2.12105e+02    4.74505e+02    2.33999e-06


DD  step 374999 load imb.: force 29.5%  pme mesh/force 0.448
           Step           Time
         375000      750.00000

   Energies (kJ/mol)
           Bond          Angle    Proper Dih. Per. Imp. Dih.          LJ-14
    1.14766e+02    1.94149e+02    2.08290e+02    6.56278e+00    8.84585e+01
     Coulomb-14        LJ (SR)  Disper. corr.   Coulomb (SR)   Coul. recip.
    7.87045e+02    1.49802e+04   -6.45056e+02   -9.45553e+04    4.12479e+02
      Potential    Kinetic En.   Total Energy  Conserved En.    Temperature
   -7.84084e+04    1.29890e+04   -6.54193e+04   -6.85689e+04    3.04586e+02
 Pres. DC (bar) Pressure (bar)   Constr. rmsd
   -2.12248e+02   -2.89748e+02    2.17621e-06


DD  step 379999 load imb.: force 30.0%  pme mesh/force 0.462
           Step           Time
         380000      760.00000

   Energies (kJ/mol)
           Bond          Angle    Proper Dih. Per. Imp. Dih.          LJ-14
    7.13146e+01    1.59126e+02    1.98606e+02    1.17717e+01    1.15473e+02
     Coulomb-14        LJ (SR)  Disper. corr.   Coulomb (SR)   Coul. recip.
    7.92620e+02    1.49738e+04   -6.42714e+02   -9.43227e+04    3.87037e+02
      Potential    Kinetic En.   Total Energy  Conserved En.    Temperature
   -7.82557e+04    1.28327e+04   -6.54230e+04   -6.85916e+04    3.00919e+02
 Pres. DC (bar) Pressure (bar)   Constr. rmsd
   -2.10711e+02   -3.42987e+00    3.98906e-06


DD  step 384999 load imb.: force 32.2%  pme mesh/force 0.438
           Step           Time
         385000      770.00000

   Energies (kJ/mol)
           Bond          Angle    Proper Dih. Per. Imp. Dih.          LJ-14
    7.75061e+01    1.66081e+02    2.09541e+02    1.21775e+01    9.98280e+01
     Coulomb-14        LJ (SR)  Disper. corr.   Coulomb (SR)   Coul. recip.
    8.07628e+02    1.47754e+04   -6.37482e+02   -9.39053e+04    4.31247e+02
      Potential    Kinetic En.   Total Energy  Conserved En.    Temperature
   -7.79634e+04    1.25956e+04   -6.53678e+04   -6.86359e+04    2.95361e+02
 Pres. DC (bar) Pressure (bar)   Constr. rmsd
   -2.07298e+02   -1.41848e+02    2.92179e-06


DD  step 389999 load imb.: force 35.2%  pme mesh/force 0.394
           Step           Time
         390000      780.00000

   Energies (kJ/mol)
           Bond          Angle    Proper Dih. Per. Imp. Dih.          LJ-14
    5.82492e+01    2.05147e+02    2.02193e+02    7.12090e+00    8.92806e+01
     Coulomb-14        LJ (SR)  Disper. corr.   Coulomb (SR)   Coul. recip.
    8.13538e+02    1.55858e+04   -6.38331e+02   -9.53932e+04    4.15788e+02
      Potential    Kinetic En.   Total Energy  Conserved En.    Temperature
   -7.86544e+04    1.24144e+04   -6.62400e+04   -6.86742e+04    2.91111e+02
 Pres. DC (bar) Pressure (bar)   Constr. rmsd
   -2.07850e+02    2.34144e+02    1.63541e-06


DD  step 394999 load imb.: force 30.3%  pme mesh/force 0.454
           Step           Time
         395000      790.00000

   Energies (kJ/mol)
           Bond          Angle    Proper Dih. Per. Imp. Dih.          LJ-14
    5.02914e+01    1.68484e+02    1.95363e+02    7.18917e+00    1.07816e+02
     Coulomb-14        LJ (SR)  Disper. corr.   Coulomb (SR)   Coul. recip.
    8.19433e+02    1.57828e+04   -6.40486e+02   -9.54455e+04    4.10492e+02
      Potential    Kinetic En.   Total Energy  Conserved En.    Temperature
   -7.85441e+04    1.28956e+04   -6.56484e+04   -6.87033e+04    3.02395e+02
 Pres. DC (bar) Pressure (bar)   Constr. rmsd
   -2.09254e+02    6.96255e+02    3.15850e-06


DD  step 399999 load imb.: force 35.6%  pme mesh/force 0.435
           Step           Time
         400000      800.00000

   Energies (kJ/mol)
           Bond          Angle    Proper Dih. Per. Imp. Dih.          LJ-14
    8.94263e+01    1.92191e+02    1.88087e+02    9.92676e+00    1.01656e+02
     Coulomb-14        LJ (SR)  Disper. corr.   Coulomb (SR)   Coul. recip.
    8.13991e+02    1.50275e+04   -6.40274e+02   -9.46704e+04    3.99451e+02
      Potential    Kinetic En.   Total Energy  Conserved En.    Temperature
   -7.84884e+04    1.26479e+04   -6.58405e+04   -6.87059e+04    2.96587e+02
 Pres. DC (bar) Pressure (bar)   Constr. rmsd
   -2.09116e+02   -2.61856e+02    2.42742e-06


DD  step 404999 load imb.: force 29.7%  pme mesh/force 0.426
           Step           Time
         405000      810.00000

   Energies (kJ/mol)
           Bond          Angle    Proper Dih. Per. Imp. Dih.          LJ-14
    7.94369e+01    1.72182e+02    1.96348e+02    6.39820e+00    1.16559e+02
     Coulomb-14        LJ (SR)  Disper. corr.   Coulomb (SR)   Coul. recip.
    8.11427e+02    1.51119e+04   -6.38022e+02   -9.42390e+04    4.38529e+02
      Potential    Kinetic En.   Total Energy  Conserved En.    Temperature
   -7.79443e+04    1.28313e+04   -6.51130e+04   -6.87574e+04    3.00887e+02
 Pres. DC (bar) Pressure (bar)   Constr. rmsd
   -2.07649e+02    3.03212e+02    2.64372e-06


DD  step 409999 load imb.: force 28.9%  pme mesh/force 0.425
           Step           Time
         410000      820.00000

   Energies (kJ/mol)
           Bond          Angle    Proper Dih. Per. Imp. Dih.          LJ-14
    6.72017e+01    1.86015e+02    1.94689e+02    9.62595e+00    1.09501e+02
     Coulomb-14        LJ (SR)  Disper. corr.   Coulomb (SR)   Coul. recip.
    8.00018e+02    1.51963e+04   -6.46699e+02   -9.44267e+04    3.89956e+02
      Potential    Kinetic En.   Total Energy  Conserved En.    Temperature
   -7.81201e+04    1.29147e+04   -6.52054e+04   -6.87669e+04    3.02843e+02
 Pres. DC (bar) Pressure (bar)   Constr. rmsd
   -2.13329e+02    4.58922e+02    2.42816e-06


DD  step 414999 load imb.: force 36.5%  pme mesh/force 0.435
           Step           Time
         415000      830.00000

   Energies (kJ/mol)
           Bond          Angle    Proper Dih. Per. Imp. Dih.          LJ-14
    8.17067e+01    1.67224e+02    1.87565e+02    4.05978e+00    1.03995e+02
     Coulomb-14        LJ (SR)  Disper. corr.   Coulomb (SR)   Coul. recip.
    8.11772e+02    1.48254e+04   -6.40463e+02   -9.45680e+04    3.98474e+02
      Potential    Kinetic En.   Total Energy  Conserved En.    Temperature
   -7.86282e+04    1.28732e+04   -6.57550e+04   -6.88235e+04    3.01870e+02
 Pres. DC (bar) Pressure (bar)   Constr. rmsd
   -2.09239e+02   -4.45317e+02    2.15821e-06


DD  step 419999 load imb.: force 41.5%  pme mesh/force 0.405
           Step           Time
         420000      840.00000

   Energies (kJ/mol)
           Bond          Angle    Proper Dih. Per. Imp. Dih.          LJ-14
    6.59152e+01    1.93385e+02    2.21860e+02    1.09834e+01    9.89707e+01
     Coulomb-14        LJ (SR)  Disper. corr.   Coulomb (SR)   Coul. recip.
    7.95005e+02    1.48731e+04   -6.33731e+02   -9.44437e+04    4.28223e+02
      Potential    Kinetic En.   Total Energy  Conserved En.    Temperature
   -7.83900e+04    1.31605e+04   -6.52295e+04   -6.88535e+04    3.08607e+02
 Pres. DC (bar) Pressure (bar)   Constr. rmsd
   -2.04869e+02   -5.19523e+02    2.13553e-06


DD  step 424999 load imb.: force 27.6%  pme mesh/force 0.527
           Step           Time
         425000      850.00000

   Energies (kJ/mol)
           Bond          Angle    Proper Dih. Per. Imp. Dih.          LJ-14
    6.51093e+01    2.12977e+02    2.05565e+02    1.01737e+01    9.83643e+01
     Coulomb-14        LJ (SR)  Disper. corr.   Coulomb (SR)   Coul. recip.
    8.07639e+02    1.49152e+04   -6.44359e+02   -9.45106e+04    4.19002e+02
      Potential    Kinetic En.   Total Energy  Conserved En.    Temperature
   -7.84209e+04    1.32184e+04   -6.52025e+04   -6.89104e+04    3.09964e+02
 Pres. DC (bar) Pressure (bar)   Constr. rmsd
   -2.11789e+02   -8.47015e+01    2.66379e-06


DD  step 429999 load imb.: force 30.1%  pme mesh/force 0.421
           Step           Time
         430000      860.00000

   Energies (kJ/mol)
           Bond          Angle    Proper Dih. Per. Imp. Dih.          LJ-14
    5.82495e+01    1.74786e+02    1.92351e+02    5.05887e+00    1.16760e+02
     Coulomb-14        LJ (SR)  Disper. corr.   Coulomb (SR)   Coul. recip.
    8.18592e+02    1.50608e+04   -6.43364e+02   -9.46553e+04    3.71630e+02
      Potential    Kinetic En.   Total Energy  Conserved En.    Temperature
   -7.85004e+04    1.29842e+04   -6.55162e+04   -6.89369e+04    3.04472e+02
 Pres. DC (bar) Pressure (bar)   Constr. rmsd
   -2.11137e+02    3.92470e+01    3.05177e-06


DD  step 434999 load imb.: force 35.4%  pme mesh/force 0.429
           Step           Time
         435000      870.00000

   Energies (kJ/mol)
           Bond          Angle    Proper Dih. Per. Imp. Dih.          LJ-14
    9.04538e+01    2.06663e+02    2.09819e+02    7.50453e+00    9.68732e+01
     Coulomb-14        LJ (SR)  Disper. corr.   Coulomb (SR)   Coul. recip.
    7.94734e+02    1.50634e+04   -6.41741e+02   -9.43808e+04    4.05600e+02
      Potential    Kinetic En.   Total Energy  Conserved En.    Temperature
   -7.81475e+04    1.30784e+04   -6.50691e+04   -6.89434e+04    3.06683e+02
 Pres. DC (bar) Pressure (bar)   Constr. rmsd
   -2.10074e+02    6.52911e+01    5.76617e-06


DD  step 439999 load imb.: force 32.3%  pme mesh/force 0.441
           Step           Time
         440000      880.00000

   Energies (kJ/mol)
           Bond          Angle    Proper Dih. Per. Imp. Dih.          LJ-14
    6.71068e+01    1.50539e+02    1.92693e+02    1.63254e+01    1.12308e+02
     Coulomb-14        LJ (SR)  Disper. corr.   Coulomb (SR)   Coul. recip.
    8.16581e+02    1.49739e+04   -6.41056e+02   -9.48543e+04    4.25300e+02
      Potential    Kinetic En.   Total Energy  Conserved En.    Temperature
   -7.87406e+04    1.26068e+04   -6.61338e+04   -6.89923e+04    2.95623e+02
 Pres. DC (bar) Pressure (bar)   Constr. rmsd
   -2.09626e+02   -6.72584e+01    2.56659e-06


DD  step 444999 load imb.: force 33.0%  pme mesh/force 0.459
           Step           Time
         445000      890.00000

   Energies (kJ/mol)
           Bond          Angle    Proper Dih. Per. Imp. Dih.          LJ-14
    6.17124e+01    2.07532e+02    1.96935e+02    1.43565e+01    9.96946e+01
     Coulomb-14        LJ (SR)  Disper. corr.   Coulomb (SR)   Coul. recip.
    7.79175e+02    1.50920e+04   -6.41452e+02   -9.45475e+04    4.03007e+02
      Potential    Kinetic En.   Total Energy  Conserved En.    Temperature
   -7.83346e+04    1.26727e+04   -6.56619e+04   -6.90429e+04    2.97168e+02
 Pres. DC (bar) Pressure (bar)   Constr. rmsd
   -2.09885e+02   -6.15979e+01    2.33107e-06


DD  step 449999 load imb.: force 28.4%  pme mesh/force 0.409
           Step           Time
         450000      900.00000

   Energies (kJ/mol)
           Bond          Angle    Proper Dih. Per. Imp. Dih.          LJ-14
    4.99401e+01    1.70693e+02    1.99798e+02    1.24979e+01    9.90023e+01
     Coulomb-14        LJ (SR)  Disper. corr.   Coulomb (SR)   Coul. recip.
    8.33355e+02    1.53601e+04   -6.38186e+02   -9.44314e+04    4.34690e+02
      Potential    Kinetic En.   Total Energy  Conserved En.    Temperature
   -7.79095e+04    1.28878e+04   -6.50217e+04   -6.90620e+04    3.02211e+02
 Pres. DC (bar) Pressure (bar)   Constr. rmsd
   -2.07755e+02    4.29713e+02    2.49948e-06


DD  step 454999 load imb.: force 40.9%  pme mesh/force 0.453
           Step           Time
         455000      910.00000

   Energies (kJ/mol)
           Bond          Angle    Proper Dih. Per. Imp. Dih.          LJ-14
    7.15817e+01    1.82953e+02    2.18517e+02    1.45574e+01    9.62534e+01
     Coulomb-14        LJ (SR)  Disper. corr.   Coulomb (SR)   Coul. recip.
    7.96594e+02    1.51766e+04   -6.41045e+02   -9.46398e+04    4.35522e+02
      Potential    Kinetic En.   Total Energy  Conserved En.    Temperature
   -7.82883e+04    1.27802e+04   -6.55081e+04   -6.91067e+04    2.99689e+02
 Pres. DC (bar) Pressure (bar)   Constr. rmsd
   -2.09619e+02   -1.62174e+02    2.44470e-06


DD  step 459999 load imb.: force 36.2%  pme mesh/force 0.488
           Step           Time
         460000      920.00000

   Energies (kJ/mol)
           Bond          Angle    Proper Dih. Per. Imp. Dih.          LJ-14
    5.53655e+01    1.97789e+02    2.07660e+02    5.43569e+00    1.06205e+02
     Coulomb-14        LJ (SR)  Disper. corr.   Coulomb (SR)   Coul. recip.
    8.13100e+02    1.51783e+04   -6.40713e+02   -9.47917e+04    4.25022e+02
      Potential    Kinetic En.   Total Energy  Conserved En.    Temperature
   -7.84436e+04    1.25546e+04   -6.58890e+04   -6.91108e+04    2.94398e+02
 Pres. DC (bar) Pressure (bar)   Constr. rmsd
   -2.09402e+02    2.93965e+00    3.58673e-06


DD  step 464999 load imb.: force 33.6%  pme mesh/force 0.459
           Step           Time
         465000      930.00000

   Energies (kJ/mol)
           Bond          Angle    Proper Dih. Per. Imp. Dih.          LJ-14
    6.05004e+01    1.91500e+02    1.88686e+02    7.16156e+00    1.05322e+02
     Coulomb-14        LJ (SR)  Disper. corr.   Coulomb (SR)   Coul. recip.
    7.72710e+02    1.52839e+04   -6.39807e+02   -9.47622e+04    4.24724e+02
      Potential    Kinetic En.   Total Energy  Conserved En.    Temperature
   -7.83675e+04    1.23134e+04   -6.60541e+04   -6.91466e+04    2.88743e+02
 Pres. DC (bar) Pressure (bar)   Constr. rmsd
   -2.08811e+02    8.89788e+01    2.16641e-06


DD  step 469999 load imb.: force 31.8%  pme mesh/force 0.431
           Step           Time
         470000      940.00000

   Energies (kJ/mol)
           Bond          Angle    Proper Dih. Per. Imp. Dih.          LJ-14
    5.95761e+01    1.67650e+02    2.20183e+02    1.02062e+01    1.03883e+02
     Coulomb-14        LJ (SR)  Disper. corr.   Coulomb (SR)   Coul. recip.
    8.19535e+02    1.51521e+04   -6.45595e+02   -9.46632e+04    3.97391e+02
      Potential    Kinetic En.   Total Energy  Conserved En.    Temperature
   -7.83782e+04    1.28045e+04   -6.55737e+04   -6.92059e+04    3.00259e+02
 Pres. DC (bar) Pressure (bar)   Constr. rmsd
   -2.12602e+02    1.04195e+02    1.72145e-06


DD  step 474999 load imb.: force 41.1%  pme mesh/force 0.411
           Step           Time
         475000      950.00000

   Energies (kJ/mol)
           Bond          Angle    Proper Dih. Per. Imp. Dih.          LJ-14
    4.90728e+01    1.83524e+02    2.01183e+02    6.09137e+00    9.69130e+01
     Coulomb-14        LJ (SR)  Disper. corr.   Coulomb (SR)   Coul. recip.
    8.16816e+02    1.49290e+04   -6.45271e+02   -9.46041e+04    4.04812e+02
      Potential    Kinetic En.   Total Energy  Conserved En.    Temperature
   -7.85619e+04    1.28578e+04   -6.57040e+04   -6.91948e+04    3.01510e+02
 Pres. DC (bar) Pressure (bar)   Constr. rmsd
   -2.12389e+02   -7.86500e+01    2.64018e-06


DD  step 479999 load imb.: force 37.2%  pme mesh/force 0.431
           Step           Time
         480000      960.00000

   Energies (kJ/mol)
           Bond          Angle    Proper Dih. Per. Imp. Dih.          LJ-14
    5.69744e+01    2.41262e+02    1.92240e+02    4.91329e+00    1.05348e+02
     Coulomb-14        LJ (SR)  Disper. corr.   Coulomb (SR)   Coul. recip.
    8.10312e+02    1.53976e+04   -6.45779e+02   -9.47628e+04    4.02289e+02
      Potential    Kinetic En.   Total Energy  Conserved En.    Temperature
   -7.81977e+04    1.30907e+04   -6.51069e+04   -6.92425e+04    3.06971e+02
 Pres. DC (bar) Pressure (bar)   Constr. rmsd
   -2.12723e+02    5.55926e+02    2.41776e-06


DD  step 484999 load imb.: force 38.9%  pme mesh/force 0.409
           Step           Time
         485000      970.00000

   Energies (kJ/mol)
           Bond          Angle    Proper Dih. Per. Imp. Dih.          LJ-14
    9.87744e+01    1.57972e+02    2.13824e+02    6.92765e+00    1.02445e+02
     Coulomb-14        LJ (SR)  Disper. corr.   Coulomb (SR)   Coul. recip.
    8.15128e+02    1.53378e+04   -6.46582e+02   -9.45815e+04    4.18984e+02
      Potential    Kinetic En.   Total Energy  Conserved En.    Temperature
   -7.80762e+04    1.27002e+04   -6.53760e+04   -6.92654e+04    2.97814e+02
 Pres. DC (bar) Pressure (bar)   Constr. rmsd
   -2.13251e+02    4.40606e+02    1.79244e-06


DD  step 489999 load imb.: force 31.3%  pme mesh/force 0.433
           Step           Time
         490000      980.00000

   Energies (kJ/mol)
           Bond          Angle    Proper Dih. Per. Imp. Dih.          LJ-14
    4.20267e+01    1.64784e+02    2.11669e+02    1.20446e+01    1.11579e+02
     Coulomb-14        LJ (SR)  Disper. corr.   Coulomb (SR)   Coul. recip.
    8.20141e+02    1.53901e+04   -6.45526e+02   -9.51114e+04    4.05164e+02
      Potential    Kinetic En.   Total Energy  Conserved En.    Temperature
   -7.85994e+04    1.25933e+04   -6.60061e+04   -6.92812e+04    2.95306e+02
 Pres. DC (bar) Pressure (bar)   Constr. rmsd
   -2.12556e+02    5.01535e+02    3.57658e-06


DD  step 494999 load imb.: force 39.3%  pme mesh/force 0.428
           Step           Time
         495000      990.00000

   Energies (kJ/mol)
           Bond          Angle    Proper Dih. Per. Imp. Dih.          LJ-14
    6.60249e+01    2.04944e+02    1.99982e+02    6.38588e+00    9.24924e+01
     Coulomb-14        LJ (SR)  Disper. corr.   Coulomb (SR)   Coul. recip.
    7.98711e+02    1.54923e+04   -6.44115e+02   -9.53299e+04    3.88150e+02
      Potential    Kinetic En.   Total Energy  Conserved En.    Temperature
   -7.87250e+04    1.25039e+04   -6.62212e+04   -6.93204e+04    2.93209e+02
 Pres. DC (bar) Pressure (bar)   Constr. rmsd
   -2.11629e+02    1.86699e+02    1.76577e-06


DD  step 499999 load imb.: force 41.0%  pme mesh/force 0.431
           Step           Time
         500000     1000.00000

   Energies (kJ/mol)
           Bond          Angle    Proper Dih. Per. Imp. Dih.          LJ-14
    6.15064e+01    1.73463e+02    1.87410e+02    6.47120e+00    1.01845e+02
     Coulomb-14        LJ (SR)  Disper. corr.   Coulomb (SR)   Coul. recip.
    8.16689e+02    1.52042e+04   -6.41309e+02   -9.50180e+04    4.43358e+02
      Potential    Kinetic En.   Total Energy  Conserved En.    Temperature
   -7.86644e+04    1.29738e+04   -6.56906e+04   -6.93732e+04    3.04228e+02
 Pres. DC (bar) Pressure (bar)   Constr. rmsd
   -2.09791e+02   -3.06514e+01    2.31966e-06


DD  step 504999 load imb.: force 35.6%  pme mesh/force 0.427
           Step           Time
         505000     1010.00000

   Energies (kJ/mol)
           Bond          Angle    Proper Dih. Per. Imp. Dih.          LJ-14
    5.68084e+01    1.57993e+02    2.00052e+02    5.50814e+00    9.10486e+01
     Coulomb-14        LJ (SR)  Disper. corr.   Coulomb (SR)   Coul. recip.
    8.07661e+02    1.49702e+04   -6.38167e+02   -9.48246e+04    4.00571e+02
      Potential    Kinetic En.   Total Energy  Conserved En.    Temperature
   -7.87729e+04    1.28039e+04   -6.59691e+04   -6.94008e+04    3.00244e+02
 Pres. DC (bar) Pressure (bar)   Constr. rmsd
   -2.07744e+02   -4.56828e+02    2.89701e-06


DD  step 509999 load imb.: force 39.2%  pme mesh/force 0.415
           Step           Time
         510000     1020.00000

   Energies (kJ/mol)
           Bond          Angle    Proper Dih. Per. Imp. Dih.          LJ-14
    5.89165e+01    1.71578e+02    1.96434e+02    8.37806e+00    9.61788e+01
     Coulomb-14        LJ (SR)  Disper. corr.   Coulomb (SR)   Coul. recip.
    8.00127e+02    1.48077e+04   -6.46019e+02   -9.45722e+04    4.20507e+02
      Potential    Kinetic En.   Total Energy  Conserved En.    Temperature
   -7.86584e+04    1.23394e+04   -6.63190e+04   -6.94220e+04    2.89352e+02
 Pres. DC (bar) Pressure (bar)   Constr. rmsd
   -2.12881e+02   -4.36739e+02    2.26976e-06


DD  step 514999 load imb.: force 38.3%  pme mesh/force 0.407
           Step           Time
         515000     1030.00000

   Energies (kJ/mol)
           Bond          Angle    Proper Dih. Per. Imp. Dih.          LJ-14
    7.95243e+01    1.76715e+02    1.82146e+02    2.48754e+00    9.42011e+01
     Coulomb-14        LJ (SR)  Disper. corr.   Coulomb (SR)   Coul. recip.
    8.02449e+02    1.53257e+04   -6.35265e+02   -9.48239e+04    4.20963e+02
      Potential    Kinetic En.   Total Energy  Conserved En.    Temperature
   -7.83750e+04    1.26937e+04   -6.56813e+04   -6.94626e+04    2.97661e+02
 Pres. DC (bar) Pressure (bar)   Constr. rmsd
   -2.05860e+02   -6.41941e+01    3.44845e-06


DD  step 519999 load imb.: force 35.4%  pme mesh/force 0.405
           Step           Time
         520000     1040.00000

   Energies (kJ/mol)
           Bond          Angle    Proper Dih. Per. Imp. Dih.          LJ-14
    9.07862e+01    1.91111e+02    1.96396e+02    8.50120e+00    8.64447e+01
     Coulomb-14        LJ (SR)  Disper. corr.   Coulomb (SR)   Coul. recip.
    7.94150e+02    1.49051e+04   -6.34667e+02   -9.41162e+04    4.27107e+02
      Potential    Kinetic En.   Total Energy  Conserved En.    Temperature
   -7.80513e+04    1.27408e+04   -6.53105e+04   -6.94888e+04    2.98765e+02
 Pres. DC (bar) Pressure (bar)   Constr. rmsd
   -2.05473e+02   -4.07019e+02    4.15237e-06


DD  step 524999 load imb.: force 37.3%  pme mesh/force 0.406
           Step           Time
         525000     1050.00000

   Energies (kJ/mol)
           Bond          Angle    Proper Dih. Per. Imp. Dih.          LJ-14
    5.93152e+01    1.99575e+02    1.95618e+02    9.08054e+00    9.60604e+01
     Coulomb-14        LJ (SR)  Disper. corr.   Coulomb (SR)   Coul. recip.
    8.23976e+02    1.51587e+04   -6.43005e+02   -9.46760e+04    4.42608e+02
      Potential    Kinetic En.   Total Energy  Conserved En.    Temperature
   -7.83341e+04    1.30072e+04   -6.53269e+04   -6.95282e+04    3.05013e+02
 Pres. DC (bar) Pressure (bar)   Constr. rmsd
   -2.10902e+02    7.09972e+01    3.22685e-06


DD  step 529999 load imb.: force 37.8%  pme mesh/force 0.414
           Step           Time
         530000     1060.00000

   Energies (kJ/mol)
           Bond          Angle    Proper Dih. Per. Imp. Dih.          LJ-14
    5.69935e+01    2.08032e+02    1.80209e+02    4.26700e+00    9.76011e+01
     Coulomb-14        LJ (SR)  Disper. corr.   Coulomb (SR)   Coul. recip.
    8.11145e+02    1.49331e+04   -6.38281e+02   -9.40654e+04    4.11089e+02
      Potential    Kinetic En.   Total Energy  Conserved En.    Temperature
   -7.80012e+04    1.28293e+04   -6.51719e+04   -6.95659e+04    3.00841e+02
 Pres. DC (bar) Pressure (bar)   Constr. rmsd
   -2.07818e+02    2.95172e+01    4.66035e-06


DD  step 534999 load imb.: force 35.8%  pme mesh/force 0.403
           Step           Time
         535000     1070.00000

   Energies (kJ/mol)
           Bond          Angle    Proper Dih. Per. Imp. Dih.          LJ-14
    6.23958e+01    1.74017e+02    2.21248e+02    1.43747e+01    9.61188e+01
     Coulomb-14        LJ (SR)  Disper. corr.   Coulomb (SR)   Coul. recip.
    8.01069e+02    1.50041e+04   -6.42824e+02   -9.42283e+04    4.23519e+02
      Potential    Kinetic En.   Total Energy  Conserved En.    Temperature
   -7.80743e+04    1.28700e+04   -6.52043e+04   -6.95775e+04    3.01794e+02
 Pres. DC (bar) Pressure (bar)   Constr. rmsd
   -2.10783e+02    8.00588e+01    2.52815e-06


DD  step 539999 load imb.: force 32.5%  pme mesh/force 0.423
           Step           Time
         540000     1080.00000

   Energies (kJ/mol)
           Bond          Angle    Proper Dih. Per. Imp. Dih.          LJ-14
    7.75737e+01    2.23302e+02    1.98137e+02    6.25280e+00    9.58837e+01
     Coulomb-14        LJ (SR)  Disper. corr.   Coulomb (SR)   Coul. recip.
    8.09017e+02    1.56535e+04   -6.40209e+02   -9.50782e+04    4.21067e+02
      Potential    Kinetic En.   Total Energy  Conserved En.    Temperature
   -7.82337e+04    1.30881e+04   -6.51456e+04   -6.96171e+04    3.06908e+02
 Pres. DC (bar) Pressure (bar)   Constr. rmsd
   -2.09073e+02    4.75583e+02    2.26244e-06


DD  step 544999 load imb.: force 31.7%  pme mesh/force 0.415
           Step           Time
         545000     1090.00000

   Energies (kJ/mol)
           Bond          Angle    Proper Dih. Per. Imp. Dih.          LJ-14
    7.58088e+01    1.74093e+02    1.91318e+02    6.06637e+00    9.99003e+01
     Coulomb-14        LJ (SR)  Disper. corr.   Coulomb (SR)   Coul. recip.
    8.05247e+02    1.57975e+04   -6.37888e+02   -9.54414e+04    4.19272e+02
      Potential    Kinetic En.   Total Energy  Conserved En.    Temperature
   -7.85101e+04    1.30983e+04   -6.54118e+04   -6.96613e+04    3.07148e+02
 Pres. DC (bar) Pressure (bar)   Constr. rmsd
   -2.07562e+02    4.20470e+02    3.04552e-06


DD  step 549999 load imb.: force 41.3%  pme mesh/force 0.414
           Step           Time
         550000     1100.00000

   Energies (kJ/mol)
           Bond          Angle    Proper Dih. Per. Imp. Dih.          LJ-14
    8.42961e+01    1.91210e+02    2.07983e+02    1.01913e+01    9.71008e+01
     Coulomb-14        LJ (SR)  Disper. corr.   Coulomb (SR)   Coul. recip.
    7.93621e+02    1.46923e+04   -6.43243e+02   -9.40436e+04    4.09922e+02
      Potential    Kinetic En.   Total Energy  Conserved En.    Temperature
   -7.82002e+04    1.30393e+04   -6.51609e+04   -6.97045e+04    3.05765e+02
 Pres. DC (bar) Pressure (bar)   Constr. rmsd
   -2.11057e+02   -3.18324e+02    2.75270e-06


DD  step 554999 load imb.: force 29.4%  pme mesh/force 0.439
           Step           Time
         555000     1110.00000

   Energies (kJ/mol)
           Bond          Angle    Proper Dih. Per. Imp. Dih.          LJ-14
    7.61797e+01    2.18421e+02    2.09205e+02    5.86964e+00    8.34418e+01
     Coulomb-14        LJ (SR)  Disper. corr.   Coulomb (SR)   Coul. recip.
    7.79485e+02    1.53314e+04   -6.39603e+02   -9.48160e+04    4.02427e+02
      Potential    Kinetic En.   Total Energy  Conserved En.    Temperature
   -7.83491e+04    1.27547e+04   -6.55944e+04   -6.97358e+04    2.99090e+02
 Pres. DC (bar) Pressure (bar)   Constr. rmsd
   -2.08678e+02    2.61741e+01    2.31642e-06


DD  step 559999 load imb.: force 28.7%  pme mesh/force 0.468
           Step           Time
         560000     1120.00000

   Energies (kJ/mol)
           Bond          Angle    Proper Dih. Per. Imp. Dih.          LJ-14
    8.55171e+01    1.64747e+02    2.01778e+02    1.66207e+01    1.11917e+02
     Coulomb-14        LJ (SR)  Disper. corr.   Coulomb (SR)   Coul. recip.
    8.10695e+02    1.49357e+04   -6.38961e+02   -9.42774e+04    3.90563e+02
      Potential    Kinetic En.   Total Energy  Conserved En.    Temperature
   -7.81988e+04    1.29854e+04   -6.52135e+04   -6.97642e+04    3.04500e+02
 Pres. DC (bar) Pressure (bar)   Constr. rmsd
   -2.08260e+02   -7.26801e+01    3.20032e-06


DD  step 564999 load imb.: force 34.4%  pme mesh/force 0.440
           Step           Time
         565000     1130.00000

   Energies (kJ/mol)
           Bond          Angle    Proper Dih. Per. Imp. Dih.          LJ-14
    7.48888e+01    2.18125e+02    2.01914e+02    1.09967e+01    8.49298e+01
     Coulomb-14        LJ (SR)  Disper. corr.   Coulomb (SR)   Coul. recip.
    8.21138e+02    1.53757e+04   -6.36939e+02   -9.49313e+04    4.06544e+02
      Potential    Kinetic En.   Total Energy  Conserved En.    Temperature
   -7.83740e+04    1.30342e+04   -6.53398e+04   -6.98216e+04    3.05645e+02
 Pres. DC (bar) Pressure (bar)   Constr. rmsd
   -2.06946e+02   -5.55653e+00    2.49831e-06


DD  step 569999 load imb.: force 28.9%  pme mesh/force 0.395
           Step           Time
         570000     1140.00000

   Energies (kJ/mol)
           Bond          Angle    Proper Dih. Per. Imp. Dih.          LJ-14
    6.19692e+01    2.01901e+02    2.11071e+02    1.45421e+01    9.23168e+01
     Coulomb-14        LJ (SR)  Disper. corr.   Coulomb (SR)   Coul. recip.
    7.63044e+02    1.56603e+04   -6.34915e+02   -9.54801e+04    4.31231e+02
      Potential    Kinetic En.   Total Energy  Conserved En.    Temperature
   -7.86786e+04    1.29424e+04   -6.57362e+04   -6.98541e+04    3.03492e+02
 Pres. DC (bar) Pressure (bar)   Constr. rmsd
   -2.05634e+02    1.77565e+02    2.72802e-06


DD  step 574999 load imb.: force 26.8%  pme mesh/force 0.458
           Step           Time
         575000     1150.00000

   Energies (kJ/mol)
           Bond          Angle    Proper Dih. Per. Imp. Dih.          LJ-14
    7.32118e+01    1.99218e+02    2.02709e+02    6.97646e+00    1.05315e+02
     Coulomb-14        LJ (SR)  Disper. corr.   Coulomb (SR)   Coul. recip.
    8.19732e+02    1.54864e+04   -6.36436e+02   -9.48705e+04    4.42805e+02
      Potential    Kinetic En.   Total Energy  Conserved En.    Temperature
   -7.81705e+04    1.29703e+04   -6.52002e+04   -6.99260e+04    3.04147e+02
 Pres. DC (bar) Pressure (bar)   Constr. rmsd
   -2.06619e+02    2.35768e+02    2.76386e-06


DD  step 579999 load imb.: force 37.5%  pme mesh/force 0.469
           Step           Time
         580000     1160.00000

   Energies (kJ/mol)
           Bond          Angle    Proper Dih. Per. Imp. Dih.          LJ-14
    7.96145e+01    2.46523e+02    2.08462e+02    5.04779e+00    1.00525e+02
     Coulomb-14        LJ (SR)  Disper. corr.   Coulomb (SR)   Coul. recip.
    8.37697e+02    1.46919e+04   -6.39677e+02   -9.41089e+04    4.48199e+02
      Potential    Kinetic En.   Total Energy  Conserved En.    Temperature
   -7.81306e+04    1.27169e+04   -6.54137e+04   -6.99285e+04    2.98205e+02
 Pres. DC (bar) Pressure (bar)   Constr. rmsd
   -2.08727e+02   -4.39515e+02    2.03814e-06


DD  step 584999 load imb.: force 38.3%  pme mesh/force 0.443
           Step           Time
         585000     1170.00000

   Energies (kJ/mol)
           Bond          Angle    Proper Dih. Per. Imp. Dih.          LJ-14
    5.23765e+01    2.16050e+02    2.03622e+02    7.12018e+00    1.06474e+02
     Coulomb-14        LJ (SR)  Disper. corr.   Coulomb (SR)   Coul. recip.
    7.93631e+02    1.53739e+04   -6.38471e+02   -9.44761e+04    4.06867e+02
      Potential    Kinetic En.   Total Energy  Conserved En.    Temperature
   -7.79545e+04    1.30446e+04   -6.49099e+04   -6.99571e+04    3.05889e+02
 Pres. DC (bar) Pressure (bar)   Constr. rmsd
   -2.07941e+02    3.22086e+02    2.62763e-06


DD  step 589999 load imb.: force 36.6%  pme mesh/force 0.560
           Step           Time
         590000     1180.00000

   Energies (kJ/mol)
           Bond          Angle    Proper Dih. Per. Imp. Dih.          LJ-14
    9.95590e+01    1.62575e+02    2.13953e+02    1.46812e+01    1.00270e+02
     Coulomb-14        LJ (SR)  Disper. corr.   Coulomb (SR)   Coul. recip.
    7.88620e+02    1.47263e+04   -6.38650e+02   -9.41603e+04    4.03698e+02
      Potential    Kinetic En.   Total Energy  Conserved En.    Temperature
   -7.82893e+04    1.26392e+04   -6.56501e+04   -6.99708e+04    2.96382e+02
 Pres. DC (bar) Pressure (bar)   Constr. rmsd
   -2.08058e+02   -5.41928e+02    3.14789e-06


DD  step 594999 load imb.: force 33.3%  pme mesh/force 0.508
           Step           Time
         595000     1190.00000

   Energies (kJ/mol)
           Bond          Angle    Proper Dih. Per. Imp. Dih.          LJ-14
    7.06925e+01    1.87958e+02    2.14669e+02    4.15972e+00    1.00670e+02
     Coulomb-14        LJ (SR)  Disper. corr.   Coulomb (SR)   Coul. recip.
    8.41821e+02    1.45600e+04   -6.32156e+02   -9.37403e+04    3.75553e+02
      Potential    Kinetic En.   Total Energy  Conserved En.    Temperature
   -7.80169e+04    1.29665e+04   -6.50504e+04   -7.00411e+04    3.04058e+02
 Pres. DC (bar) Pressure (bar)   Constr. rmsd
   -2.03853e+02   -7.45788e+02    2.71484e-06


DD  step 599999 load imb.: force 42.8%  pme mesh/force 0.313
           Step           Time
         600000     1200.00000

   Energies (kJ/mol)
           Bond          Angle    Proper Dih. Per. Imp. Dih.          LJ-14
    8.46663e+01    1.93264e+02    2.08383e+02    9.81578e+00    9.60391e+01
     Coulomb-14        LJ (SR)  Disper. corr.   Coulomb (SR)   Coul. recip.
    8.18762e+02    1.50214e+04   -6.36592e+02   -9.41542e+04    4.22761e+02
      Potential    Kinetic En.   Total Energy  Conserved En.    Temperature
   -7.79357e+04    1.26567e+04   -6.52790e+04   -7.00946e+04    2.96794e+02
 Pres. DC (bar) Pressure (bar)   Constr. rmsd
   -2.06720e+02   -2.47495e+02    2.76525e-06


DD  step 604999 load imb.: force 34.0%  pme mesh/force 0.449
           Step           Time
         605000     1210.00000

   Energies (kJ/mol)
           Bond          Angle    Proper Dih. Per. Imp. Dih.          LJ-14
    6.38688e+01    2.06285e+02    1.96665e+02    1.01451e+01    1.06043e+02
     Coulomb-14        LJ (SR)  Disper. corr.   Coulomb (SR)   Coul. recip.
    7.97311e+02    1.51540e+04   -6.41907e+02   -9.45472e+04    4.03801e+02
      Potential    Kinetic En.   Total Energy  Conserved En.    Temperature
   -7.82510e+04    1.25828e+04   -6.56682e+04   -7.01230e+04    2.95061e+02
 Pres. DC (bar) Pressure (bar)   Constr. rmsd
   -2.10183e+02   -5.62134e+01    2.11305e-06


DD  step 609999 load imb.: force 43.7%  pme mesh/force 0.391
           Step           Time
         610000     1220.00000

   Energies (kJ/mol)
           Bond          Angle    Proper Dih. Per. Imp. Dih.          LJ-14
    8.03158e+01    1.58458e+02    1.95165e+02    5.64353e+00    8.81892e+01
     Coulomb-14        LJ (SR)  Disper. corr.   Coulomb (SR)   Coul. recip.
    7.98913e+02    1.50393e+04   -6.35318e+02   -9.46131e+04    4.33297e+02
      Potential    Kinetic En.   Total Energy  Conserved En.    Temperature
   -7.84491e+04    1.26986e+04   -6.57505e+04   -7.01402e+04    2.97776e+02
 Pres. DC (bar) Pressure (bar)   Constr. rmsd
   -2.05895e+02   -2.72517e+02    3.19763e-06


DD  step 614999 load imb.: force 33.9%  pme mesh/force 0.407
           Step           Time
         615000     1230.00000

   Energies (kJ/mol)
           Bond          Angle    Proper Dih. Per. Imp. Dih.          LJ-14
    6.23821e+01    2.27169e+02    1.87918e+02    9.86795e+00    8.82190e+01
     Coulomb-14        LJ (SR)  Disper. corr.   Coulomb (SR)   Coul. recip.
    8.11920e+02    1.50202e+04   -6.42219e+02   -9.41659e+04    4.25991e+02
      Potential    Kinetic En.   Total Energy  Conserved En.    Temperature
   -7.79744e+04    1.30193e+04   -6.49550e+04   -7.01715e+04    3.05296e+02
 Pres. DC (bar) Pressure (bar)   Constr. rmsd
   -2.10387e+02    1.25807e+01    5.02547e-06


DD  step 619999 load imb.: force 35.9%  pme mesh/force 0.405
           Step           Time
         620000     1240.00000

   Energies (kJ/mol)
           Bond          Angle    Proper Dih. Per. Imp. Dih.          LJ-14
    5.13592e+01    2.17423e+02    2.28300e+02    1.08192e+01    1.17026e+02
     Coulomb-14        LJ (SR)  Disper. corr.   Coulomb (SR)   Coul. recip.
    7.97071e+02    1.50247e+04   -6.38238e+02   -9.44954e+04    4.17415e+02
      Potential    Kinetic En.   Total Energy  Conserved En.    Temperature
   -7.82696e+04    1.29610e+04   -6.53086e+04   -7.02196e+04    3.03929e+02
 Pres. DC (bar) Pressure (bar)   Constr. rmsd
   -2.07790e+02    9.59813e+01    2.04130e-06


DD  step 624999 load imb.: force 31.4%  pme mesh/force 0.486
           Step           Time
         625000     1250.00000

   Energies (kJ/mol)
           Bond          Angle    Proper Dih. Per. Imp. Dih.          LJ-14
    6.60190e+01    1.75711e+02    1.98673e+02    4.70930e+00    9.99779e+01
     Coulomb-14        LJ (SR)  Disper. corr.   Coulomb (SR)   Coul. recip.
    8.28563e+02    1.46905e+04   -6.46032e+02   -9.40016e+04    4.03904e+02
      Potential    Kinetic En.   Total Energy  Conserved En.    Temperature
   -7.81796e+04    1.27137e+04   -6.54659e+04   -7.02435e+04    2.98129e+02
 Pres. DC (bar) Pressure (bar)   Constr. rmsd
   -2.12890e+02   -2.97236e+02    3.11100e-06


DD  step 629999 load imb.: force 35.4%  pme mesh/force 0.489
           Step           Time
         630000     1260.00000

   Energies (kJ/mol)
           Bond          Angle    Proper Dih. Per. Imp. Dih.          LJ-14
    6.88174e+01    1.46411e+02    2.17854e+02    9.89542e+00    1.02811e+02
     Coulomb-14        LJ (SR)  Disper. corr.   Coulomb (SR)   Coul. recip.
    8.28598e+02    1.56310e+04   -6.36284e+02   -9.54818e+04    4.03678e+02
      Potential    Kinetic En.   Total Energy  Conserved En.    Temperature
   -7.87090e+04    1.26912e+04   -6.60177e+04   -7.03273e+04    2.97603e+02
 Pres. DC (bar) Pressure (bar)   Constr. rmsd
   -2.06521e+02    1.28534e+01    2.31857e-06


DD  step 634999 load imb.: force 33.4%  pme mesh/force 0.460
           Step           Time
         635000     1270.00000

   Energies (kJ/mol)
           Bond          Angle    Proper Dih. Per. Imp. Dih.          LJ-14
    8.94332e+01    1.76533e+02    1.96942e+02    1.40146e+01    8.67395e+01
     Coulomb-14        LJ (SR)  Disper. corr.   Coulomb (SR)   Coul. recip.
    7.95238e+02    1.54530e+04   -6.36560e+02   -9.51847e+04    4.16018e+02
      Potential    Kinetic En.   Total Energy  Conserved En.    Temperature
   -7.85934e+04    1.27760e+04   -6.58174e+04   -7.03213e+04    2.99590e+02
 Pres. DC (bar) Pressure (bar)   Constr. rmsd
   -2.06700e+02   -1.19895e+02    2.27236e-06


DD  step 639999 load imb.: force 32.2%  pme mesh/force 0.402
           Step           Time
         640000     1280.00000

   Energies (kJ/mol)
           Bond          Angle    Proper Dih. Per. Imp. Dih.          LJ-14
    6.01952e+01    1.95486e+02    1.88853e+02    2.60925e+00    9.52113e+01
     Coulomb-14        LJ (SR)  Disper. corr.   Coulomb (SR)   Coul. recip.
    7.95372e+02    1.52583e+04   -6.36473e+02   -9.46202e+04    4.29587e+02
      Potential    Kinetic En.   Total Energy  Conserved En.    Temperature
   -7.82311e+04    1.30531e+04   -6.51780e+04   -7.03534e+04    3.06088e+02
 Pres. DC (bar) Pressure (bar)   Constr. rmsd
   -2.06643e+02    1.66541e+01    4.02462e-06


DD  step 644999 load imb.: force 32.6%  pme mesh/force 0.417
           Step           Time
         645000     1290.00000

   Energies (kJ/mol)
           Bond          Angle    Proper Dih. Per. Imp. Dih.          LJ-14
    1.00901e+02    2.06301e+02    1.77407e+02    5.53418e+00    8.26836e+01
     Coulomb-14        LJ (SR)  Disper. corr.   Coulomb (SR)   Coul. recip.
    7.89884e+02    1.50676e+04   -6.43263e+02   -9.46044e+04    4.07071e+02
      Potential    Kinetic En.   Total Energy  Conserved En.    Temperature
   -7.84103e+04    1.32356e+04   -6.51747e+04   -7.04026e+04    3.10368e+02
 Pres. DC (bar) Pressure (bar)   Constr. rmsd
   -2.11071e+02   -2.48005e+01    3.67561e-06


DD  step 649999 load imb.: force 89.2%  pme mesh/force 0.202
           Step           Time
         650000     1300.00000

   Energies (kJ/mol)
           Bond          Angle    Proper Dih. Per. Imp. Dih.          LJ-14
    4.61745e+01    1.96818e+02    2.00079e+02    9.66106e+00    9.26865e+01
     Coulomb-14        LJ (SR)  Disper. corr.   Coulomb (SR)   Coul. recip.
    8.51119e+02    1.49095e+04   -6.42933e+02   -9.44579e+04    4.41755e+02
      Potential    Kinetic En.   Total Energy  Conserved En.    Temperature
   -7.83530e+04    1.26385e+04   -6.57146e+04   -7.04193e+04    2.96365e+02
 Pres. DC (bar) Pressure (bar)   Constr. rmsd
   -2.10854e+02   -1.69372e+02    1.66066e-06


DD  step 654999 load imb.: force 30.7%  pme mesh/force 3.590
           Step           Time
         655000     1310.00000

   Energies (kJ/mol)
           Bond          Angle    Proper Dih. Per. Imp. Dih.          LJ-14
    6.30816e+01    1.83691e+02    2.01745e+02    1.15937e+01    9.73055e+01
     Coulomb-14        LJ (SR)  Disper. corr.   Coulomb (SR)   Coul. recip.
    8.37984e+02    1.51050e+04   -6.38787e+02   -9.45803e+04    4.30811e+02
      Potential    Kinetic En.   Total Energy  Conserved En.    Temperature
   -7.82879e+04    1.27776e+04   -6.55103e+04   -7.04394e+04    2.99629e+02
 Pres. DC (bar) Pressure (bar)   Constr. rmsd
   -2.08147e+02   -7.66552e+01    2.77986e-06


DD  step 659999 load imb.: force 24.5%  pme mesh/force 0.129
           Step           Time
         660000     1320.00000

   Energies (kJ/mol)
           Bond          Angle    Proper Dih. Per. Imp. Dih.          LJ-14
    6.40031e+01    1.75848e+02    1.88591e+02    6.23661e+00    1.04940e+02
     Coulomb-14        LJ (SR)  Disper. corr.   Coulomb (SR)   Coul. recip.
    8.02181e+02    1.51757e+04   -6.40919e+02   -9.49678e+04    4.15056e+02
      Potential    Kinetic En.   Total Energy  Conserved En.    Temperature
   -7.86762e+04    1.27621e+04   -6.59140e+04   -7.04867e+04    2.99266e+02
 Pres. DC (bar) Pressure (bar)   Constr. rmsd
   -2.09537e+02    3.75720e+01    2.23104e-06


DD  step 664999 load imb.: force 34.7%  pme mesh/force 0.438
           Step           Time
         665000     1330.00000

   Energies (kJ/mol)
           Bond          Angle    Proper Dih. Per. Imp. Dih.          LJ-14
    9.22110e+01    1.88089e+02    2.03615e+02    9.74754e+00    1.00158e+02
     Coulomb-14        LJ (SR)  Disper. corr.   Coulomb (SR)   Coul. recip.
    8.15027e+02    1.52698e+04   -6.44087e+02   -9.49951e+04    3.76894e+02
      Potential    Kinetic En.   Total Energy  Conserved En.    Temperature
   -7.85837e+04    1.31997e+04   -6.53840e+04   -7.05211e+04    3.09527e+02
 Pres. DC (bar) Pressure (bar)   Constr. rmsd
   -2.11611e+02    6.95261e+01    1.97235e-06


DD  step 669999 load imb.: force 75.9%  pme mesh/force 0.789
           Step           Time
         670000     1340.00000

   Energies (kJ/mol)
           Bond          Angle    Proper Dih. Per. Imp. Dih.          LJ-14
    6.42140e+01    1.67017e+02    2.06987e+02    9.92829e+00    1.09266e+02
     Coulomb-14        LJ (SR)  Disper. corr.   Coulomb (SR)   Coul. recip.
    8.27279e+02    1.50530e+04   -6.37718e+02   -9.44445e+04    4.04838e+02
      Potential    Kinetic En.   Total Energy  Conserved En.    Temperature
   -7.82397e+04    1.25082e+04   -6.57315e+04   -7.05735e+04    2.93310e+02
 Pres. DC (bar) Pressure (bar)   Constr. rmsd
   -2.07451e+02   -8.22264e+01    3.16815e-06


DD  step 674999 load imb.: force 77.2%  pme mesh/force 0.133
           Step           Time
         675000     1350.00000

   Energies (kJ/mol)
           Bond          Angle    Proper Dih. Per. Imp. Dih.          LJ-14
    6.02395e+01    1.64882e+02    2.12026e+02    1.95321e+01    8.97430e+01
     Coulomb-14        LJ (SR)  Disper. corr.   Coulomb (SR)   Coul. recip.
    8.09601e+02    1.51068e+04   -6.40676e+02   -9.46008e+04    4.29293e+02
      Potential    Kinetic En.   Total Energy  Conserved En.    Temperature
   -7.83493e+04    1.27000e+04   -6.56494e+04   -7.06012e+04    2.97808e+02
 Pres. DC (bar) Pressure (bar)   Constr. rmsd
   -2.09378e+02   -4.85411e+00    4.71307e-06


DD  step 679999 load imb.: force 42.7%  pme mesh/force 0.380
           Step           Time
         680000     1360.00000

   Energies (kJ/mol)
           Bond          Angle    Proper Dih. Per. Imp. Dih.          LJ-14
    6.13049e+01    2.14661e+02    2.07003e+02    9.95937e+00    1.01780e+02
     Coulomb-14        LJ (SR)  Disper. corr.   Coulomb (SR)   Coul. recip.
    8.03751e+02    1.54943e+04   -6.44065e+02   -9.46484e+04    4.14745e+02
      Potential    Kinetic En.   Total Energy  Conserved En.    Temperature
   -7.79850e+04    1.25151e+04   -6.54699e+04   -7.06264e+04    2.93473e+02
 Pres. DC (bar) Pressure (bar)   Constr. rmsd
   -2.11597e+02    6.58136e+02    1.89942e-06


DD  step 684999 load imb.: force 40.6%  pme mesh/force 0.420
           Step           Time
         685000     1370.00000

   Energies (kJ/mol)
           Bond          Angle    Proper Dih. Per. Imp. Dih.          LJ-14
    7.02128e+01    1.99046e+02    2.17341e+02    6.06978e+00    1.01264e+02
     Coulomb-14        LJ (SR)  Disper. corr.   Coulomb (SR)   Coul. recip.
    8.33594e+02    1.47563e+04   -6.42009e+02   -9.42505e+04    3.99065e+02
      Potential    Kinetic En.   Total Energy  Conserved En.    Temperature
   -7.83096e+04    1.30123e+04   -6.52973e+04   -7.06783e+04    3.05132e+02
 Pres. DC (bar) Pressure (bar)   Constr. rmsd
   -2.10249e+02   -4.82558e+02    2.30410e-06


DD  step 689999 load imb.: force 32.5%  pme mesh/force 0.441
           Step           Time
         690000     1380.00000

   Energies (kJ/mol)
           Bond          Angle    Proper Dih. Per. Imp. Dih.          LJ-14
    6.45660e+01    2.52042e+02    2.07861e+02    8.26270e+00    9.60005e+01
     Coulomb-14        LJ (SR)  Disper. corr.   Coulomb (SR)   Coul. recip.
    7.75263e+02    1.52107e+04   -6.39031e+02   -9.45729e+04    3.87869e+02
      Potential    Kinetic En.   Total Energy  Conserved En.    Temperature
   -7.82094e+04    1.28815e+04   -6.53278e+04   -7.07334e+04    3.02065e+02
 Pres. DC (bar) Pressure (bar)   Constr. rmsd
   -2.08306e+02    4.84940e+01    3.92072e-06


DD  step 694999 load imb.: force 28.1%  pme mesh/force 0.482
           Step           Time
         695000     1390.00000

   Energies (kJ/mol)
           Bond          Angle    Proper Dih. Per. Imp. Dih.          LJ-14
    4.52447e+01    1.88935e+02    1.90228e+02    4.01668e+00    1.08049e+02
     Coulomb-14        LJ (SR)  Disper. corr.   Coulomb (SR)   Coul. recip.
    8.18333e+02    1.51657e+04   -6.40335e+02   -9.50161e+04    4.26661e+02
      Potential    Kinetic En.   Total Energy  Conserved En.    Temperature
   -7.87092e+04    1.26273e+04   -6.60820e+04   -7.07505e+04    2.96102e+02
 Pres. DC (bar) Pressure (bar)   Constr. rmsd
   -2.09156e+02    9.95212e+01    2.31876e-06


DD  step 699999 load imb.: force 40.3%  pme mesh/force 0.457
           Step           Time
         700000     1400.00000

   Energies (kJ/mol)
           Bond          Angle    Proper Dih. Per. Imp. Dih.          LJ-14
    9.76315e+01    2.09197e+02    1.89335e+02    2.04150e+01    9.36431e+01
     Coulomb-14        LJ (SR)  Disper. corr.   Coulomb (SR)   Coul. recip.
    7.75222e+02    1.46827e+04   -6.41294e+02   -9.40188e+04    4.28946e+02
      Potential    Kinetic En.   Total Energy  Conserved En.    Temperature
   -7.81631e+04    1.30209e+04   -6.51421e+04   -7.07827e+04    3.05334e+02
 Pres. DC (bar) Pressure (bar)   Constr. rmsd
   -2.09782e+02   -3.21004e+02    3.86374e-06


DD  step 704999 load imb.: force 23.8%  pme mesh/force 0.133
           Step           Time
         705000     1410.00000

   Energies (kJ/mol)
           Bond          Angle    Proper Dih. Per. Imp. Dih.          LJ-14
    6.08092e+01    2.04778e+02    1.92409e+02    9.64410e+00    1.08362e+02
     Coulomb-14        LJ (SR)  Disper. corr.   Coulomb (SR)   Coul. recip.
    8.78973e+02    1.51283e+04   -6.36865e+02   -9.44470e+04    4.27303e+02
      Potential    Kinetic En.   Total Energy  Conserved En.    Temperature
   -7.80733e+04    1.28048e+04   -6.52686e+04   -7.08219e+04    3.00265e+02
 Pres. DC (bar) Pressure (bar)   Constr. rmsd
   -2.06898e+02    3.81349e+00    2.67877e-06


DD  step 709999 load imb.: force 30.7%  pme mesh/force 0.453
           Step           Time
         710000     1420.00000

   Energies (kJ/mol)
           Bond          Angle    Proper Dih. Per. Imp. Dih.          LJ-14
    6.68113e+01    1.67562e+02    1.97970e+02    1.29352e+01    1.07257e+02
     Coulomb-14        LJ (SR)  Disper. corr.   Coulomb (SR)   Coul. recip.
    8.12506e+02    1.52148e+04   -6.36853e+02   -9.50935e+04    4.21579e+02
      Potential    Kinetic En.   Total Energy  Conserved En.    Temperature
   -7.87289e+04    1.27257e+04   -6.60032e+04   -7.08545e+04    2.98412e+02
 Pres. DC (bar) Pressure (bar)   Constr. rmsd
   -2.06890e+02   -1.28346e+02    2.08940e-06


DD  step 714999 load imb.: force 30.4%  pme mesh/force 0.461
           Step           Time
         715000     1430.00000

   Energies (kJ/mol)
           Bond          Angle    Proper Dih. Per. Imp. Dih.          LJ-14
    7.83955e+01    1.87156e+02    2.16875e+02    9.43123e+00    1.13869e+02
     Coulomb-14        LJ (SR)  Disper. corr.   Coulomb (SR)   Coul. recip.
    8.29684e+02    1.50324e+04   -6.39501e+02   -9.45824e+04    3.86803e+02
      Potential    Kinetic En.   Total Energy  Conserved En.    Temperature
   -7.83673e+04    1.29502e+04   -6.54171e+04   -7.08688e+04    3.03675e+02
 Pres. DC (bar) Pressure (bar)   Constr. rmsd
   -2.08612e+02    1.68189e+02    3.37860e-06


DD  step 719999 load imb.: force 33.0%  pme mesh/force 0.472
           Step           Time
         720000     1440.00000

   Energies (kJ/mol)
           Bond          Angle    Proper Dih. Per. Imp. Dih.          LJ-14
    7.39581e+01    2.03468e+02    1.98606e+02    1.63072e+01    9.05035e+01
     Coulomb-14        LJ (SR)  Disper. corr.   Coulomb (SR)   Coul. recip.
    7.66161e+02    1.53028e+04   -6.38364e+02   -9.48474e+04    3.91090e+02
      Potential    Kinetic En.   Total Energy  Conserved En.    Temperature
   -7.84428e+04    1.30868e+04   -6.53561e+04   -7.09229e+04    3.06878e+02
 Pres. DC (bar) Pressure (bar)   Constr. rmsd
   -2.07872e+02   -2.09057e+01    2.94933e-06


DD  step 724999 load imb.: force 26.2%  pme mesh/force 0.441
           Step           Time
         725000     1450.00000

   Energies (kJ/mol)
           Bond          Angle    Proper Dih. Per. Imp. Dih.          LJ-14
    6.09357e+01    1.73558e+02    2.12366e+02    6.18976e+00    9.37595e+01
     Coulomb-14        LJ (SR)  Disper. corr.   Coulomb (SR)   Coul. recip.
    8.12210e+02    1.49370e+04   -6.35816e+02   -9.36847e+04    4.11671e+02
      Potential    Kinetic En.   Total Energy  Conserved En.    Temperature
   -7.76128e+04    1.23513e+04   -6.52614e+04   -7.09444e+04    2.89632e+02
 Pres. DC (bar) Pressure (bar)   Constr. rmsd
   -2.06217e+02   -5.30029e+01    5.12192e-06


DD  step 729999 load imb.: force 28.9%  pme mesh/force 0.565
           Step           Time
         730000     1460.00000

   Energies (kJ/mol)
           Bond          Angle    Proper Dih. Per. Imp. Dih.          LJ-14
    9.64980e+01    2.23508e+02    1.94374e+02    9.48680e+00    9.40924e+01
     Coulomb-14        LJ (SR)  Disper. corr.   Coulomb (SR)   Coul. recip.
    7.84041e+02    1.50212e+04   -6.35593e+02   -9.45577e+04    4.32592e+02
      Potential    Kinetic En.   Total Energy  Conserved En.    Temperature
   -7.83375e+04    1.31355e+04   -6.52019e+04   -7.09707e+04    3.08021e+02
 Pres. DC (bar) Pressure (bar)   Constr. rmsd
   -2.06073e+02   -3.74500e+02    2.13455e-06


DD  step 734999 load imb.: force 27.2%  pme mesh/force 0.475
           Step           Time
         735000     1470.00000

   Energies (kJ/mol)
           Bond          Angle    Proper Dih. Per. Imp. Dih.          LJ-14
    6.12734e+01    1.78967e+02    1.92107e+02    9.65226e+00    1.06292e+02
     Coulomb-14        LJ (SR)  Disper. corr.   Coulomb (SR)   Coul. recip.
    8.43038e+02    1.52485e+04   -6.38174e+02   -9.45858e+04    4.26026e+02
      Potential    Kinetic En.   Total Energy  Conserved En.    Temperature
   -7.81581e+04    1.28644e+04   -6.52937e+04   -7.10117e+04    3.01663e+02
 Pres. DC (bar) Pressure (bar)   Constr. rmsd
   -2.07748e+02    1.93276e+02    3.59550e-06


DD  step 739999 load imb.: force 28.8%  pme mesh/force 0.455
           Step           Time
         740000     1480.00000

   Energies (kJ/mol)
           Bond          Angle    Proper Dih. Per. Imp. Dih.          LJ-14
    6.02458e+01    1.98947e+02    1.97261e+02    3.84489e+00    1.04694e+02
     Coulomb-14        LJ (SR)  Disper. corr.   Coulomb (SR)   Coul. recip.
    8.16536e+02    1.54947e+04   -6.31951e+02   -9.54437e+04    4.10828e+02
      Potential    Kinetic En.   Total Energy  Conserved En.    Temperature
   -7.87886e+04    1.26610e+04   -6.61276e+04   -7.10288e+04    2.96893e+02
 Pres. DC (bar) Pressure (bar)   Constr. rmsd
   -2.03721e+02    9.48783e+01    2.89616e-06


DD  step 744999 load imb.: force 33.7%  pme mesh/force 0.411
           Step           Time
         745000     1490.00000

   Energies (kJ/mol)
           Bond          Angle    Proper Dih. Per. Imp. Dih.          LJ-14
    9.42853e+01    1.66239e+02    2.01176e+02    5.49364e+00    1.02860e+02
     Coulomb-14        LJ (SR)  Disper. corr.   Coulomb (SR)   Coul. recip.
    8.22985e+02    1.49450e+04   -6.43092e+02   -9.44991e+04    4.04487e+02
      Potential    Kinetic En.   Total Energy  Conserved En.    Temperature
   -7.83997e+04    1.30220e+04   -6.53777e+04   -7.10917e+04    3.05360e+02
 Pres. DC (bar) Pressure (bar)   Constr. rmsd
   -2.10959e+02   -2.00586e+02    2.24589e-06


DD  step 749999 load imb.: force 20.0%  pme mesh/force 0.426
           Step           Time
         750000     1500.00000

   Energies (kJ/mol)
           Bond          Angle    Proper Dih. Per. Imp. Dih.          LJ-14
    5.72721e+01    1.91382e+02    2.15704e+02    1.23912e+01    1.10762e+02
     Coulomb-14        LJ (SR)  Disper. corr.   Coulomb (SR)   Coul. recip.
    8.29347e+02    1.52038e+04   -6.46174e+02   -9.49048e+04    4.07196e+02
      Potential    Kinetic En.   Total Energy  Conserved En.    Temperature
   -7.85231e+04    1.28186e+04   -6.57045e+04   -7.11181e+04    3.00589e+02
 Pres. DC (bar) Pressure (bar)   Constr. rmsd
   -2.12983e+02    1.11565e+02    1.90252e-06


DD  step 754999 load imb.: force 29.2%  pme mesh/force 0.505
           Step           Time
         755000     1510.00000

   Energies (kJ/mol)
           Bond          Angle    Proper Dih. Per. Imp. Dih.          LJ-14
    4.31611e+01    1.62094e+02    1.99114e+02    1.49121e+01    1.09262e+02
     Coulomb-14        LJ (SR)  Disper. corr.   Coulomb (SR)   Coul. recip.
    7.99273e+02    1.52528e+04   -6.41804e+02   -9.49901e+04    3.62229e+02
      Potential    Kinetic En.   Total Energy  Conserved En.    Temperature
   -7.86890e+04    1.28177e+04   -6.58713e+04   -7.11483e+04    3.00569e+02
 Pres. DC (bar) Pressure (bar)   Constr. rmsd
   -2.10115e+02    8.31067e+01    1.87636e-06


DD  step 759999 load imb.: force 30.3%  pme mesh/force 0.448
           Step           Time
         760000     1520.00000

   Energies (kJ/mol)
           Bond          Angle    Proper Dih. Per. Imp. Dih.          LJ-14
    8.12374e+01    2.31197e+02    2.01200e+02    9.49637e+00    8.45113e+01
     Coulomb-14        LJ (SR)  Disper. corr.   Coulomb (SR)   Coul. recip.
    7.87331e+02    1.52739e+04   -6.32594e+02   -9.42289e+04    4.44058e+02
      Potential    Kinetic En.   Total Energy  Conserved En.    Temperature
   -7.77485e+04    1.29556e+04   -6.47930e+04   -7.11674e+04    3.03801e+02
 Pres. DC (bar) Pressure (bar)   Constr. rmsd
   -2.04135e+02    1.10955e+02    3.82940e-06


DD  step 764999 load imb.: force 37.3%  pme mesh/force 0.427
           Step           Time
         765000     1530.00000

   Energies (kJ/mol)
           Bond          Angle    Proper Dih. Per. Imp. Dih.          LJ-14
    8.67407e+01    2.06583e+02    1.93708e+02    5.81025e+00    1.00348e+02
     Coulomb-14        LJ (SR)  Disper. corr.   Coulomb (SR)   Coul. recip.
    8.28482e+02    1.48565e+04   -6.45583e+02   -9.44103e+04    4.21854e+02
      Potential    Kinetic En.   Total Energy  Conserved En.    Temperature
   -7.83558e+04    1.27876e+04   -6.55683e+04   -7.12009e+04    2.99862e+02
 Pres. DC (bar) Pressure (bar)   Constr. rmsd
   -2.12594e+02   -2.61186e+02    4.10689e-06


DD  step 769999 load imb.: force 32.8%  pme mesh/force 0.480
           Step           Time
         770000     1540.00000

   Energies (kJ/mol)
           Bond          Angle    Proper Dih. Per. Imp. Dih.          LJ-14
    6.88396e+01    2.34707e+02    1.85990e+02    9.49162e+00    9.75975e+01
     Coulomb-14        LJ (SR)  Disper. corr.   Coulomb (SR)   Coul. recip.
    7.63740e+02    1.52217e+04   -6.39573e+02   -9.45624e+04    4.15695e+02
      Potential    Kinetic En.   Total Energy  Conserved En.    Temperature
   -7.82042e+04    1.29766e+04   -6.52276e+04   -7.12180e+04    3.04295e+02
 Pres. DC (bar) Pressure (bar)   Constr. rmsd
   -2.08658e+02    2.72448e+02    2.58686e-06


DD  step 774999 load imb.: force 31.8%  pme mesh/force 0.465
           Step           Time
         775000     1550.00000

   Energies (kJ/mol)
           Bond          Angle    Proper Dih. Per. Imp. Dih.          LJ-14
    7.42594e+01    1.85148e+02    1.88180e+02    5.92992e+00    9.34857e+01
     Coulomb-14        LJ (SR)  Disper. corr.   Coulomb (SR)   Coul. recip.
    8.10479e+02    1.52295e+04   -6.47853e+02   -9.49141e+04    3.99640e+02
      Potential    Kinetic En.   Total Energy  Conserved En.    Temperature
   -7.85754e+04    1.29874e+04   -6.55880e+04   -7.12609e+04    3.04548e+02
 Pres. DC (bar) Pressure (bar)   Constr. rmsd
   -2.14090e+02    1.37293e+02    2.84518e-06


DD  step 779999 load imb.: force 32.8%  pme mesh/force 0.451
           Step           Time
         780000     1560.00000

   Energies (kJ/mol)
           Bond          Angle    Proper Dih. Per. Imp. Dih.          LJ-14
    5.25168e+01    2.09639e+02    1.96528e+02    1.10574e+01    9.76271e+01
     Coulomb-14        LJ (SR)  Disper. corr.   Coulomb (SR)   Coul. recip.
    7.94480e+02    1.44053e+04   -6.38916e+02   -9.35572e+04    4.22295e+02
      Potential    Kinetic En.   Total Energy  Conserved En.    Temperature
   -7.80067e+04    1.29163e+04   -6.50903e+04   -7.12688e+04    3.02882e+02
 Pres. DC (bar) Pressure (bar)   Constr. rmsd
   -2.08231e+02   -4.98195e+02    3.42114e-06


DD  step 784999 load imb.: force 31.3%  pme mesh/force 0.454
           Step           Time
         785000     1570.00000

   Energies (kJ/mol)
           Bond          Angle    Proper Dih. Per. Imp. Dih.          LJ-14
    5.37051e+01    1.30598e+02    2.06017e+02    5.34170e+00    1.09691e+02
     Coulomb-14        LJ (SR)  Disper. corr.   Coulomb (SR)   Coul. recip.
    7.88265e+02    1.54908e+04   -6.39420e+02   -9.56708e+04    3.59084e+02
      Potential    Kinetic En.   Total Energy  Conserved En.    Temperature
   -7.91667e+04    1.26867e+04   -6.64800e+04   -7.12995e+04    2.97497e+02
 Pres. DC (bar) Pressure (bar)   Constr. rmsd
   -2.08559e+02    1.94081e+02    1.90635e-06


DD  step 789999 load imb.: force 28.3%  pme mesh/force 0.493
           Step           Time
         790000     1580.00000

   Energies (kJ/mol)
           Bond          Angle    Proper Dih. Per. Imp. Dih.          LJ-14
    4.67723e+01    1.93403e+02    2.01021e+02    1.09080e+01    9.29029e+01
     Coulomb-14        LJ (SR)  Disper. corr.   Coulomb (SR)   Coul. recip.
    8.25236e+02    1.49734e+04   -6.35339e+02   -9.44738e+04    3.64527e+02
      Potential    Kinetic En.   Total Energy  Conserved En.    Temperature
   -7.84010e+04    1.24948e+04   -6.59061e+04   -7.13539e+04    2.92997e+02
 Pres. DC (bar) Pressure (bar)   Constr. rmsd
   -2.05908e+02   -3.52025e+02    2.23462e-06


DD  step 794999 load imb.: force 30.9%  pme mesh/force 0.456
           Step           Time
         795000     1590.00000

   Energies (kJ/mol)
           Bond          Angle    Proper Dih. Per. Imp. Dih.          LJ-14
    5.89556e+01    2.26645e+02    1.98735e+02    1.44378e+01    9.35327e+01
     Coulomb-14        LJ (SR)  Disper. corr.   Coulomb (SR)   Coul. recip.
    7.92002e+02    1.54199e+04   -6.41332e+02   -9.48378e+04    3.97495e+02
      Potential    Kinetic En.   Total Energy  Conserved En.    Temperature
   -7.82774e+04    1.31291e+04   -6.51483e+04   -7.13850e+04    3.07872e+02
 Pres. DC (bar) Pressure (bar)   Constr. rmsd
   -2.09807e+02    4.67787e+02    3.98519e-06


DD  step 799999 load imb.: force 32.2%  pme mesh/force 0.510
           Step           Time
         800000     1600.00000

   Energies (kJ/mol)
           Bond          Angle    Proper Dih. Per. Imp. Dih.          LJ-14
    6.04319e+01    1.61970e+02    2.01059e+02    4.59367e+00    1.00888e+02
     Coulomb-14        LJ (SR)  Disper. corr.   Coulomb (SR)   Coul. recip.
    7.72264e+02    1.53152e+04   -6.44856e+02   -9.54203e+04    4.26100e+02
      Potential    Kinetic En.   Total Energy  Conserved En.    Temperature
   -7.90226e+04    1.24882e+04   -6.65344e+04   -7.13947e+04    2.92842e+02
 Pres. DC (bar) Pressure (bar)   Constr. rmsd
   -2.12116e+02   -2.54667e+00    1.64943e-06


DD  step 804999 load imb.: force 36.9%  pme mesh/force 0.342
           Step           Time
         805000     1610.00000

   Energies (kJ/mol)
           Bond          Angle    Proper Dih. Per. Imp. Dih.          LJ-14
    6.42876e+01    1.78974e+02    1.99440e+02    1.71745e+01    1.01462e+02
     Coulomb-14        LJ (SR)  Disper. corr.   Coulomb (SR)   Coul. recip.
    8.44182e+02    1.47341e+04   -6.38088e+02   -9.40727e+04    3.97380e+02
      Potential    Kinetic En.   Total Energy  Conserved En.    Temperature
   -7.81739e+04    1.27236e+04   -6.54502e+04   -7.14266e+04    2.98362e+02
 Pres. DC (bar) Pressure (bar)   Constr. rmsd
   -2.07692e+02   -9.90727e+01    3.59956e-06


DD  step 809999 load imb.: force 38.5%  pme mesh/force 0.460
           Step           Time
         810000     1620.00000

   Energies (kJ/mol)
           Bond          Angle    Proper Dih. Per. Imp. Dih.          LJ-14
    4.54425e+01    1.88942e+02    2.03662e+02    1.13668e+01    9.69806e+01
     Coulomb-14        LJ (SR)  Disper. corr.   Coulomb (SR)   Coul. recip.
    7.70851e+02    1.55320e+04   -6.43281e+02   -9.45736e+04    4.30021e+02
      Potential    Kinetic En.   Total Energy  Conserved En.    Temperature
   -7.79376e+04    1.25602e+04   -6.53774e+04   -7.14555e+04    2.94529e+02
 Pres. DC (bar) Pressure (bar)   Constr. rmsd
   -2.11082e+02    5.23111e+02    2.89877e-06


DD  step 814999 load imb.: force 35.6%  pme mesh/force 0.457
           Step           Time
         815000     1630.00000

   Energies (kJ/mol)
           Bond          Angle    Proper Dih. Per. Imp. Dih.          LJ-14
    5.35593e+01    1.83983e+02    1.96725e+02    9.05443e+00    1.06746e+02
     Coulomb-14        LJ (SR)  Disper. corr.   Coulomb (SR)   Coul. recip.
    7.99374e+02    1.48772e+04   -6.35327e+02   -9.39773e+04    3.95526e+02
      Potential    Kinetic En.   Total Energy  Conserved En.    Temperature
   -7.79904e+04    1.26699e+04   -6.53205e+04   -7.14853e+04    2.97103e+02
 Pres. DC (bar) Pressure (bar)   Constr. rmsd
   -2.05901e+02    2.78942e+01    3.05872e-06


DD  step 819999 load imb.: force 28.9%  pme mesh/force 0.468
           Step           Time
         820000     1640.00000

   Energies (kJ/mol)
           Bond          Angle    Proper Dih. Per. Imp. Dih.          LJ-14
    8.26105e+01    1.66247e+02    2.08487e+02    8.19477e+00    9.08307e+01
     Coulomb-14        LJ (SR)  Disper. corr.   Coulomb (SR)   Coul. recip.
    7.82212e+02    1.54596e+04   -6.39236e+02   -9.51085e+04    3.80960e+02
      Potential    Kinetic En.   Total Energy  Conserved En.    Temperature
   -7.85686e+04    1.24628e+04   -6.61058e+04   -7.15203e+04    2.92247e+02
 Pres. DC (bar) Pressure (bar)   Constr. rmsd
   -2.08439e+02    4.92186e+01    2.01773e-06


DD  step 824999 load imb.: force 30.7%  pme mesh/force 0.438
           Step           Time
         825000     1650.00000

   Energies (kJ/mol)
           Bond          Angle    Proper Dih. Per. Imp. Dih.          LJ-14
    5.89668e+01    1.66294e+02    1.98741e+02    1.48728e+01    1.06026e+02
     Coulomb-14        LJ (SR)  Disper. corr.   Coulomb (SR)   Coul. recip.
    7.99822e+02    1.55594e+04   -6.40384e+02   -9.51820e+04    3.61094e+02
      Potential    Kinetic En.   Total Energy  Conserved En.    Temperature
   -7.85571e+04    1.27324e+04   -6.58248e+04   -7.16111e+04    2.98568e+02
 Pres. DC (bar) Pressure (bar)   Constr. rmsd
   -2.09188e+02    2.76889e+02    1.67962e-06


DD  step 829999 load imb.: force 39.7%  pme mesh/force 0.435
           Step           Time
         830000     1660.00000

   Energies (kJ/mol)
           Bond          Angle    Proper Dih. Per. Imp. Dih.          LJ-14
    6.25789e+01    1.65154e+02    2.15872e+02    7.12560e+00    1.07094e+02
     Coulomb-14        LJ (SR)  Disper. corr.   Coulomb (SR)   Coul. recip.
    8.44959e+02    1.48947e+04   -6.37994e+02   -9.39981e+04    4.35217e+02
      Potential    Kinetic En.   Total Energy  Conserved En.    Temperature
   -7.79033e+04    1.28500e+04   -6.50533e+04   -7.16249e+04    3.01326e+02
 Pres. DC (bar) Pressure (bar)   Constr. rmsd
   -2.07631e+02    8.32213e+01    4.11795e-06


DD  step 834999 load imb.: force 30.4%  pme mesh/force 0.504
           Step           Time
         835000     1670.00000

   Energies (kJ/mol)
           Bond          Angle    Proper Dih. Per. Imp. Dih.          LJ-14
    7.29822e+01    1.81206e+02    2.01287e+02    1.08060e+01    8.99122e+01
     Coulomb-14        LJ (SR)  Disper. corr.   Coulomb (SR)   Coul. recip.
    7.94841e+02    1.53817e+04   -6.39642e+02   -9.49000e+04    4.21490e+02
      Potential    Kinetic En.   Total Energy  Conserved En.    Temperature
   -7.83854e+04    1.31216e+04   -6.52638e+04   -7.16738e+04    3.07694e+02
 Pres. DC (bar) Pressure (bar)   Constr. rmsd
   -2.08704e+02    1.28232e+01    4.02065e-06


DD  step 839999 load imb.: force 27.9%  pme mesh/force 0.466
           Step           Time
         840000     1680.00000

   Energies (kJ/mol)
           Bond          Angle    Proper Dih. Per. Imp. Dih.          LJ-14
    5.62157e+01    1.78933e+02    2.00127e+02    8.07214e+00    1.07228e+02
     Coulomb-14        LJ (SR)  Disper. corr.   Coulomb (SR)   Coul. recip.
    7.96603e+02    1.52022e+04   -6.45109e+02   -9.49271e+04    4.16709e+02
      Potential    Kinetic En.   Total Energy  Conserved En.    Temperature
   -7.86061e+04    1.26447e+04   -6.59614e+04   -7.16839e+04    2.96512e+02
 Pres. DC (bar) Pressure (bar)   Constr. rmsd
   -2.12282e+02    2.29312e+02    3.57580e-06


DD  step 844999 load imb.: force 30.4%  pme mesh/force 0.471
           Step           Time
         845000     1690.00000

   Energies (kJ/mol)
           Bond          Angle    Proper Dih. Per. Imp. Dih.          LJ-14
    5.31538e+01    1.87266e+02    1.94615e+02    1.69095e+01    1.18736e+02
     Coulomb-14        LJ (SR)  Disper. corr.   Coulomb (SR)   Coul. recip.
    8.52785e+02    1.48925e+04   -6.31442e+02   -9.40521e+04    4.08438e+02
      Potential    Kinetic En.   Total Energy  Conserved En.    Temperature
   -7.79592e+04    1.25796e+04   -6.53795e+04   -7.17347e+04    2.94986e+02
 Pres. DC (bar) Pressure (bar)   Constr. rmsd
   -2.03393e+02   -3.01633e+02    3.80533e-06


DD  step 849999 load imb.: force 33.3%  pme mesh/force 0.465
           Step           Time
         850000     1700.00000

   Energies (kJ/mol)
           Bond          Angle    Proper Dih. Per. Imp. Dih.          LJ-14
    9.19151e+01    1.73332e+02    1.89661e+02    8.82645e+00    8.24317e+01
     Coulomb-14        LJ (SR)  Disper. corr.   Coulomb (SR)   Coul. recip.
    8.17193e+02    1.50474e+04   -6.38166e+02   -9.46725e+04    3.90325e+02
      Potential    Kinetic En.   Total Energy  Conserved En.    Temperature
   -7.85096e+04    1.29616e+04   -6.55480e+04   -7.17688e+04    3.03942e+02
 Pres. DC (bar) Pressure (bar)   Constr. rmsd
   -2.07743e+02   -4.48290e+02    2.83090e-06


DD  step 854999 load imb.: force 35.2%  pme mesh/force 0.467
           Step           Time
         855000     1710.00000

   Energies (kJ/mol)
           Bond          Angle    Proper Dih. Per. Imp. Dih.          LJ-14
    6.64946e+01    1.91437e+02    1.98016e+02    8.71690e+00    1.08793e+02
     Coulomb-14        LJ (SR)  Disper. corr.   Coulomb (SR)   Coul. recip.
    8.47072e+02    1.53880e+04   -6.47079e+02   -9.49077e+04    3.63275e+02
      Potential    Kinetic En.   Total Energy  Conserved En.    Temperature
   -7.83830e+04    1.29544e+04   -6.54287e+04   -7.17904e+04    3.03773e+02
 Pres. DC (bar) Pressure (bar)   Constr. rmsd
   -2.13579e+02    5.01919e+02    2.43019e-06


DD  step 859999 load imb.: force 42.6%  pme mesh/force 0.645
           Step           Time
         860000     1720.00000

   Energies (kJ/mol)
           Bond          Angle    Proper Dih. Per. Imp. Dih.          LJ-14
    8.13724e+01    1.67444e+02    1.91842e+02    6.55422e+00    9.04658e+01
     Coulomb-14        LJ (SR)  Disper. corr.   Coulomb (SR)   Coul. recip.
    8.09500e+02    1.51696e+04   -6.37975e+02   -9.47941e+04    3.95707e+02
      Potential    Kinetic En.   Total Energy  Conserved En.    Temperature
   -7.85196e+04    1.27921e+04   -6.57275e+04   -7.18287e+04    2.99968e+02
 Pres. DC (bar) Pressure (bar)   Constr. rmsd
   -2.07618e+02   -7.20440e+01    1.90743e-06


DD  step 864999 load imb.: force 69.9%  pme mesh/force 0.359
           Step           Time
         865000     1730.00000

   Energies (kJ/mol)
           Bond          Angle    Proper Dih. Per. Imp. Dih.          LJ-14
    4.81669e+01    2.01100e+02    1.97387e+02    6.07308e+00    1.04047e+02
     Coulomb-14        LJ (SR)  Disper. corr.   Coulomb (SR)   Coul. recip.
    8.23607e+02    1.48804e+04   -6.45620e+02   -9.41266e+04    4.12969e+02
      Potential    Kinetic En.   Total Energy  Conserved En.    Temperature
   -7.80984e+04    1.26410e+04   -6.54574e+04   -7.18561e+04    2.96424e+02
 Pres. DC (bar) Pressure (bar)   Constr. rmsd
   -2.12618e+02   -6.75514e+01    2.54337e-06


DD  step 869999 load imb.: force 34.6%  pme mesh/force 0.459
           Step           Time
         870000     1740.00000

   Energies (kJ/mol)
           Bond          Angle    Proper Dih. Per. Imp. Dih.          LJ-14
    7.14935e+01    1.90886e+02    2.08873e+02    8.54911e+00    8.26706e+01
     Coulomb-14        LJ (SR)  Disper. corr.   Coulomb (SR)   Coul. recip.
    7.92087e+02    1.46262e+04   -6.40743e+02   -9.40564e+04    4.01378e+02
      Potential    Kinetic En.   Total Energy  Conserved En.    Temperature
   -7.83149e+04    1.28159e+04   -6.54990e+04   -7.18651e+04    3.00527e+02
 Pres. DC (bar) Pressure (bar)   Constr. rmsd
   -2.09422e+02   -6.55411e+02    2.71434e-06


DD  step 874999 load imb.: force 38.4%  pme mesh/force 0.402
           Step           Time
         875000     1750.00000

   Energies (kJ/mol)
           Bond          Angle    Proper Dih. Per. Imp. Dih.          LJ-14
    5.95062e+01    2.11836e+02    2.08657e+02    1.58804e+01    9.90605e+01
     Coulomb-14        LJ (SR)  Disper. corr.   Coulomb (SR)   Coul. recip.
    8.31295e+02    1.52253e+04   -6.36718e+02   -9.44926e+04    3.92299e+02
      Potential    Kinetic En.   Total Energy  Conserved En.    Temperature
   -7.80856e+04    1.30684e+04   -6.50171e+04   -7.18936e+04    3.06448e+02
 Pres. DC (bar) Pressure (bar)   Constr. rmsd
   -2.06802e+02    2.51236e+02    2.27271e-06


DD  step 879999 load imb.: force 23.9%  pme mesh/force 0.567
           Step           Time
         880000     1760.00000

   Energies (kJ/mol)
           Bond          Angle    Proper Dih. Per. Imp. Dih.          LJ-14
    8.09920e+01    1.45230e+02    1.89269e+02    5.69437e+00    1.01935e+02
     Coulomb-14        LJ (SR)  Disper. corr.   Coulomb (SR)   Coul. recip.
    8.02005e+02    1.50976e+04   -6.43149e+02   -9.50856e+04    3.95685e+02
      Potential    Kinetic En.   Total Energy  Conserved En.    Temperature
   -7.89102e+04    1.29394e+04   -6.59709e+04   -7.19428e+04    3.03422e+02
 Pres. DC (bar) Pressure (bar)   Constr. rmsd
   -2.10995e+02   -2.49175e+02    2.86662e-06


DD  step 884999 load imb.: force 41.6%  pme mesh/force 0.483
           Step           Time
         885000     1770.00000

   Energies (kJ/mol)
           Bond          Angle    Proper Dih. Per. Imp. Dih.          LJ-14
    8.57745e+01    2.25858e+02    1.91020e+02    5.39994e+00    1.04029e+02
     Coulomb-14        LJ (SR)  Disper. corr.   Coulomb (SR)   Coul. recip.
    7.98268e+02    1.49506e+04   -6.36025e+02   -9.43064e+04    3.96886e+02
      Potential    Kinetic En.   Total Energy  Conserved En.    Temperature
   -7.81846e+04    1.29142e+04   -6.52704e+04   -7.19643e+04    3.02832e+02
 Pres. DC (bar) Pressure (bar)   Constr. rmsd
   -2.06352e+02   -2.77458e+02    2.09246e-06


DD  step 889999 load imb.: force 36.2%  pme mesh/force 0.461
           Step           Time
         890000     1780.00000

   Energies (kJ/mol)
           Bond          Angle    Proper Dih. Per. Imp. Dih.          LJ-14
    8.22140e+01    1.61409e+02    2.12140e+02    6.70988e+00    9.72623e+01
     Coulomb-14        LJ (SR)  Disper. corr.   Coulomb (SR)   Coul. recip.
    8.20710e+02    1.49889e+04   -6.39345e+02   -9.46890e+04    4.41531e+02
      Potential    Kinetic En.   Total Energy  Conserved En.    Temperature
   -7.85174e+04    1.27854e+04   -6.57321e+04   -7.20012e+04    2.99810e+02
 Pres. DC (bar) Pressure (bar)   Constr. rmsd
   -2.08510e+02   -2.65368e+02    2.27518e-06


DD  step 894999 load imb.: force 36.5%  pme mesh/force 0.466
           Step           Time
         895000     1790.00000

   Energies (kJ/mol)
           Bond          Angle    Proper Dih. Per. Imp. Dih.          LJ-14
    5.77746e+01    1.77706e+02    2.15408e+02    7.73352e+00    9.32842e+01
     Coulomb-14        LJ (SR)  Disper. corr.   Coulomb (SR)   Coul. recip.
    8.34002e+02    1.53246e+04   -6.39012e+02   -9.51767e+04    3.85471e+02
      Potential    Kinetic En.   Total Energy  Conserved En.    Temperature
   -7.87197e+04    1.27350e+04   -6.59847e+04   -7.20263e+04    2.98629e+02
 Pres. DC (bar) Pressure (bar)   Constr. rmsd
   -2.08293e+02   -1.32983e+01    2.29028e-06


DD  step 899999 load imb.: force 31.8%  pme mesh/force 0.547
           Step           Time
         900000     1800.00000

   Energies (kJ/mol)
           Bond          Angle    Proper Dih. Per. Imp. Dih.          LJ-14
    8.33329e+01    1.69674e+02    2.25590e+02    1.37344e+01    1.09225e+02
     Coulomb-14        LJ (SR)  Disper. corr.   Coulomb (SR)   Coul. recip.
    7.93844e+02    1.51374e+04   -6.44943e+02   -9.51678e+04    4.15754e+02
      Potential    Kinetic En.   Total Energy  Conserved En.    Temperature
   -7.88642e+04    1.25705e+04   -6.62936e+04   -7.20639e+04    2.94772e+02
 Pres. DC (bar) Pressure (bar)   Constr. rmsd
   -2.12173e+02   -1.77389e+02    2.55842e-06


DD  step 904999 load imb.: force 32.6%  pme mesh/force 0.476
           Step           Time
         905000     1810.00000

   Energies (kJ/mol)
           Bond          Angle    Proper Dih. Per. Imp. Dih.          LJ-14
    5.44319e+01    2.03760e+02    1.83789e+02    1.70811e+01    1.07101e+02
     Coulomb-14        LJ (SR)  Disper. corr.   Coulomb (SR)   Coul. recip.
    7.77104e+02    1.48939e+04   -6.34703e+02   -9.40409e+04    4.36401e+02
      Potential    Kinetic En.   Total Energy  Conserved En.    Temperature
   -7.80020e+04    1.27634e+04   -6.52386e+04   -7.20963e+04    2.99296e+02
 Pres. DC (bar) Pressure (bar)   Constr. rmsd
   -2.05497e+02   -3.32232e+02    3.83054e-06


DD  step 909999 load imb.: force 31.4%  pme mesh/force 0.454
           Step           Time
         910000     1820.00000

   Energies (kJ/mol)
           Bond          Angle    Proper Dih. Per. Imp. Dih.          LJ-14
    7.84701e+01    1.75836e+02    2.00088e+02    1.66775e+01    1.01722e+02
     Coulomb-14        LJ (SR)  Disper. corr.   Coulomb (SR)   Coul. recip.
    8.29456e+02    1.51841e+04   -6.37838e+02   -9.44612e+04    4.02074e+02
      Potential    Kinetic En.   Total Energy  Conserved En.    Temperature
   -7.81106e+04    1.27075e+04   -6.54031e+04   -7.21101e+04    2.97983e+02
 Pres. DC (bar) Pressure (bar)   Constr. rmsd
   -2.07529e+02    7.45041e+01    3.00056e-06


DD  step 914999 load imb.: force 28.7%  pme mesh/force 0.463
           Step           Time
         915000     1830.00000

   Energies (kJ/mol)
           Bond          Angle    Proper Dih. Per. Imp. Dih.          LJ-14
    6.82310e+01    2.00258e+02    2.17205e+02    1.13651e+01    9.58949e+01
     Coulomb-14        LJ (SR)  Disper. corr.   Coulomb (SR)   Coul. recip.
    8.04055e+02    1.50642e+04   -6.40971e+02   -9.43484e+04    4.06338e+02
      Potential    Kinetic En.   Total Energy  Conserved En.    Temperature
   -7.81218e+04    1.26440e+04   -6.54778e+04   -7.21426e+04    2.96496e+02
 Pres. DC (bar) Pressure (bar)   Constr. rmsd
   -2.09571e+02    2.07413e+01    3.58238e-06


DD  step 919999 load imb.: force 33.2%  pme mesh/force 0.446
           Step           Time
         920000     1840.00000

   Energies (kJ/mol)
           Bond          Angle    Proper Dih. Per. Imp. Dih.          LJ-14
    5.70489e+01    1.66238e+02    1.99196e+02    8.46114e+00    9.55985e+01
     Coulomb-14        LJ (SR)  Disper. corr.   Coulomb (SR)   Coul. recip.
    8.06299e+02    1.51424e+04   -6.42892e+02   -9.47505e+04    4.28230e+02
      Potential    Kinetic En.   Total Energy  Conserved En.    Temperature
   -7.84899e+04    1.29110e+04   -6.55789e+04   -7.22066e+04    3.02757e+02
 Pres. DC (bar) Pressure (bar)   Constr. rmsd
   -2.10827e+02   -5.78734e+01    2.95664e-06


DD  step 924999 load imb.: force 32.2%  pme mesh/force 0.476
           Step           Time
         925000     1850.00000

   Energies (kJ/mol)
           Bond          Angle    Proper Dih. Per. Imp. Dih.          LJ-14
    7.71864e+01    1.97071e+02    1.97654e+02    6.05186e+00    1.05489e+02
     Coulomb-14        LJ (SR)  Disper. corr.   Coulomb (SR)   Coul. recip.
    8.28756e+02    1.49457e+04   -6.39502e+02   -9.45313e+04    4.14478e+02
      Potential    Kinetic En.   Total Energy  Conserved En.    Temperature
   -7.83984e+04    1.27570e+04   -6.56414e+04   -7.22112e+04    2.99146e+02
 Pres. DC (bar) Pressure (bar)   Constr. rmsd
   -2.08612e+02   -1.37039e+02    2.84294e-06


DD  step 929999 load imb.: force 32.2%  pme mesh/force 0.457
           Step           Time
         930000     1860.00000

   Energies (kJ/mol)
           Bond          Angle    Proper Dih. Per. Imp. Dih.          LJ-14
    8.21253e+01    1.81636e+02    1.91873e+02    1.17628e+01    1.03322e+02
     Coulomb-14        LJ (SR)  Disper. corr.   Coulomb (SR)   Coul. recip.
    8.19200e+02    1.45249e+04   -6.41886e+02   -9.37193e+04    3.87895e+02
      Potential    Kinetic En.   Total Energy  Conserved En.    Temperature
   -7.80585e+04    1.26467e+04   -6.54118e+04   -7.22514e+04    2.96558e+02
 Pres. DC (bar) Pressure (bar)   Constr. rmsd
   -2.10169e+02   -4.46109e+02    2.23321e-06


DD  step 934999 load imb.: force 31.4%  pme mesh/force 0.459
           Step           Time
         935000     1870.00000

   Energies (kJ/mol)
           Bond          Angle    Proper Dih. Per. Imp. Dih.          LJ-14
    8.83717e+01    1.59271e+02    1.94209e+02    8.17909e+00    9.04720e+01
     Coulomb-14        LJ (SR)  Disper. corr.   Coulomb (SR)   Coul. recip.
    7.76856e+02    1.54367e+04   -6.45808e+02   -9.50718e+04    3.86691e+02
      Potential    Kinetic En.   Total Energy  Conserved En.    Temperature
   -7.85768e+04    1.25806e+04   -6.59962e+04   -7.22726e+04    2.95009e+02
 Pres. DC (bar) Pressure (bar)   Constr. rmsd
   -2.12742e+02    2.03120e+02    2.52874e-06


DD  step 939999 load imb.: force 31.3%  pme mesh/force 0.479
           Step           Time
         940000     1880.00000

   Energies (kJ/mol)
           Bond          Angle    Proper Dih. Per. Imp. Dih.          LJ-14
    4.45278e+01    1.88147e+02    2.05250e+02    1.79160e+01    1.06295e+02
     Coulomb-14        LJ (SR)  Disper. corr.   Coulomb (SR)   Coul. recip.
    8.05305e+02    1.52652e+04   -6.44081e+02   -9.44334e+04    3.97724e+02
      Potential    Kinetic En.   Total Energy  Conserved En.    Temperature
   -7.80471e+04    1.31010e+04   -6.49460e+04   -7.22860e+04    3.07213e+02
 Pres. DC (bar) Pressure (bar)   Constr. rmsd
   -2.11607e+02    6.13113e+02    2.96571e-06


DD  step 944999 load imb.: force 35.0%  pme mesh/force 0.456
           Step           Time
         945000     1890.00000

   Energies (kJ/mol)
           Bond          Angle    Proper Dih. Per. Imp. Dih.          LJ-14
    1.13780e+02    1.53667e+02    1.99657e+02    4.92648e+00    8.91166e+01
     Coulomb-14        LJ (SR)  Disper. corr.   Coulomb (SR)   Coul. recip.
    7.96341e+02    1.54492e+04   -6.34031e+02   -9.49498e+04    4.17764e+02
      Potential    Kinetic En.   Total Energy  Conserved En.    Temperature
   -7.83594e+04    1.29967e+04   -6.53627e+04   -7.23276e+04    3.04766e+02
 Pres. DC (bar) Pressure (bar)   Constr. rmsd
   -2.05063e+02    2.49429e+01    2.53292e-06


DD  step 949999 load imb.: force 32.3%  pme mesh/force 0.461
           Step           Time
         950000     1900.00000

   Energies (kJ/mol)
           Bond          Angle    Proper Dih. Per. Imp. Dih.          LJ-14
    7.64292e+01    1.89586e+02    2.14930e+02    6.33171e+00    9.33694e+01
     Coulomb-14        LJ (SR)  Disper. corr.   Coulomb (SR)   Coul. recip.
    8.13516e+02    1.49746e+04   -6.39039e+02   -9.42525e+04    4.26331e+02
      Potential    Kinetic En.   Total Energy  Conserved En.    Temperature
   -7.80965e+04    1.29009e+04   -6.51956e+04   -7.23732e+04    3.02519e+02
 Pres. DC (bar) Pressure (bar)   Constr. rmsd
   -2.08311e+02   -1.45292e+02    3.16986e-06


DD  step 954999 load imb.: force 31.8%  pme mesh/force 0.489
           Step           Time
         955000     1910.00000

   Energies (kJ/mol)
           Bond          Angle    Proper Dih. Per. Imp. Dih.          LJ-14
    5.63113e+01    1.96408e+02    2.02864e+02    9.42049e+00    1.12641e+02
     Coulomb-14        LJ (SR)  Disper. corr.   Coulomb (SR)   Coul. recip.
    7.92705e+02    1.50076e+04   -6.39446e+02   -9.43752e+04    3.96904e+02
      Potential    Kinetic En.   Total Energy  Conserved En.    Temperature
   -7.82399e+04    1.31893e+04   -6.50506e+04   -7.24469e+04    3.09282e+02
 Pres. DC (bar) Pressure (bar)   Constr. rmsd
   -2.08576e+02    4.26556e+01    2.32878e-06


DD  step 959999 load imb.: force 38.2%  pme mesh/force 0.436
           Step           Time
         960000     1920.00000

   Energies (kJ/mol)
           Bond          Angle    Proper Dih. Per. Imp. Dih.          LJ-14
    5.68951e+01    1.85310e+02    2.00193e+02    1.07668e+01    1.07079e+02
     Coulomb-14        LJ (SR)  Disper. corr.   Coulomb (SR)   Coul. recip.
    7.98653e+02    1.51211e+04   -6.41462e+02   -9.48416e+04    4.36174e+02
      Potential    Kinetic En.   Total Energy  Conserved En.    Temperature
   -7.85670e+04    1.24883e+04   -6.60786e+04   -7.24325e+04    2.92845e+02
 Pres. DC (bar) Pressure (bar)   Constr. rmsd
   -2.09892e+02    4.93723e+01    2.42193e-06


DD  step 964999 load imb.: force 28.0%  pme mesh/force 0.495
           Step           Time
         965000     1930.00000

   Energies (kJ/mol)
           Bond          Angle    Proper Dih. Per. Imp. Dih.          LJ-14
    6.88382e+01    1.99198e+02    2.14663e+02    4.76471e+00    1.08275e+02
     Coulomb-14        LJ (SR)  Disper. corr.   Coulomb (SR)   Coul. recip.
    8.31019e+02    1.55894e+04   -6.43029e+02   -9.52610e+04    4.35097e+02
      Potential    Kinetic En.   Total Energy  Conserved En.    Temperature
   -7.84528e+04    1.26222e+04   -6.58306e+04   -7.24872e+04    2.95984e+02
 Pres. DC (bar) Pressure (bar)   Constr. rmsd
   -2.10917e+02    4.96569e+02    1.85689e-06


DD  step 969999 load imb.: force 29.9%  pme mesh/force 0.471
           Step           Time
         970000     1940.00000

   Energies (kJ/mol)
           Bond          Angle    Proper Dih. Per. Imp. Dih.          LJ-14
    6.45858e+01    1.95240e+02    1.90544e+02    8.79577e+00    1.02583e+02
     Coulomb-14        LJ (SR)  Disper. corr.   Coulomb (SR)   Coul. recip.
    7.91422e+02    1.52499e+04   -6.34480e+02   -9.45791e+04    4.11323e+02
      Potential    Kinetic En.   Total Energy  Conserved En.    Temperature
   -7.81992e+04    1.28517e+04   -6.53476e+04   -7.25059e+04    3.01365e+02
 Pres. DC (bar) Pressure (bar)   Constr. rmsd
   -2.05353e+02    6.20090e+01    2.73233e-06


DD  step 974999 load imb.: force 34.2%  pme mesh/force 0.443
           Step           Time
         975000     1950.00000

   Energies (kJ/mol)
           Bond          Angle    Proper Dih. Per. Imp. Dih.          LJ-14
    7.29019e+01    1.83143e+02    2.07198e+02    1.37107e+01    9.82135e+01
     Coulomb-14        LJ (SR)  Disper. corr.   Coulomb (SR)   Coul. recip.
    8.08528e+02    1.51114e+04   -6.44165e+02   -9.48546e+04    4.01072e+02
      Potential    Kinetic En.   Total Energy  Conserved En.    Temperature
   -7.86027e+04    1.27016e+04   -6.59011e+04   -7.25515e+04    2.97846e+02
 Pres. DC (bar) Pressure (bar)   Constr. rmsd
   -2.11662e+02   -1.20330e+02    2.74017e-06


DD  step 979999 load imb.: force 32.1%  pme mesh/force 0.460
           Step           Time
         980000     1960.00000

   Energies (kJ/mol)
           Bond          Angle    Proper Dih. Per. Imp. Dih.          LJ-14
    5.56194e+01    1.69991e+02    1.93270e+02    7.95234e+00    9.48328e+01
     Coulomb-14        LJ (SR)  Disper. corr.   Coulomb (SR)   Coul. recip.
    7.82374e+02    1.49138e+04   -6.41401e+02   -9.46385e+04    3.87351e+02
      Potential    Kinetic En.   Total Energy  Conserved En.    Temperature
   -7.86747e+04    1.25970e+04   -6.60776e+04   -7.25800e+04    2.95394e+02
 Pres. DC (bar) Pressure (bar)   Constr. rmsd
   -2.09852e+02   -2.06283e+02    2.94201e-06


DD  step 984999 load imb.: force 33.9%  pme mesh/force 0.463
           Step           Time
         985000     1970.00000

   Energies (kJ/mol)
           Bond          Angle    Proper Dih. Per. Imp. Dih.          LJ-14
    7.47732e+01    2.21523e+02    2.02377e+02    8.33345e+00    9.88115e+01
     Coulomb-14        LJ (SR)  Disper. corr.   Coulomb (SR)   Coul. recip.
    8.00140e+02    1.52518e+04   -6.38318e+02   -9.45193e+04    4.14253e+02
      Potential    Kinetic En.   Total Energy  Conserved En.    Temperature
   -7.80856e+04    1.32297e+04   -6.48559e+04   -7.26029e+04    3.10230e+02
 Pres. DC (bar) Pressure (bar)   Constr. rmsd
   -2.07842e+02    7.46472e+01    3.35066e-06


DD  step 989999 load imb.: force 34.1%  pme mesh/force 0.446
           Step           Time
         990000     1980.00000

   Energies (kJ/mol)
           Bond          Angle    Proper Dih. Per. Imp. Dih.          LJ-14
    6.91646e+01    2.31338e+02    1.83404e+02    3.16579e+00    1.01200e+02
     Coulomb-14        LJ (SR)  Disper. corr.   Coulomb (SR)   Coul. recip.
    7.76902e+02    1.47414e+04   -6.35795e+02   -9.42709e+04    4.40879e+02
      Potential    Kinetic En.   Total Energy  Conserved En.    Temperature
   -7.83592e+04    1.27719e+04   -6.55873e+04   -7.25958e+04    2.99494e+02
 Pres. DC (bar) Pressure (bar)   Constr. rmsd
   -2.06204e+02   -6.12858e+02    2.73584e-06


DD  step 994999 load imb.: force 33.4%  pme mesh/force 0.451
           Step           Time
         995000     1990.00000

   Energies (kJ/mol)
           Bond          Angle    Proper Dih. Per. Imp. Dih.          LJ-14
    7.48304e+01    1.99499e+02    2.03836e+02    5.58264e+00    9.11746e+01
     Coulomb-14        LJ (SR)  Disper. corr.   Coulomb (SR)   Coul. recip.
    7.87658e+02    1.50978e+04   -6.39861e+02   -9.42943e+04    4.25388e+02
      Potential    Kinetic En.   Total Energy  Conserved En.    Temperature
   -7.80484e+04    1.30677e+04   -6.49807e+04   -7.26495e+04    3.06431e+02
 Pres. DC (bar) Pressure (bar)   Constr. rmsd
   -2.08846e+02   -9.40690e+01    1.97606e-06


DD  step 999999 load imb.: force 33.2%  pme mesh/force 0.435
           Step           Time
        1000000     2000.00000

   Energies (kJ/mol)
           Bond          Angle    Proper Dih. Per. Imp. Dih.          LJ-14
    5.93071e+01    1.86744e+02    2.08966e+02    6.24024e+00    8.60773e+01
     Coulomb-14        LJ (SR)  Disper. corr.   Coulomb (SR)   Coul. recip.
    7.84766e+02    1.45118e+04   -6.36009e+02   -9.34285e+04    4.09205e+02
      Potential    Kinetic En.   Total Energy  Conserved En.    Temperature
   -7.78113e+04    1.27288e+04   -6.50825e+04   -7.26867e+04    2.98483e+02
 Pres. DC (bar) Pressure (bar)   Constr. rmsd
   -2.06342e+02   -6.17870e+02    3.25386e-06


DD  step 1004999 load imb.: force 29.7%  pme mesh/force 0.468
           Step           Time
        1005000     2010.00000

   Energies (kJ/mol)
           Bond          Angle    Proper Dih. Per. Imp. Dih.          LJ-14
    8.72580e+01    1.73340e+02    1.95733e+02    5.25028e+00    1.11225e+02
     Coulomb-14        LJ (SR)  Disper. corr.   Coulomb (SR)   Coul. recip.
    8.05385e+02    1.53437e+04   -6.43997e+02   -9.52783e+04    4.06359e+02
      Potential    Kinetic En.   Total Energy  Conserved En.    Temperature
   -7.87941e+04    1.28724e+04   -6.59217e+04   -7.27305e+04    3.01850e+02
 Pres. DC (bar) Pressure (bar)   Constr. rmsd
   -2.11552e+02    7.65561e+01    2.71113e-06


DD  step 1009999 load imb.: force 34.6%  pme mesh/force 0.468
           Step           Time
        1010000     2020.00000

   Energies (kJ/mol)
           Bond          Angle    Proper Dih. Per. Imp. Dih.          LJ-14
    6.50448e+01    1.92616e+02    1.75509e+02    9.84331e+00    9.52712e+01
     Coulomb-14        LJ (SR)  Disper. corr.   Coulomb (SR)   Coul. recip.
    8.13457e+02    1.49111e+04   -6.40907e+02   -9.43858e+04    4.09068e+02
      Potential    Kinetic En.   Total Energy  Conserved En.    Temperature
   -7.83547e+04    1.25405e+04   -6.58142e+04   -7.27266e+04    2.94069e+02
 Pres. DC (bar) Pressure (bar)   Constr. rmsd
   -2.09529e+02   -2.47978e+02    2.12985e-06


DD  step 1014999 load imb.: force 28.6%  pme mesh/force 0.421
           Step           Time
        1015000     2030.00000

   Energies (kJ/mol)
           Bond          Angle    Proper Dih. Per. Imp. Dih.          LJ-14
    5.77414e+01    2.07715e+02    2.00262e+02    8.28261e+00    9.50536e+01
     Coulomb-14        LJ (SR)  Disper. corr.   Coulomb (SR)   Coul. recip.
    7.92498e+02    1.51962e+04   -6.45747e+02   -9.46687e+04    4.48854e+02
      Potential    Kinetic En.   Total Energy  Conserved En.    Temperature
   -7.83079e+04    1.29020e+04   -6.54059e+04   -7.27919e+04    3.02546e+02
 Pres. DC (bar) Pressure (bar)   Constr. rmsd
   -2.12702e+02    1.21602e+02    2.14984e-06


DD  step 1019999 load imb.: force 29.9%  pme mesh/force 0.415
           Step           Time
        1020000     2040.00000

   Energies (kJ/mol)
           Bond          Angle    Proper Dih. Per. Imp. Dih.          LJ-14
    7.06172e+01    1.98721e+02    2.25645e+02    1.79341e+01    1.07556e+02
     Coulomb-14        LJ (SR)  Disper. corr.   Coulomb (SR)   Coul. recip.
    8.19529e+02    1.52005e+04   -6.41111e+02   -9.45820e+04    4.22684e+02
      Potential    Kinetic En.   Total Energy  Conserved En.    Temperature
   -7.81599e+04    1.29469e+04   -6.52130e+04   -7.28132e+04    3.03597e+02
 Pres. DC (bar) Pressure (bar)   Constr. rmsd
   -2.09662e+02    1.66406e+02    2.32006e-06


DD  step 1024999 load imb.: force 29.9%  pme mesh/force 0.421
           Step           Time
        1025000     2050.00000

   Energies (kJ/mol)
           Bond          Angle    Proper Dih. Per. Imp. Dih.          LJ-14
    6.81780e+01    1.86114e+02    2.11066e+02    7.24886e+00    1.08720e+02
     Coulomb-14        LJ (SR)  Disper. corr.   Coulomb (SR)   Coul. recip.
    7.89690e+02    1.46742e+04   -6.38392e+02   -9.40008e+04    4.52120e+02
      Potential    Kinetic En.   Total Energy  Conserved En.    Temperature
   -7.81418e+04    1.28864e+04   -6.52554e+04   -7.28335e+04    3.02179e+02
 Pres. DC (bar) Pressure (bar)   Constr. rmsd
   -2.07890e+02   -2.93575e+02    4.38099e-06


DD  step 1029999 load imb.: force 26.3%  pme mesh/force 0.461
           Step           Time
        1030000     2060.00000

   Energies (kJ/mol)
           Bond          Angle    Proper Dih. Per. Imp. Dih.          LJ-14
    6.09168e+01    1.91839e+02    2.17476e+02    1.40670e+01    1.03535e+02
     Coulomb-14        LJ (SR)  Disper. corr.   Coulomb (SR)   Coul. recip.
    8.16806e+02    1.52594e+04   -6.38548e+02   -9.47119e+04    3.99445e+02
      Potential    Kinetic En.   Total Energy  Conserved En.    Temperature
   -7.82869e+04    1.29246e+04   -6.53623e+04   -7.28535e+04    3.03075e+02
 Pres. DC (bar) Pressure (bar)   Constr. rmsd
   -2.07991e+02    2.03359e+02    2.57781e-06


DD  step 1034999 load imb.: force 29.3%  pme mesh/force 0.499
           Step           Time
        1035000     2070.00000

   Energies (kJ/mol)
           Bond          Angle    Proper Dih. Per. Imp. Dih.          LJ-14
    4.79263e+01    1.79012e+02    2.10363e+02    6.23035e+00    1.04826e+02
     Coulomb-14        LJ (SR)  Disper. corr.   Coulomb (SR)   Coul. recip.
    7.94113e+02    1.54665e+04   -6.42388e+02   -9.47373e+04    4.39742e+02
      Potential    Kinetic En.   Total Energy  Conserved En.    Temperature
   -7.81309e+04    1.26823e+04   -6.54486e+04   -7.28913e+04    2.97393e+02
 Pres. DC (bar) Pressure (bar)   Constr. rmsd
   -2.10497e+02    6.22637e+02    2.87938e-06


DD  step 1039999 load imb.: force 26.9%  pme mesh/force 0.532
           Step           Time
        1040000     2080.00000

   Energies (kJ/mol)
           Bond          Angle    Proper Dih. Per. Imp. Dih.          LJ-14
    6.80320e+01    1.63863e+02    1.89252e+02    9.18973e+00    1.09205e+02
     Coulomb-14        LJ (SR)  Disper. corr.   Coulomb (SR)   Coul. recip.
    8.08672e+02    1.51900e+04   -6.44837e+02   -9.44960e+04    4.25394e+02
      Potential    Kinetic En.   Total Energy  Conserved En.    Temperature
   -7.81772e+04    1.25479e+04   -6.56293e+04   -7.29411e+04    2.94242e+02
 Pres. DC (bar) Pressure (bar)   Constr. rmsd
   -2.12104e+02    1.76647e+02    1.62833e-06


DD  step 1044999 load imb.: force 37.9%  pme mesh/force 0.437
           Step           Time
        1045000     2090.00000

   Energies (kJ/mol)
           Bond          Angle    Proper Dih. Per. Imp. Dih.          LJ-14
    4.04552e+01    1.76181e+02    2.02624e+02    8.30563e+00    1.03775e+02
     Coulomb-14        LJ (SR)  Disper. corr.   Coulomb (SR)   Coul. recip.
    7.90743e+02    1.53249e+04   -6.41804e+02   -9.50809e+04    4.30046e+02
      Potential    Kinetic En.   Total Energy  Conserved En.    Temperature
   -7.86457e+04    1.26257e+04   -6.60199e+04   -7.29708e+04    2.96067e+02
 Pres. DC (bar) Pressure (bar)   Constr. rmsd
   -2.10115e+02    2.97906e+02    1.76918e-06


DD  step 1049999 load imb.: force 38.2%  pme mesh/force 0.541
           Step           Time
        1050000     2100.00000

   Energies (kJ/mol)
           Bond          Angle    Proper Dih. Per. Imp. Dih.          LJ-14
    6.20196e+01    1.85583e+02    1.88398e+02    9.37696e+00    1.06084e+02
     Coulomb-14        LJ (SR)  Disper. corr.   Coulomb (SR)   Coul. recip.
    7.97136e+02    1.50545e+04   -6.41211e+02   -9.47881e+04    4.31666e+02
      Potential    Kinetic En.   Total Energy  Conserved En.    Temperature
   -7.85945e+04    1.28407e+04   -6.57539e+04   -7.29970e+04    3.01107e+02
 Pres. DC (bar) Pressure (bar)   Constr. rmsd
   -2.09728e+02   -2.08350e+02    1.57086e-06


DD  step 1054999 load imb.: force 27.4%  pme mesh/force 0.510
           Step           Time
        1055000     2110.00000

   Energies (kJ/mol)
           Bond          Angle    Proper Dih. Per. Imp. Dih.          LJ-14
    6.11708e+01    1.64306e+02    2.05164e+02    9.70038e+00    9.53303e+01
     Coulomb-14        LJ (SR)  Disper. corr.   Coulomb (SR)   Coul. recip.
    7.86166e+02    1.51371e+04   -6.38407e+02   -9.45444e+04    4.32132e+02
      Potential    Kinetic En.   Total Energy  Conserved En.    Temperature
   -7.82917e+04    1.27314e+04   -6.55604e+04   -7.30447e+04    2.98544e+02
 Pres. DC (bar) Pressure (bar)   Constr. rmsd
   -2.07900e+02   -1.44279e+02    3.00440e-06


DD  step 1059999 load imb.: force 29.4%  pme mesh/force 0.457
           Step           Time
        1060000     2120.00000

   Energies (kJ/mol)
           Bond          Angle    Proper Dih. Per. Imp. Dih.          LJ-14
    7.20572e+01    1.57887e+02    2.06668e+02    5.96616e+00    1.06176e+02
     Coulomb-14        LJ (SR)  Disper. corr.   Coulomb (SR)   Coul. recip.
    8.04712e+02    1.49812e+04   -6.38747e+02   -9.48583e+04    3.91725e+02
      Potential    Kinetic En.   Total Energy  Conserved En.    Temperature
   -7.87707e+04    1.26687e+04   -6.61019e+04   -7.30838e+04    2.97075e+02
 Pres. DC (bar) Pressure (bar)   Constr. rmsd
   -2.08120e+02   -4.91931e+02    1.73031e-06


DD  step 1064999 load imb.: force 36.3%  pme mesh/force 0.450
           Step           Time
        1065000     2130.00000

   Energies (kJ/mol)
           Bond          Angle    Proper Dih. Per. Imp. Dih.          LJ-14
    7.38907e+01    1.85063e+02    2.13944e+02    1.39968e+01    1.04601e+02
     Coulomb-14        LJ (SR)  Disper. corr.   Coulomb (SR)   Coul. recip.
    7.82068e+02    1.51080e+04   -6.34792e+02   -9.45053e+04    4.00201e+02
      Potential    Kinetic En.   Total Energy  Conserved En.    Temperature
   -7.82583e+04    1.29953e+04   -6.52630e+04   -7.31337e+04    3.04732e+02
 Pres. DC (bar) Pressure (bar)   Constr. rmsd
   -2.05555e+02   -3.41117e+01    2.75330e-06


DD  step 1069999 load imb.: force 30.0%  pme mesh/force 0.450
           Step           Time
        1070000     2140.00000

   Energies (kJ/mol)
           Bond          Angle    Proper Dih. Per. Imp. Dih.          LJ-14
    1.12965e+02    1.61922e+02    1.86522e+02    5.71585e+00    8.75986e+01
     Coulomb-14        LJ (SR)  Disper. corr.   Coulomb (SR)   Coul. recip.
    7.84416e+02    1.49458e+04   -6.40069e+02   -9.43525e+04    4.20347e+02
      Potential    Kinetic En.   Total Energy  Conserved En.    Temperature
   -7.82874e+04    1.27098e+04   -6.55776e+04   -7.31584e+04    2.98038e+02
 Pres. DC (bar) Pressure (bar)   Constr. rmsd
   -2.08982e+02   -2.64061e+02    1.70509e-06


DD  step 1074999 load imb.: force 30.2%  pme mesh/force 0.627
           Step           Time
        1075000     2150.00000

   Energies (kJ/mol)
           Bond          Angle    Proper Dih. Per. Imp. Dih.          LJ-14
    5.53819e+01    2.13679e+02    1.99476e+02    8.82896e+00    9.04296e+01
     Coulomb-14        LJ (SR)  Disper. corr.   Coulomb (SR)   Coul. recip.
    7.79437e+02    1.49182e+04   -6.41628e+02   -9.45511e+04    4.46941e+02
      Potential    Kinetic En.   Total Energy  Conserved En.    Temperature
   -7.84803e+04    1.27043e+04   -6.57761e+04   -7.32103e+04    2.97909e+02
 Pres. DC (bar) Pressure (bar)   Constr. rmsd
   -2.10000e+02   -3.53375e+02    1.97159e-06


DD  step 1079999 load imb.: force 28.9%  pme mesh/force 0.510
           Step           Time
        1080000     2160.00000

   Energies (kJ/mol)
           Bond          Angle    Proper Dih. Per. Imp. Dih.          LJ-14
    6.19973e+01    1.65407e+02    2.01342e+02    1.44973e+01    1.00221e+02
     Coulomb-14        LJ (SR)  Disper. corr.   Coulomb (SR)   Coul. recip.
    8.14146e+02    1.48178e+04   -6.46574e+02   -9.42135e+04    3.80520e+02
      Potential    Kinetic En.   Total Energy  Conserved En.    Temperature
   -7.83041e+04    1.26385e+04   -6.56656e+04   -7.32464e+04    2.96366e+02
 Pres. DC (bar) Pressure (bar)   Constr. rmsd
   -2.13246e+02   -8.20922e+01    3.33071e-06


DD  step 1084999 load imb.: force 36.3%  pme mesh/force 0.479
           Step           Time
        1085000     2170.00000

   Energies (kJ/mol)
           Bond          Angle    Proper Dih. Per. Imp. Dih.          LJ-14
    6.81184e+01    2.00479e+02    2.00081e+02    1.11566e+01    9.56312e+01
     Coulomb-14        LJ (SR)  Disper. corr.   Coulomb (SR)   Coul. recip.
    7.72119e+02    1.54741e+04   -6.43878e+02   -9.49481e+04    3.76504e+02
      Potential    Kinetic En.   Total Energy  Conserved En.    Temperature
   -7.83938e+04    1.29151e+04   -6.54786e+04   -7.32880e+04    3.02853e+02
 Pres. DC (bar) Pressure (bar)   Constr. rmsd
   -2.11473e+02    4.53264e+02    2.85034e-06


DD  step 1089999 load imb.: force 32.1%  pme mesh/force 0.465
           Step           Time
        1090000     2180.00000

   Energies (kJ/mol)
           Bond          Angle    Proper Dih. Per. Imp. Dih.          LJ-14
    6.49048e+01    1.46822e+02    2.06146e+02    4.87513e+00    9.19476e+01
     Coulomb-14        LJ (SR)  Disper. corr.   Coulomb (SR)   Coul. recip.
    8.30881e+02    1.55036e+04   -6.40166e+02   -9.50920e+04    3.79107e+02
      Potential    Kinetic En.   Total Energy  Conserved En.    Temperature
   -7.85039e+04    1.27358e+04   -6.57682e+04   -7.32831e+04    2.98647e+02
 Pres. DC (bar) Pressure (bar)   Constr. rmsd
   -2.09045e+02    2.89906e+02    2.26181e-06


DD  step 1094999 load imb.: force 34.2%  pme mesh/force 0.469
           Step           Time
        1095000     2190.00000

   Energies (kJ/mol)
           Bond          Angle    Proper Dih. Per. Imp. Dih.          LJ-14
    7.64752e+01    1.98258e+02    2.08373e+02    5.91609e+00    9.14934e+01
     Coulomb-14        LJ (SR)  Disper. corr.   Coulomb (SR)   Coul. recip.
    8.14909e+02    1.50473e+04   -6.40680e+02   -9.47128e+04    4.03313e+02
      Potential    Kinetic En.   Total Energy  Conserved En.    Temperature
   -7.85074e+04    1.26487e+04   -6.58587e+04   -7.33182e+04    2.96605e+02
 Pres. DC (bar) Pressure (bar)   Constr. rmsd
   -2.09381e+02   -1.42150e+02    1.51942e-06


DD  step 1099999 load imb.: force 30.0%  pme mesh/force 0.474
           Step           Time
        1100000     2200.00000

   Energies (kJ/mol)
           Bond          Angle    Proper Dih. Per. Imp. Dih.          LJ-14
    9.11950e+01    1.74138e+02    1.97684e+02    8.00828e+00    9.88088e+01
     Coulomb-14        LJ (SR)  Disper. corr.   Coulomb (SR)   Coul. recip.
    8.48170e+02    1.54434e+04   -6.39475e+02   -9.51608e+04    3.71564e+02
      Potential    Kinetic En.   Total Energy  Conserved En.    Temperature
   -7.85674e+04    1.25976e+04   -6.59697e+04   -7.33366e+04    2.95408e+02
 Pres. DC (bar) Pressure (bar)   Constr. rmsd
   -2.08595e+02    5.53256e+01    1.78887e-06


DD  step 1104999 load imb.: force 35.2%  pme mesh/force 0.569
           Step           Time
        1105000     2210.00000

   Energies (kJ/mol)
           Bond          Angle    Proper Dih. Per. Imp. Dih.          LJ-14
    7.01328e+01    1.93174e+02    2.21430e+02    7.28267e+00    9.83221e+01
     Coulomb-14        LJ (SR)  Disper. corr.   Coulomb (SR)   Coul. recip.
    8.07818e+02    1.53900e+04   -6.40320e+02   -9.49629e+04    4.32633e+02
      Potential    Kinetic En.   Total Energy  Conserved En.    Temperature
   -7.83825e+04    1.27080e+04   -6.56745e+04   -7.33630e+04    2.97995e+02
 Pres. DC (bar) Pressure (bar)   Constr. rmsd
   -2.09146e+02    2.36411e+02    2.56369e-06


DD  step 1109999 load imb.: force 33.0%  pme mesh/force 0.466
           Step           Time
        1110000     2220.00000

   Energies (kJ/mol)
           Bond          Angle    Proper Dih. Per. Imp. Dih.          LJ-14
    3.91120e+01    2.10280e+02    2.10434e+02    9.71187e+00    1.01764e+02
     Coulomb-14        LJ (SR)  Disper. corr.   Coulomb (SR)   Coul. recip.
    7.95132e+02    1.50606e+04   -6.38007e+02   -9.40880e+04    4.22861e+02
      Potential    Kinetic En.   Total Energy  Conserved En.    Temperature
   -7.78761e+04    1.26933e+04   -6.51829e+04   -7.34195e+04    2.97651e+02
 Pres. DC (bar) Pressure (bar)   Constr. rmsd
   -2.07639e+02    1.57827e+02    2.81717e-06


DD  step 1114999 load imb.: force 31.3%  pme mesh/force 0.453
           Step           Time
        1115000     2230.00000

   Energies (kJ/mol)
           Bond          Angle    Proper Dih. Per. Imp. Dih.          LJ-14
    6.25688e+01    1.96161e+02    1.90610e+02    1.70843e+01    1.00782e+02
     Coulomb-14        LJ (SR)  Disper. corr.   Coulomb (SR)   Coul. recip.
    8.17786e+02    1.51716e+04   -6.41068e+02   -9.46719e+04    4.23486e+02
      Potential    Kinetic En.   Total Energy  Conserved En.    Temperature
   -7.83329e+04    1.30539e+04   -6.52790e+04   -7.34361e+04    3.06107e+02
 Pres. DC (bar) Pressure (bar)   Constr. rmsd
   -2.09634e+02    8.51734e+01    3.20009e-06


DD  step 1119999 load imb.: force 41.6%  pme mesh/force 0.440
           Step           Time
        1120000     2240.00000

   Energies (kJ/mol)
           Bond          Angle    Proper Dih. Per. Imp. Dih.          LJ-14
    6.05088e+01    1.86779e+02    1.90088e+02    3.60972e+00    1.03587e+02
     Coulomb-14        LJ (SR)  Disper. corr.   Coulomb (SR)   Coul. recip.
    8.38270e+02    1.49270e+04   -6.43133e+02   -9.38137e+04    4.36361e+02
      Potential    Kinetic En.   Total Energy  Conserved En.    Temperature
   -7.77106e+04    1.26380e+04   -6.50725e+04   -7.34773e+04    2.96355e+02
 Pres. DC (bar) Pressure (bar)   Constr. rmsd
   -2.10986e+02    5.56190e+01    1.98108e-06


DD  step 1124999 load imb.: force 29.8%  pme mesh/force 0.477
           Step           Time
        1125000     2250.00000

   Energies (kJ/mol)
           Bond          Angle    Proper Dih. Per. Imp. Dih.          LJ-14
    5.19591e+01    1.54674e+02    2.13738e+02    1.34854e+01    1.11823e+02
     Coulomb-14        LJ (SR)  Disper. corr.   Coulomb (SR)   Coul. recip.
    8.57410e+02    1.54152e+04   -6.42244e+02   -9.51705e+04    4.11296e+02
      Potential    Kinetic En.   Total Energy  Conserved En.    Temperature
   -7.85832e+04    1.26128e+04   -6.59703e+04   -7.35003e+04    2.95764e+02
 Pres. DC (bar) Pressure (bar)   Constr. rmsd
   -2.10403e+02    2.66817e+02    1.85971e-06


DD  step 1129999 load imb.: force 31.8%  pme mesh/force 0.445
           Step           Time
        1130000     2260.00000

   Energies (kJ/mol)
           Bond          Angle    Proper Dih. Per. Imp. Dih.          LJ-14
    8.37792e+01    1.71450e+02    1.69171e+02    6.02311e+00    1.15911e+02
     Coulomb-14        LJ (SR)  Disper. corr.   Coulomb (SR)   Coul. recip.
    8.15872e+02    1.45860e+04   -6.37734e+02   -9.41620e+04    4.32640e+02
      Potential    Kinetic En.   Total Energy  Conserved En.    Temperature
   -7.84189e+04    1.25391e+04   -6.58798e+04   -7.35521e+04    2.94035e+02
 Pres. DC (bar) Pressure (bar)   Constr. rmsd
   -2.07462e+02   -6.48827e+02    2.65508e-06


DD  step 1134999 load imb.: force 28.2%  pme mesh/force 0.470
           Step           Time
        1135000     2270.00000

   Energies (kJ/mol)
           Bond          Angle    Proper Dih. Per. Imp. Dih.          LJ-14
    5.09866e+01    1.91230e+02    1.87487e+02    1.50170e+01    1.07392e+02
     Coulomb-14        LJ (SR)  Disper. corr.   Coulomb (SR)   Coul. recip.
    8.08441e+02    1.50951e+04   -6.37036e+02   -9.42264e+04    4.42747e+02
      Potential    Kinetic En.   Total Energy  Conserved En.    Temperature
   -7.79651e+04    1.27252e+04   -6.52398e+04   -7.35599e+04    2.98400e+02
 Pres. DC (bar) Pressure (bar)   Constr. rmsd
   -2.07009e+02    1.03483e+02    2.53381e-06


DD  step 1139999 load imb.: force 39.7%  pme mesh/force 0.439
           Step           Time
        1140000     2280.00000

   Energies (kJ/mol)
           Bond          Angle    Proper Dih. Per. Imp. Dih.          LJ-14
    5.34700e+01    2.02398e+02    1.97863e+02    1.10051e+01    1.04518e+02
     Coulomb-14        LJ (SR)  Disper. corr.   Coulomb (SR)   Coul. recip.
    8.33831e+02    1.47115e+04   -6.41903e+02   -9.36819e+04    3.99847e+02
      Potential    Kinetic En.   Total Energy  Conserved En.    Temperature
   -7.78095e+04    1.25570e+04   -6.52524e+04   -7.35974e+04    2.94455e+02
 Pres. DC (bar) Pressure (bar)   Constr. rmsd
   -2.10180e+02   -1.01193e+02    3.08259e-06


DD  step 1144999 load imb.: force 37.9%  pme mesh/force 0.469
           Step           Time
        1145000     2290.00000

   Energies (kJ/mol)
           Bond          Angle    Proper Dih. Per. Imp. Dih.          LJ-14
    5.90217e+01    2.07317e+02    1.91532e+02    6.10574e+00    9.80178e+01
     Coulomb-14        LJ (SR)  Disper. corr.   Coulomb (SR)   Coul. recip.
    7.83528e+02    1.55262e+04   -6.37828e+02   -9.50528e+04    4.28792e+02
      Potential    Kinetic En.   Total Energy  Conserved En.    Temperature
   -7.83901e+04    1.27136e+04   -6.56765e+04   -7.36282e+04    2.98127e+02
 Pres. DC (bar) Pressure (bar)   Constr. rmsd
   -2.07523e+02    3.79275e+02    2.85880e-06


DD  step 1149999 load imb.: force 35.4%  pme mesh/force 0.437
           Step           Time
        1150000     2300.00000

   Energies (kJ/mol)
           Bond          Angle    Proper Dih. Per. Imp. Dih.          LJ-14
    8.68797e+01    2.05862e+02    2.18460e+02    1.26623e+01    9.67531e+01
     Coulomb-14        LJ (SR)  Disper. corr.   Coulomb (SR)   Coul. recip.
    7.97728e+02    1.53581e+04   -6.43176e+02   -9.48171e+04    4.28551e+02
      Potential    Kinetic En.   Total Energy  Conserved En.    Temperature
   -7.82553e+04    1.29258e+04   -6.53294e+04   -7.36853e+04    3.03104e+02
 Pres. DC (bar) Pressure (bar)   Constr. rmsd
   -2.11013e+02    1.59102e+02    4.11157e-06


DD  step 1154999 load imb.: force 40.4%  pme mesh/force 0.431
           Step           Time
        1155000     2310.00000

   Energies (kJ/mol)
           Bond          Angle    Proper Dih. Per. Imp. Dih.          LJ-14
    7.64804e+01    1.72879e+02    1.98954e+02    1.81123e+01    9.76254e+01
     Coulomb-14        LJ (SR)  Disper. corr.   Coulomb (SR)   Coul. recip.
    8.20941e+02    1.54193e+04   -6.43190e+02   -9.52960e+04    4.08860e+02
      Potential    Kinetic En.   Total Energy  Conserved En.    Temperature
   -7.87260e+04    1.24919e+04   -6.62341e+04   -7.37167e+04    2.92928e+02
 Pres. DC (bar) Pressure (bar)   Constr. rmsd
   -2.11023e+02    9.23778e+01    1.86832e-06


DD  step 1159999 load imb.: force 27.8%  pme mesh/force 0.514
           Step           Time
        1160000     2320.00000

   Energies (kJ/mol)
           Bond          Angle    Proper Dih. Per. Imp. Dih.          LJ-14
    5.56231e+01    1.81842e+02    2.02890e+02    1.09405e+01    1.04508e+02
     Coulomb-14        LJ (SR)  Disper. corr.   Coulomb (SR)   Coul. recip.
    8.58446e+02    1.52771e+04   -6.39732e+02   -9.46351e+04    4.16339e+02
      Potential    Kinetic En.   Total Energy  Conserved En.    Temperature
   -7.81671e+04    1.27654e+04   -6.54017e+04   -7.37259e+04    2.99341e+02
 Pres. DC (bar) Pressure (bar)   Constr. rmsd
   -2.08762e+02    2.24416e+02    2.14955e-06


DD  step 1164999 load imb.: force 28.4%  pme mesh/force 0.456
           Step           Time
        1165000     2330.00000

   Energies (kJ/mol)
           Bond          Angle    Proper Dih. Per. Imp. Dih.          LJ-14
    7.60200e+01    1.88121e+02    1.91376e+02    3.92370e+00    1.01758e+02
     Coulomb-14        LJ (SR)  Disper. corr.   Coulomb (SR)   Coul. recip.
    8.05303e+02    1.52931e+04   -6.42849e+02   -9.50164e+04    3.91332e+02
      Potential    Kinetic En.   Total Energy  Conserved En.    Temperature
   -7.86084e+04    1.26022e+04   -6.60062e+04   -7.37720e+04    2.95515e+02
 Pres. DC (bar) Pressure (bar)   Constr. rmsd
   -2.10799e+02    1.15743e+02    1.67954e-06


DD  step 1169999 load imb.: force 30.1%  pme mesh/force 0.459
           Step           Time
        1170000     2340.00000

   Energies (kJ/mol)
           Bond          Angle    Proper Dih. Per. Imp. Dih.          LJ-14
    5.47740e+01    1.83770e+02    2.11206e+02    1.16094e+01    1.10462e+02
     Coulomb-14        LJ (SR)  Disper. corr.   Coulomb (SR)   Coul. recip.
    8.15002e+02    1.51523e+04   -6.43757e+02   -9.49237e+04    4.28807e+02
      Potential    Kinetic En.   Total Energy  Conserved En.    Temperature
   -7.85996e+04    1.27544e+04   -6.58452e+04   -7.38109e+04    2.99084e+02
 Pres. DC (bar) Pressure (bar)   Constr. rmsd
   -2.11394e+02    1.05790e+02    1.96457e-06


DD  step 1174999 load imb.: force 35.9%  pme mesh/force 0.397
           Step           Time
        1175000     2350.00000

   Energies (kJ/mol)
           Bond          Angle    Proper Dih. Per. Imp. Dih.          LJ-14
    6.37906e+01    1.61268e+02    2.03871e+02    8.53293e+00    9.42480e+01
     Coulomb-14        LJ (SR)  Disper. corr.   Coulomb (SR)   Coul. recip.
    7.98857e+02    1.51552e+04   -6.44603e+02   -9.45972e+04    4.08405e+02
      Potential    Kinetic En.   Total Energy  Conserved En.    Temperature
   -7.83476e+04    1.28874e+04   -6.54603e+04   -7.38486e+04    3.02202e+02
 Pres. DC (bar) Pressure (bar)   Constr. rmsd
   -2.11950e+02    1.66308e+02    3.02482e-06


DD  step 1179999 load imb.: force 41.4%  pme mesh/force 0.336
           Step           Time
        1180000     2360.00000

   Energies (kJ/mol)
           Bond          Angle    Proper Dih. Per. Imp. Dih.          LJ-14
    5.90716e+01    1.64157e+02    2.00369e+02    5.86968e+00    9.21937e+01
     Coulomb-14        LJ (SR)  Disper. corr.   Coulomb (SR)   Coul. recip.
    8.53923e+02    1.53659e+04   -6.44651e+02   -9.50991e+04    4.11069e+02
      Potential    Kinetic En.   Total Energy  Conserved En.    Temperature
   -7.85912e+04    1.24511e+04   -6.61401e+04   -7.38951e+04    2.91972e+02
 Pres. DC (bar) Pressure (bar)   Constr. rmsd
   -2.11982e+02    8.54935e+00    2.22054e-06


DD  step 1184999 load imb.: force 30.0%  pme mesh/force 0.461
           Step           Time
        1185000     2370.00000

   Energies (kJ/mol)
           Bond          Angle    Proper Dih. Per. Imp. Dih.          LJ-14
    6.09814e+01    1.68862e+02    2.05524e+02    1.08330e+01    1.11474e+02
     Coulomb-14        LJ (SR)  Disper. corr.   Coulomb (SR)   Coul. recip.
    8.24658e+02    1.47420e+04   -6.46313e+02   -9.41993e+04    4.16820e+02
      Potential    Kinetic En.   Total Energy  Conserved En.    Temperature
   -7.83044e+04    1.28692e+04   -6.54352e+04   -7.38948e+04    3.01775e+02
 Pres. DC (bar) Pressure (bar)   Constr. rmsd
   -2.13074e+02   -1.45452e+02    2.10700e-06


DD  step 1189999 load imb.: force 31.1%  pme mesh/force 0.437
           Step           Time
        1190000     2380.00000

   Energies (kJ/mol)
           Bond          Angle    Proper Dih. Per. Imp. Dih.          LJ-14
    4.97269e+01    2.13970e+02    1.89505e+02    4.98601e+00    9.29505e+01
     Coulomb-14        LJ (SR)  Disper. corr.   Coulomb (SR)   Coul. recip.
    8.10847e+02    1.50250e+04   -6.42977e+02   -9.45638e+04    4.05812e+02
      Potential    Kinetic En.   Total Energy  Conserved En.    Temperature
   -7.84140e+04    1.28479e+04   -6.55661e+04   -7.39671e+04    3.01276e+02
 Pres. DC (bar) Pressure (bar)   Constr. rmsd
   -2.10883e+02   -2.23336e+02    2.77891e-06


DD  step 1194999 load imb.: force 31.7%  pme mesh/force 0.459
           Step           Time
        1195000     2390.00000

   Energies (kJ/mol)
           Bond          Angle    Proper Dih. Per. Imp. Dih.          LJ-14
    6.59025e+01    1.90153e+02    1.82251e+02    1.58350e+01    1.21489e+02
     Coulomb-14        LJ (SR)  Disper. corr.   Coulomb (SR)   Coul. recip.
    8.20725e+02    1.52078e+04   -6.41486e+02   -9.41926e+04    4.27002e+02
      Potential    Kinetic En.   Total Energy  Conserved En.    Temperature
   -7.78029e+04    1.26607e+04   -6.51422e+04   -7.39832e+04    2.96887e+02
 Pres. DC (bar) Pressure (bar)   Constr. rmsd
   -2.09907e+02    3.75878e+02    2.86435e-06


DD  step 1199999 load imb.: force 30.2%  pme mesh/force 0.475
           Step           Time
        1200000     2400.00000

   Energies (kJ/mol)
           Bond          Angle    Proper Dih. Per. Imp. Dih.          LJ-14
    5.91231e+01    1.98346e+02    1.93604e+02    5.44828e+00    1.06771e+02
     Coulomb-14        LJ (SR)  Disper. corr.   Coulomb (SR)   Coul. recip.
    8.54364e+02    1.47948e+04   -6.43289e+02   -9.41692e+04    4.18295e+02
      Potential    Kinetic En.   Total Energy  Conserved En.    Temperature
   -7.81817e+04    1.27638e+04   -6.54179e+04   -7.40296e+04    2.99304e+02
 Pres. DC (bar) Pressure (bar)   Constr. rmsd
   -2.11087e+02   -2.04796e+02    2.64261e-06


DD  step 1204999 load imb.: force 29.1%  pme mesh/force 0.462
           Step           Time
        1205000     2410.00000

   Energies (kJ/mol)
           Bond          Angle    Proper Dih. Per. Imp. Dih.          LJ-14
    6.39234e+01    2.10353e+02    2.06015e+02    1.28180e+01    1.05513e+02
     Coulomb-14        LJ (SR)  Disper. corr.   Coulomb (SR)   Coul. recip.
    8.25312e+02    1.49182e+04   -6.36189e+02   -9.41763e+04    3.99686e+02
      Potential    Kinetic En.   Total Energy  Conserved En.    Temperature
   -7.80707e+04    1.29153e+04   -6.51554e+04   -7.40481e+04    3.02857e+02
 Pres. DC (bar) Pressure (bar)   Constr. rmsd
   -2.06459e+02   -1.69302e+01    2.34712e-06


DD  step 1209999 load imb.: force 32.1%  pme mesh/force 0.457
           Step           Time
        1210000     2420.00000

   Energies (kJ/mol)
           Bond          Angle    Proper Dih. Per. Imp. Dih.          LJ-14
    7.86007e+01    1.73424e+02    1.91791e+02    1.31344e+01    1.11601e+02
     Coulomb-14        LJ (SR)  Disper. corr.   Coulomb (SR)   Coul. recip.
    8.39218e+02    1.55201e+04   -6.44230e+02   -9.54338e+04    4.17647e+02
      Potential    Kinetic En.   Total Energy  Conserved En.    Temperature
   -7.87325e+04    1.26715e+04   -6.60610e+04   -7.40704e+04    2.97140e+02
 Pres. DC (bar) Pressure (bar)   Constr. rmsd
   -2.11705e+02    2.27526e+02    3.26359e-06


DD  step 1214999 load imb.: force 30.2%  pme mesh/force 0.418
           Step           Time
        1215000     2430.00000

   Energies (kJ/mol)
           Bond          Angle    Proper Dih. Per. Imp. Dih.          LJ-14
    7.54287e+01    2.08237e+02    1.89583e+02    7.27628e+00    1.08958e+02
     Coulomb-14        LJ (SR)  Disper. corr.   Coulomb (SR)   Coul. recip.
    8.35280e+02    1.49609e+04   -6.35923e+02   -9.45166e+04    4.40943e+02
      Potential    Kinetic En.   Total Energy  Conserved En.    Temperature
   -7.83259e+04    1.28015e+04   -6.55244e+04   -7.41003e+04    3.00188e+02
 Pres. DC (bar) Pressure (bar)   Constr. rmsd
   -2.06287e+02   -3.54335e+02    2.91586e-06


DD  step 1219999 load imb.: force 33.3%  pme mesh/force 0.462
           Step           Time
        1220000     2440.00000

   Energies (kJ/mol)
           Bond          Angle    Proper Dih. Per. Imp. Dih.          LJ-14
    6.86484e+01    2.17174e+02    2.13912e+02    4.26751e+00    1.00012e+02
     Coulomb-14        LJ (SR)  Disper. corr.   Coulomb (SR)   Coul. recip.
    8.40998e+02    1.51029e+04   -6.37881e+02   -9.42958e+04    4.26445e+02
      Potential    Kinetic En.   Total Energy  Conserved En.    Temperature
   -7.79593e+04    1.27474e+04   -6.52120e+04   -7.41350e+04    2.98919e+02
 Pres. DC (bar) Pressure (bar)   Constr. rmsd
   -2.07557e+02    2.83744e+01    2.24997e-06


DD  step 1224999 load imb.: force 29.4%  pme mesh/force 0.421
           Step           Time
        1225000     2450.00000

   Energies (kJ/mol)
           Bond          Angle    Proper Dih. Per. Imp. Dih.          LJ-14
    8.83690e+01    1.84822e+02    2.06343e+02    9.73658e+00    1.07462e+02
     Coulomb-14        LJ (SR)  Disper. corr.   Coulomb (SR)   Coul. recip.
    7.76594e+02    1.51033e+04   -6.35641e+02   -9.39604e+04    3.99432e+02
      Potential    Kinetic En.   Total Energy  Conserved En.    Temperature
   -7.77200e+04    1.24855e+04   -6.52345e+04   -7.41483e+04    2.92778e+02
 Pres. DC (bar) Pressure (bar)   Constr. rmsd
   -2.06104e+02    1.77916e+02    3.08193e-06


DD  step 1229999 load imb.: force 59.7%  pme mesh/force 0.301
           Step           Time
        1230000     2460.00000

   Energies (kJ/mol)
           Bond          Angle    Proper Dih. Per. Imp. Dih.          LJ-14
    5.15117e+01    1.82884e+02    2.12270e+02    9.67830e+00    1.06494e+02
     Coulomb-14        LJ (SR)  Disper. corr.   Coulomb (SR)   Coul. recip.
    7.97707e+02    1.48182e+04   -6.33733e+02   -9.42981e+04    4.28583e+02
      Potential    Kinetic En.   Total Energy  Conserved En.    Temperature
   -7.83245e+04    1.29520e+04   -6.53725e+04   -7.41589e+04    3.03718e+02
 Pres. DC (bar) Pressure (bar)   Constr. rmsd
   -2.04870e+02   -3.56969e+02    3.11443e-06


DD  step 1234999 load imb.: force 29.6%  pme mesh/force 0.445
           Step           Time
        1235000     2470.00000

   Energies (kJ/mol)
           Bond          Angle    Proper Dih. Per. Imp. Dih.          LJ-14
    6.48734e+01    2.05693e+02    1.96288e+02    5.72509e+00    9.69590e+01
     Coulomb-14        LJ (SR)  Disper. corr.   Coulomb (SR)   Coul. recip.
    8.07058e+02    1.55470e+04   -6.40666e+02   -9.54176e+04    3.88625e+02
      Potential    Kinetic En.   Total Energy  Conserved En.    Temperature
   -7.87460e+04    1.27987e+04   -6.59473e+04   -7.42234e+04    3.00123e+02
 Pres. DC (bar) Pressure (bar)   Constr. rmsd
   -2.09372e+02    1.98779e+02    3.44340e-06


DD  step 1239999 load imb.: force 30.0%  pme mesh/force 0.428
           Step           Time
        1240000     2480.00000

   Energies (kJ/mol)
           Bond          Angle    Proper Dih. Per. Imp. Dih.          LJ-14
    9.41036e+01    1.79835e+02    2.08044e+02    9.26895e+00    9.62254e+01
     Coulomb-14        LJ (SR)  Disper. corr.   Coulomb (SR)   Coul. recip.
    8.20217e+02    1.44582e+04   -6.39417e+02   -9.37626e+04    4.21124e+02
      Potential    Kinetic En.   Total Energy  Conserved En.    Temperature
   -7.81150e+04    1.27767e+04   -6.53382e+04   -7.42270e+04    2.99608e+02
 Pres. DC (bar) Pressure (bar)   Constr. rmsd
   -2.08557e+02   -7.01135e+02    2.01455e-06


DD  step 1244999 load imb.: force 28.8%  pme mesh/force 0.481
           Step           Time
        1245000     2490.00000

   Energies (kJ/mol)
           Bond          Angle    Proper Dih. Per. Imp. Dih.          LJ-14
    4.63440e+01    1.60378e+02    1.92416e+02    5.68763e+00    1.11790e+02
     Coulomb-14        LJ (SR)  Disper. corr.   Coulomb (SR)   Coul. recip.
    8.40997e+02    1.54577e+04   -6.44694e+02   -9.51255e+04    4.08250e+02
      Potential    Kinetic En.   Total Energy  Conserved En.    Temperature
   -7.85466e+04    1.31318e+04   -6.54148e+04   -7.42860e+04    3.07933e+02
 Pres. DC (bar) Pressure (bar)   Constr. rmsd
   -2.12009e+02    4.67432e+02    3.52443e-06


DD  step 1249999 load imb.: force 28.8%  pme mesh/force 0.460
           Step           Time
        1250000     2500.00000

   Energies (kJ/mol)
           Bond          Angle    Proper Dih. Per. Imp. Dih.          LJ-14
    7.26704e+01    1.81226e+02    1.98192e+02    9.19885e+00    8.79046e+01
     Coulomb-14        LJ (SR)  Disper. corr.   Coulomb (SR)   Coul. recip.
    8.36897e+02    1.50921e+04   -6.37445e+02   -9.45909e+04    4.01871e+02
      Potential    Kinetic En.   Total Energy  Conserved En.    Temperature
   -7.83483e+04    1.30506e+04   -6.52977e+04   -7.43287e+04    3.06029e+02
 Pres. DC (bar) Pressure (bar)   Constr. rmsd
   -2.07274e+02   -3.30805e+02    3.63532e-06


DD  step 1254999 load imb.: force 35.2%  pme mesh/force 0.515
           Step           Time
        1255000     2510.00000

   Energies (kJ/mol)
           Bond          Angle    Proper Dih. Per. Imp. Dih.          LJ-14
    6.59449e+01    2.07310e+02    2.37281e+02    1.19856e+01    9.27626e+01
     Coulomb-14        LJ (SR)  Disper. corr.   Coulomb (SR)   Coul. recip.
    8.11174e+02    1.59085e+04   -6.42689e+02   -9.53123e+04    4.20518e+02
      Potential    Kinetic En.   Total Energy  Conserved En.    Temperature
   -7.81995e+04    1.27117e+04   -6.54878e+04   -7.43423e+04    2.98082e+02
 Pres. DC (bar) Pressure (bar)   Constr. rmsd
   -2.10694e+02    8.12302e+02    2.28554e-06


DD  step 1259999 load imb.: force 35.3%  pme mesh/force 0.362
           Step           Time
        1260000     2520.00000

   Energies (kJ/mol)
           Bond          Angle    Proper Dih. Per. Imp. Dih.          LJ-14
    5.87172e+01    1.94493e+02    2.26092e+02    1.01923e+01    9.30116e+01
     Coulomb-14        LJ (SR)  Disper. corr.   Coulomb (SR)   Coul. recip.
    8.26480e+02    1.54353e+04   -6.44651e+02   -9.47820e+04    4.26398e+02
      Potential    Kinetic En.   Total Energy  Conserved En.    Temperature
   -7.81559e+04    1.27798e+04   -6.53761e+04   -7.44209e+04    2.99680e+02
 Pres. DC (bar) Pressure (bar)   Constr. rmsd
   -2.11982e+02    2.87061e+02    2.40374e-06


DD  step 1264999 load imb.: force 32.2%  pme mesh/force 0.473
           Step           Time
        1265000     2530.00000

   Energies (kJ/mol)
           Bond          Angle    Proper Dih. Per. Imp. Dih.          LJ-14
    6.21949e+01    1.87669e+02    2.02442e+02    5.64665e+00    9.91860e+01
     Coulomb-14        LJ (SR)  Disper. corr.   Coulomb (SR)   Coul. recip.
    8.36672e+02    1.44887e+04   -6.38160e+02   -9.38564e+04    4.10514e+02
      Potential    Kinetic En.   Total Energy  Conserved En.    Temperature
   -7.82015e+04    1.26880e+04   -6.55135e+04   -7.44457e+04    2.97526e+02
 Pres. DC (bar) Pressure (bar)   Constr. rmsd
   -2.07739e+02   -6.01149e+02    1.62835e-06


DD  step 1269999 load imb.: force 34.8%  pme mesh/force 0.457
           Step           Time
        1270000     2540.00000

   Energies (kJ/mol)
           Bond          Angle    Proper Dih. Per. Imp. Dih.          LJ-14
    5.23726e+01    2.09255e+02    2.01510e+02    7.33395e+00    1.03309e+02
     Coulomb-14        LJ (SR)  Disper. corr.   Coulomb (SR)   Coul. recip.
    8.36332e+02    1.50760e+04   -6.41158e+02   -9.45931e+04    4.19755e+02
      Potential    Kinetic En.   Total Energy  Conserved En.    Temperature
   -7.83284e+04    1.29250e+04   -6.54034e+04   -7.44710e+04    3.03085e+02
 Pres. DC (bar) Pressure (bar)   Constr. rmsd
   -2.09693e+02   -4.89704e+01    2.45936e-06


DD  step 1274999 load imb.: force 36.1%  pme mesh/force 0.452
           Step           Time
        1275000     2550.00000

   Energies (kJ/mol)
           Bond          Angle    Proper Dih. Per. Imp. Dih.          LJ-14
    7.37154e+01    1.71737e+02    2.18000e+02    1.04284e+01    1.14906e+02
     Coulomb-14        LJ (SR)  Disper. corr.   Coulomb (SR)   Coul. recip.
    8.23995e+02    1.55888e+04   -6.38781e+02   -9.51215e+04    4.30620e+02
      Potential    Kinetic En.   Total Energy  Conserved En.    Temperature
   -7.83281e+04    1.26338e+04   -6.56943e+04   -7.45009e+04    2.96255e+02
 Pres. DC (bar) Pressure (bar)   Constr. rmsd
   -2.08143e+02    5.42148e+02    5.55488e-06


DD  step 1279999 load imb.: force 28.4%  pme mesh/force 0.457
           Step           Time
        1280000     2560.00000

   Energies (kJ/mol)
           Bond          Angle    Proper Dih. Per. Imp. Dih.          LJ-14
    6.37722e+01    2.02875e+02    2.16927e+02    1.10872e+01    1.07247e+02
     Coulomb-14        LJ (SR)  Disper. corr.   Coulomb (SR)   Coul. recip.
    8.43558e+02    1.48792e+04   -6.43817e+02   -9.40537e+04    3.82334e+02
      Potential    Kinetic En.   Total Energy  Conserved En.    Temperature
   -7.79905e+04    1.31977e+04   -6.47928e+04   -7.45665e+04    3.09479e+02
 Pres. DC (bar) Pressure (bar)   Constr. rmsd
   -2.11434e+02   -6.55768e+01    3.69505e-06


DD  step 1284999 load imb.: force 33.4%  pme mesh/force 0.446
           Step           Time
        1285000     2570.00000

   Energies (kJ/mol)
           Bond          Angle    Proper Dih. Per. Imp. Dih.          LJ-14
    8.05781e+01    1.97293e+02    2.09171e+02    1.76663e+01    9.39101e+01
     Coulomb-14        LJ (SR)  Disper. corr.   Coulomb (SR)   Coul. recip.
    8.25867e+02    1.49817e+04   -6.34299e+02   -9.43774e+04    4.50772e+02
      Potential    Kinetic En.   Total Energy  Conserved En.    Temperature
   -7.81548e+04    1.26353e+04   -6.55195e+04   -7.45644e+04    2.96290e+02
 Pres. DC (bar) Pressure (bar)   Constr. rmsd
   -2.05235e+02   -3.53748e+02    2.17258e-06


DD  step 1289999 load imb.: force 29.4%  pme mesh/force 0.528
           Step           Time
        1290000     2580.00000

   Energies (kJ/mol)
           Bond          Angle    Proper Dih. Per. Imp. Dih.          LJ-14
    5.80842e+01    1.66814e+02    2.12386e+02    8.69177e+00    1.03346e+02
     Coulomb-14        LJ (SR)  Disper. corr.   Coulomb (SR)   Coul. recip.
    8.66184e+02    1.54928e+04   -6.34042e+02   -9.49512e+04    4.36540e+02
      Potential    Kinetic En.   Total Energy  Conserved En.    Temperature
   -7.82404e+04    1.29906e+04   -6.52499e+04   -7.46166e+04    3.04622e+02
 Pres. DC (bar) Pressure (bar)   Constr. rmsd
   -2.05070e+02    2.75734e+02    2.57641e-06


DD  step 1294999 load imb.: force 31.3%  pme mesh/force 0.400
           Step           Time
        1295000     2590.00000

   Energies (kJ/mol)
           Bond          Angle    Proper Dih. Per. Imp. Dih.          LJ-14
    7.04965e+01    1.73626e+02    2.09789e+02    1.25198e+01    1.00001e+02
     Coulomb-14        LJ (SR)  Disper. corr.   Coulomb (SR)   Coul. recip.
    8.33897e+02    1.49678e+04   -6.39605e+02   -9.46297e+04    4.05146e+02
      Potential    Kinetic En.   Total Energy  Conserved En.    Temperature
   -7.84961e+04    1.25659e+04   -6.59302e+04   -7.46329e+04    2.94663e+02
 Pres. DC (bar) Pressure (bar)   Constr. rmsd
   -2.08679e+02   -2.42383e+02    2.90917e-06


DD  step 1299999 load imb.: force 26.9%  pme mesh/force 0.243
           Step           Time
        1300000     2600.00000

   Energies (kJ/mol)
           Bond          Angle    Proper Dih. Per. Imp. Dih.          LJ-14
    7.19388e+01    2.07359e+02    1.94404e+02    1.04278e+01    1.08764e+02
     Coulomb-14        LJ (SR)  Disper. corr.   Coulomb (SR)   Coul. recip.
    8.18926e+02    1.55373e+04   -6.45906e+02   -9.50794e+04    4.06937e+02
      Potential    Kinetic En.   Total Energy  Conserved En.    Temperature
   -7.83692e+04    1.26738e+04   -6.56955e+04   -7.46686e+04    2.97193e+02
 Pres. DC (bar) Pressure (bar)   Constr. rmsd
   -2.12806e+02    6.08410e+02    1.86488e-06


DD  step 1304999 load imb.: force 36.6%  pme mesh/force 0.393
           Step           Time
        1305000     2610.00000

   Energies (kJ/mol)
           Bond          Angle    Proper Dih. Per. Imp. Dih.          LJ-14
    7.06534e+01    2.06423e+02    2.22506e+02    4.79611e+00    9.53727e+01
     Coulomb-14        LJ (SR)  Disper. corr.   Coulomb (SR)   Coul. recip.
    8.33092e+02    1.52776e+04   -6.43172e+02   -9.51666e+04    4.20360e+02
      Potential    Kinetic En.   Total Energy  Conserved En.    Temperature
   -7.86790e+04    1.29008e+04   -6.57782e+04   -7.46930e+04    3.02518e+02
 Pres. DC (bar) Pressure (bar)   Constr. rmsd
   -2.11011e+02    5.83783e+01    3.19668e-06


DD  step 1309999 load imb.: force 29.0%  pme mesh/force 0.464
           Step           Time
        1310000     2620.00000

   Energies (kJ/mol)
           Bond          Angle    Proper Dih. Per. Imp. Dih.          LJ-14
    7.78750e+01    1.66686e+02    2.10144e+02    8.06039e+00    1.11838e+02
     Coulomb-14        LJ (SR)  Disper. corr.   Coulomb (SR)   Coul. recip.
    8.61370e+02    1.51144e+04   -6.41167e+02   -9.42262e+04    3.89129e+02
      Potential    Kinetic En.   Total Energy  Conserved En.    Temperature
   -7.79279e+04    1.25079e+04   -6.54200e+04   -7.47079e+04    2.93304e+02
 Pres. DC (bar) Pressure (bar)   Constr. rmsd
   -2.09699e+02    1.19949e+02    2.11163e-06


DD  step 1314999 load imb.: force 30.9%  pme mesh/force 0.410
           Step           Time
        1315000     2630.00000

   Energies (kJ/mol)
           Bond          Angle    Proper Dih. Per. Imp. Dih.          LJ-14
    7.50619e+01    1.55843e+02    1.94259e+02    4.48567e+00    1.04087e+02
     Coulomb-14        LJ (SR)  Disper. corr.   Coulomb (SR)   Coul. recip.
    8.59254e+02    1.55024e+04   -6.43763e+02   -9.52598e+04    4.06965e+02
      Potential    Kinetic En.   Total Energy  Conserved En.    Temperature
   -7.86012e+04    1.25413e+04   -6.60599e+04   -7.47513e+04    2.94087e+02
 Pres. DC (bar) Pressure (bar)   Constr. rmsd
   -2.11398e+02    2.08831e+02    2.91727e-06


DD  step 1319999 load imb.: force 27.6%  pme mesh/force 0.491
           Step           Time
        1320000     2640.00000

   Energies (kJ/mol)
           Bond          Angle    Proper Dih. Per. Imp. Dih.          LJ-14
    8.79258e+01    1.99591e+02    1.99944e+02    9.92672e+00    9.58218e+01
     Coulomb-14        LJ (SR)  Disper. corr.   Coulomb (SR)   Coul. recip.
    8.24138e+02    1.44999e+04   -6.37970e+02   -9.35327e+04    4.22219e+02
      Potential    Kinetic En.   Total Energy  Conserved En.    Temperature
   -7.78312e+04    1.28704e+04   -6.49608e+04   -7.47646e+04    3.01805e+02
 Pres. DC (bar) Pressure (bar)   Constr. rmsd
   -2.07615e+02   -3.37121e+02    4.05700e-06


DD  step 1324999 load imb.: force 29.5%  pme mesh/force 0.488
           Step           Time
        1325000     2650.00000

   Energies (kJ/mol)
           Bond          Angle    Proper Dih. Per. Imp. Dih.          LJ-14
    5.79762e+01    2.13654e+02    2.15484e+02    5.13952e+00    9.53233e+01
     Coulomb-14        LJ (SR)  Disper. corr.   Coulomb (SR)   Coul. recip.
    8.41072e+02    1.50254e+04   -6.37259e+02   -9.44769e+04    4.35729e+02
      Potential    Kinetic En.   Total Energy  Conserved En.    Temperature
   -7.82244e+04    1.29136e+04   -6.53108e+04   -7.48119e+04    3.02817e+02
 Pres. DC (bar) Pressure (bar)   Constr. rmsd
   -2.07153e+02   -1.33436e+02    2.44696e-06


DD  step 1329999 load imb.: force 31.1%  pme mesh/force 0.496
           Step           Time
        1330000     2660.00000

   Energies (kJ/mol)
           Bond          Angle    Proper Dih. Per. Imp. Dih.          LJ-14
    6.02543e+01    2.46950e+02    2.16587e+02    6.97578e+00    1.08247e+02
     Coulomb-14        LJ (SR)  Disper. corr.   Coulomb (SR)   Coul. recip.
    8.01559e+02    1.56294e+04   -6.41500e+02   -9.50596e+04    3.77081e+02
      Potential    Kinetic En.   Total Energy  Conserved En.    Temperature
   -7.82540e+04    1.29849e+04   -6.52692e+04   -7.48670e+04    3.04488e+02
 Pres. DC (bar) Pressure (bar)   Constr. rmsd
   -2.09917e+02    4.78794e+02    1.96968e-06


DD  step 1334999 load imb.: force 33.0%  pme mesh/force 0.470
           Step           Time
        1335000     2670.00000

   Energies (kJ/mol)
           Bond          Angle    Proper Dih. Per. Imp. Dih.          LJ-14
    6.77337e+01    1.80048e+02    2.10856e+02    1.24001e+01    8.36461e+01
     Coulomb-14        LJ (SR)  Disper. corr.   Coulomb (SR)   Coul. recip.
    8.52489e+02    1.52778e+04   -6.43859e+02   -9.50322e+04    3.88248e+02
      Potential    Kinetic En.   Total Energy  Conserved En.    Temperature
   -7.86029e+04    1.25805e+04   -6.60223e+04   -7.48807e+04    2.95007e+02
 Pres. DC (bar) Pressure (bar)   Constr. rmsd
   -2.11461e+02   -3.12804e+01    2.94365e-06


DD  step 1339999 load imb.: force 30.1%  pme mesh/force 0.460
           Step           Time
        1340000     2680.00000

   Energies (kJ/mol)
           Bond          Angle    Proper Dih. Per. Imp. Dih.          LJ-14
    7.58846e+01    2.06915e+02    1.97948e+02    8.85173e+00    9.72014e+01
     Coulomb-14        LJ (SR)  Disper. corr.   Coulomb (SR)   Coul. recip.
    8.44850e+02    1.51516e+04   -6.36701e+02   -9.47548e+04    4.16216e+02
      Potential    Kinetic En.   Total Energy  Conserved En.    Temperature
   -7.83920e+04    1.29920e+04   -6.54000e+04   -7.49157e+04    3.04656e+02
 Pres. DC (bar) Pressure (bar)   Constr. rmsd
   -2.06791e+02   -2.83781e+02    2.09208e-06


DD  step 1344999 load imb.: force 28.9%  pme mesh/force 0.410
           Step           Time
        1345000     2690.00000

   Energies (kJ/mol)
           Bond          Angle    Proper Dih. Per. Imp. Dih.          LJ-14
    9.03109e+01    2.12667e+02    2.17644e+02    8.52464e+00    9.84448e+01
     Coulomb-14        LJ (SR)  Disper. corr.   Coulomb (SR)   Coul. recip.
    8.57441e+02    1.51232e+04   -6.38040e+02   -9.45182e+04    4.02541e+02
      Potential    Kinetic En.   Total Energy  Conserved En.    Temperature
   -7.81454e+04    1.32423e+04   -6.49031e+04   -7.49774e+04    3.10526e+02
 Pres. DC (bar) Pressure (bar)   Constr. rmsd
   -2.07661e+02    5.72038e+01    2.72071e-06


DD  step 1349999 load imb.: force 35.1%  pme mesh/force 0.546
           Step           Time
        1350000     2700.00000

   Energies (kJ/mol)
           Bond          Angle    Proper Dih. Per. Imp. Dih.          LJ-14
    5.90800e+01    1.64637e+02    1.92178e+02    5.96446e+00    1.00806e+02
     Coulomb-14        LJ (SR)  Disper. corr.   Coulomb (SR)   Coul. recip.
    8.50487e+02    1.58429e+04   -6.41628e+02   -9.58532e+04    4.16954e+02
      Potential    Kinetic En.   Total Energy  Conserved En.    Temperature
   -7.88618e+04    1.27076e+04   -6.61542e+04   -7.49802e+04    2.97987e+02
 Pres. DC (bar) Pressure (bar)   Constr. rmsd
   -2.10000e+02    6.09268e+02    2.96254e-06


DD  step 1354999 load imb.: force 28.1%  pme mesh/force 0.472
           Step           Time
        1355000     2710.00000

   Energies (kJ/mol)
           Bond          Angle    Proper Dih. Per. Imp. Dih.          LJ-14
    6.54403e+01    1.81216e+02    2.14962e+02    7.46141e+00    1.07455e+02
     Coulomb-14        LJ (SR)  Disper. corr.   Coulomb (SR)   Coul. recip.
    8.27113e+02    1.52732e+04   -6.43595e+02   -9.50554e+04    4.19435e+02
      Potential    Kinetic En.   Total Energy  Conserved En.    Temperature
   -7.86027e+04    1.27303e+04   -6.58724e+04   -7.50359e+04    2.98520e+02
 Pres. DC (bar) Pressure (bar)   Constr. rmsd
   -2.11288e+02    2.42803e+02    1.60176e-06


DD  step 1359999 load imb.: force 38.4%  pme mesh/force 0.389
           Step           Time
        1360000     2720.00000

   Energies (kJ/mol)
           Bond          Angle    Proper Dih. Per. Imp. Dih.          LJ-14
    4.97722e+01    2.11616e+02    1.93463e+02    1.33490e+01    1.04518e+02
     Coulomb-14        LJ (SR)  Disper. corr.   Coulomb (SR)   Coul. recip.
    8.51198e+02    1.51260e+04   -6.39224e+02   -9.47283e+04    4.16738e+02
      Potential    Kinetic En.   Total Energy  Conserved En.    Temperature
   -7.84009e+04    1.26940e+04   -6.57069e+04   -7.50539e+04    2.97668e+02
 Pres. DC (bar) Pressure (bar)   Constr. rmsd
   -2.08432e+02   -6.61581e+00    3.48268e-06


DD  step 1364999 load imb.: force 32.3%  pme mesh/force 0.445
           Step           Time
        1365000     2730.00000

   Energies (kJ/mol)
           Bond          Angle    Proper Dih. Per. Imp. Dih.          LJ-14
    6.24429e+01    1.53327e+02    1.97905e+02    3.65147e+00    1.19732e+02
     Coulomb-14        LJ (SR)  Disper. corr.   Coulomb (SR)   Coul. recip.
    8.17102e+02    1.55891e+04   -6.46197e+02   -9.57251e+04    3.78008e+02
      Potential    Kinetic En.   Total Energy  Conserved En.    Temperature
   -7.90500e+04    1.28061e+04   -6.62439e+04   -7.50879e+04    3.00297e+02
 Pres. DC (bar) Pressure (bar)   Constr. rmsd
   -2.12998e+02    2.74227e+02    3.10654e-06


DD  step 1369999 load imb.: force 27.2%  pme mesh/force 0.486
           Step           Time
        1370000     2740.00000

   Energies (kJ/mol)
           Bond          Angle    Proper Dih. Per. Imp. Dih.          LJ-14
    6.59299e+01    1.61327e+02    2.01031e+02    7.87081e+00    1.13039e+02
     Coulomb-14        LJ (SR)  Disper. corr.   Coulomb (SR)   Coul. recip.
    8.55090e+02    1.48900e+04   -6.39890e+02   -9.41381e+04    4.14176e+02
      Potential    Kinetic En.   Total Energy  Conserved En.    Temperature
   -7.80696e+04    1.27451e+04   -6.53245e+04   -7.51269e+04    2.98866e+02
 Pres. DC (bar) Pressure (bar)   Constr. rmsd
   -2.08865e+02   -9.67029e+01    2.07337e-06


DD  step 1374999 load imb.: force 39.1%  pme mesh/force 0.432
           Step           Time
        1375000     2750.00000

   Energies (kJ/mol)
           Bond          Angle    Proper Dih. Per. Imp. Dih.          LJ-14
    6.72308e+01    1.92664e+02    1.96611e+02    2.83597e+00    8.92210e+01
     Coulomb-14        LJ (SR)  Disper. corr.   Coulomb (SR)   Coul. recip.
    8.23599e+02    1.49708e+04   -6.40379e+02   -9.49151e+04    4.09136e+02
      Potential    Kinetic En.   Total Energy  Conserved En.    Temperature
   -7.88034e+04    1.27814e+04   -6.60220e+04   -7.51494e+04    2.99717e+02
 Pres. DC (bar) Pressure (bar)   Constr. rmsd
   -2.09184e+02   -6.02947e+02    3.03114e-06


DD  step 1379999 load imb.: force 26.3%  pme mesh/force 0.324
           Step           Time
        1380000     2760.00000

   Energies (kJ/mol)
           Bond          Angle    Proper Dih. Per. Imp. Dih.          LJ-14
    7.31529e+01    1.62961e+02    1.92656e+02    1.07620e+01    9.08409e+01
     Coulomb-14        LJ (SR)  Disper. corr.   Coulomb (SR)   Coul. recip.
    8.49946e+02    1.50756e+04   -6.39680e+02   -9.49162e+04    3.98743e+02
      Potential    Kinetic En.   Total Energy  Conserved En.    Temperature
   -7.87013e+04    1.23925e+04   -6.63088e+04   -7.52079e+04    2.90597e+02
 Pres. DC (bar) Pressure (bar)   Constr. rmsd
   -2.08728e+02   -4.43690e+02    2.63082e-06


DD  step 1384999 load imb.: force 31.9%  pme mesh/force 0.602
           Step           Time
        1385000     2770.00000

   Energies (kJ/mol)
           Bond          Angle    Proper Dih. Per. Imp. Dih.          LJ-14
    6.28119e+01    1.91952e+02    2.25078e+02    4.83814e+00    9.80887e+01
     Coulomb-14        LJ (SR)  Disper. corr.   Coulomb (SR)   Coul. recip.
    8.51504e+02    1.50855e+04   -6.43022e+02   -9.48816e+04    3.86212e+02
      Potential    Kinetic En.   Total Energy  Conserved En.    Temperature
   -7.86187e+04    1.28899e+04   -6.57288e+04   -7.52365e+04    3.02261e+02
 Pres. DC (bar) Pressure (bar)   Constr. rmsd
   -2.10913e+02   -1.52279e+02    3.29254e-06


DD  step 1389999 load imb.: force 33.9%  pme mesh/force 0.452
           Step           Time
        1390000     2780.00000

   Energies (kJ/mol)
           Bond          Angle    Proper Dih. Per. Imp. Dih.          LJ-14
    7.44385e+01    1.85186e+02    2.10845e+02    1.13500e+01    1.05088e+02
     Coulomb-14        LJ (SR)  Disper. corr.   Coulomb (SR)   Coul. recip.
    8.57263e+02    1.52542e+04   -6.40854e+02   -9.46203e+04    4.47292e+02
      Potential    Kinetic En.   Total Energy  Conserved En.    Temperature
   -7.81155e+04    1.28455e+04   -6.52700e+04   -7.52518e+04    3.01220e+02
 Pres. DC (bar) Pressure (bar)   Constr. rmsd
   -2.09494e+02    2.58647e+02    3.85327e-06


DD  step 1394999 load imb.: force 28.3%  pme mesh/force 0.472
           Step           Time
        1395000     2790.00000

   Energies (kJ/mol)
           Bond          Angle    Proper Dih. Per. Imp. Dih.          LJ-14
    6.63371e+01    1.99963e+02    2.18582e+02    1.33787e+01    1.10974e+02
     Coulomb-14        LJ (SR)  Disper. corr.   Coulomb (SR)   Coul. recip.
    8.03952e+02    1.46357e+04   -6.41935e+02   -9.39538e+04    4.04288e+02
      Potential    Kinetic En.   Total Energy  Conserved En.    Temperature
   -7.81426e+04    1.31177e+04   -6.50249e+04   -7.52718e+04    3.07604e+02
 Pres. DC (bar) Pressure (bar)   Constr. rmsd
   -2.10201e+02   -3.35251e+02    4.49659e-06


DD  step 1399999 load imb.: force 34.8%  pme mesh/force 0.441
           Step           Time
        1400000     2800.00000

   Energies (kJ/mol)
           Bond          Angle    Proper Dih. Per. Imp. Dih.          LJ-14
    7.28613e+01    1.49445e+02    2.03181e+02    5.22737e+00    1.03940e+02
     Coulomb-14        LJ (SR)  Disper. corr.   Coulomb (SR)   Coul. recip.
    8.31469e+02    1.49846e+04   -6.41297e+02   -9.44838e+04    4.44027e+02
      Potential    Kinetic En.   Total Energy  Conserved En.    Temperature
   -7.83304e+04    1.24396e+04   -6.58908e+04   -7.52830e+04    2.91703e+02
 Pres. DC (bar) Pressure (bar)   Constr. rmsd
   -2.09784e+02   -1.97528e+02    2.65499e-06


DD  step 1404999 load imb.: force 28.8%  pme mesh/force 0.471
           Step           Time
        1405000     2810.00000

   Energies (kJ/mol)
           Bond          Angle    Proper Dih. Per. Imp. Dih.          LJ-14
    7.53472e+01    2.05277e+02    1.90878e+02    6.10943e+00    1.02314e+02
     Coulomb-14        LJ (SR)  Disper. corr.   Coulomb (SR)   Coul. recip.
    8.24326e+02    1.52769e+04   -6.36283e+02   -9.50682e+04    4.05259e+02
      Potential    Kinetic En.   Total Energy  Conserved En.    Temperature
   -7.86180e+04    1.27137e+04   -6.59043e+04   -7.53383e+04    2.98130e+02
 Pres. DC (bar) Pressure (bar)   Constr. rmsd
   -2.06520e+02   -4.35238e+01    2.23811e-06


DD  step 1409999 load imb.: force 33.7%  pme mesh/force 0.474
           Step           Time
        1410000     2820.00000

   Energies (kJ/mol)
           Bond          Angle    Proper Dih. Per. Imp. Dih.          LJ-14
    6.54467e+01    1.65692e+02    2.04243e+02    6.06708e+00    1.03076e+02
     Coulomb-14        LJ (SR)  Disper. corr.   Coulomb (SR)   Coul. recip.
    8.55624e+02    1.49253e+04   -6.36996e+02   -9.46081e+04    4.22655e+02
      Potential    Kinetic En.   Total Energy  Conserved En.    Temperature
   -7.84969e+04    1.27395e+04   -6.57575e+04   -7.53621e+04    2.98734e+02
 Pres. DC (bar) Pressure (bar)   Constr. rmsd
   -2.06983e+02   -3.36606e+02    3.00491e-06


DD  step 1414999 load imb.: force 29.8%  pme mesh/force 0.457
           Step           Time
        1415000     2830.00000

   Energies (kJ/mol)
           Bond          Angle    Proper Dih. Per. Imp. Dih.          LJ-14
    5.74197e+01    1.55977e+02    2.03927e+02    8.39875e+00    1.05561e+02
     Coulomb-14        LJ (SR)  Disper. corr.   Coulomb (SR)   Coul. recip.
    8.39735e+02    1.50215e+04   -6.38542e+02   -9.49208e+04    4.13174e+02
      Potential    Kinetic En.   Total Energy  Conserved En.    Temperature
   -7.87537e+04    1.31690e+04   -6.55847e+04   -7.53846e+04    3.08806e+02
 Pres. DC (bar) Pressure (bar)   Constr. rmsd
   -2.07987e+02   -3.15868e+02    3.32001e-06


DD  step 1419999 load imb.: force 28.6%  pme mesh/force 0.471
           Step           Time
        1420000     2840.00000

   Energies (kJ/mol)
           Bond          Angle    Proper Dih. Per. Imp. Dih.          LJ-14
    4.11537e+01    1.83505e+02    2.03006e+02    9.16658e+00    1.04899e+02
     Coulomb-14        LJ (SR)  Disper. corr.   Coulomb (SR)   Coul. recip.
    8.59335e+02    1.51302e+04   -6.42973e+02   -9.44367e+04    3.89712e+02
      Potential    Kinetic En.   Total Energy  Conserved En.    Temperature
   -7.81587e+04    1.26041e+04   -6.55546e+04   -7.54349e+04    2.95560e+02
 Pres. DC (bar) Pressure (bar)   Constr. rmsd
   -2.10880e+02    7.74452e+01    3.53401e-06


DD  step 1424999 load imb.: force 38.5%  pme mesh/force 0.443
           Step           Time
        1425000     2850.00000

   Energies (kJ/mol)
           Bond          Angle    Proper Dih. Per. Imp. Dih.          LJ-14
    8.36683e+01    1.90460e+02    1.98637e+02    5.65834e+00    1.04229e+02
     Coulomb-14        LJ (SR)  Disper. corr.   Coulomb (SR)   Coul. recip.
    8.20184e+02    1.50255e+04   -6.47027e+02   -9.50031e+04    4.23195e+02
      Potential    Kinetic En.   Total Energy  Conserved En.    Temperature
   -7.87985e+04    1.29800e+04   -6.58186e+04   -7.54317e+04    3.04373e+02
 Pres. DC (bar) Pressure (bar)   Constr. rmsd
   -2.13545e+02   -2.20041e+02    2.70310e-06


DD  step 1429999 load imb.: force 42.8%  pme mesh/force 0.422
           Step           Time
        1430000     2860.00000

   Energies (kJ/mol)
           Bond          Angle    Proper Dih. Per. Imp. Dih.          LJ-14
    5.24780e+01    1.85510e+02    1.88887e+02    7.59207e+00    1.12183e+02
     Coulomb-14        LJ (SR)  Disper. corr.   Coulomb (SR)   Coul. recip.
    8.57727e+02    1.51976e+04   -6.45015e+02   -9.50276e+04    3.92492e+02
      Potential    Kinetic En.   Total Energy  Conserved En.    Temperature
   -7.86781e+04    1.25766e+04   -6.61016e+04   -7.54734e+04    2.94915e+02
 Pres. DC (bar) Pressure (bar)   Constr. rmsd
   -2.12220e+02    1.98865e+02    1.78833e-06


DD  step 1434999 load imb.: force 31.1%  pme mesh/force 0.457
           Step           Time
        1435000     2870.00000

   Energies (kJ/mol)
           Bond          Angle    Proper Dih. Per. Imp. Dih.          LJ-14
    8.28538e+01    2.25437e+02    1.97127e+02    5.91930e+00    9.06536e+01
     Coulomb-14        LJ (SR)  Disper. corr.   Coulomb (SR)   Coul. recip.
    7.89617e+02    1.50854e+04   -6.40062e+02   -9.43761e+04    3.97450e+02
      Potential    Kinetic En.   Total Energy  Conserved En.    Temperature
   -7.81418e+04    1.27768e+04   -6.53649e+04   -7.55178e+04    2.99610e+02
 Pres. DC (bar) Pressure (bar)   Constr. rmsd
   -2.08978e+02   -9.58359e+01    3.34727e-06


DD  step 1439999 load imb.: force 33.5%  pme mesh/force 0.451
           Step           Time
        1440000     2880.00000

   Energies (kJ/mol)
           Bond          Angle    Proper Dih. Per. Imp. Dih.          LJ-14
    6.08754e+01    1.51661e+02    2.06537e+02    6.15248e+00    9.51618e+01
     Coulomb-14        LJ (SR)  Disper. corr.   Coulomb (SR)   Coul. recip.
    8.03934e+02    1.48954e+04   -6.46522e+02   -9.43110e+04    4.09904e+02
      Potential    Kinetic En.   Total Energy  Conserved En.    Temperature
   -7.83278e+04    1.26551e+04   -6.56727e+04   -7.55417e+04    2.96756e+02
 Pres. DC (bar) Pressure (bar)   Constr. rmsd
   -2.13212e+02   -8.06154e+01    3.25091e-06


DD  step 1444999 load imb.: force 33.5%  pme mesh/force 0.481
           Step           Time
        1445000     2890.00000

   Energies (kJ/mol)
           Bond          Angle    Proper Dih. Per. Imp. Dih.          LJ-14
    6.57776e+01    1.87659e+02    1.94996e+02    8.14412e+00    1.03173e+02
     Coulomb-14        LJ (SR)  Disper. corr.   Coulomb (SR)   Coul. recip.
    8.29752e+02    1.54652e+04   -6.48543e+02   -9.53693e+04    3.97917e+02
      Potential    Kinetic En.   Total Energy  Conserved En.    Temperature
   -7.87653e+04    1.29994e+04   -6.57659e+04   -7.55864e+04    3.04829e+02
 Pres. DC (bar) Pressure (bar)   Constr. rmsd
   -2.14546e+02    3.42138e+02    1.81212e-06


DD  step 1449999 load imb.: force 41.4%  pme mesh/force 0.407
           Step           Time
        1450000     2900.00000

   Energies (kJ/mol)
           Bond          Angle    Proper Dih. Per. Imp. Dih.          LJ-14
    9.14374e+01    1.74421e+02    2.03173e+02    7.31349e+00    1.06961e+02
     Coulomb-14        LJ (SR)  Disper. corr.   Coulomb (SR)   Coul. recip.
    8.42645e+02    1.49713e+04   -6.33346e+02   -9.44309e+04    4.01930e+02
      Potential    Kinetic En.   Total Energy  Conserved En.    Temperature
   -7.82650e+04    1.28638e+04   -6.54012e+04   -7.56114e+04    3.01648e+02
 Pres. DC (bar) Pressure (bar)   Constr. rmsd
   -2.04620e+02   -2.97418e+02    4.20987e-06


DD  step 1454999 load imb.: force 34.5%  pme mesh/force 0.475
           Step           Time
        1455000     2910.00000

   Energies (kJ/mol)
           Bond          Angle    Proper Dih. Per. Imp. Dih.          LJ-14
    5.58949e+01    1.91975e+02    1.93491e+02    4.77214e+00    9.13249e+01
     Coulomb-14        LJ (SR)  Disper. corr.   Coulomb (SR)   Coul. recip.
    8.11320e+02    1.49696e+04   -6.43625e+02   -9.45376e+04    3.84784e+02
      Potential    Kinetic En.   Total Energy  Conserved En.    Temperature
   -7.84781e+04    1.27577e+04   -6.57204e+04   -7.56578e+04    2.99162e+02
 Pres. DC (bar) Pressure (bar)   Constr. rmsd
   -2.11308e+02   -2.28958e+02    3.52736e-06


DD  step 1459999 load imb.: force 26.4%  pme mesh/force 0.511
           Step           Time
        1460000     2920.00000

   Energies (kJ/mol)
           Bond          Angle    Proper Dih. Per. Imp. Dih.          LJ-14
    7.34041e+01    2.14634e+02    1.92630e+02    7.77102e+00    1.01622e+02
     Coulomb-14        LJ (SR)  Disper. corr.   Coulomb (SR)   Coul. recip.
    7.92078e+02    1.56613e+04   -6.40881e+02   -9.55085e+04    3.89664e+02
      Potential    Kinetic En.   Total Energy  Conserved En.    Temperature
   -7.87163e+04    1.29051e+04   -6.58112e+04   -7.56568e+04    3.02618e+02
 Pres. DC (bar) Pressure (bar)   Constr. rmsd
   -2.09512e+02    5.04145e+02    3.64969e-06


DD  step 1464999 load imb.: force 29.0%  pme mesh/force 0.473
           Step           Time
        1465000     2930.00000

   Energies (kJ/mol)
           Bond          Angle    Proper Dih. Per. Imp. Dih.          LJ-14
    7.37966e+01    2.03249e+02    2.10786e+02    8.43754e+00    1.01153e+02
     Coulomb-14        LJ (SR)  Disper. corr.   Coulomb (SR)   Coul. recip.
    7.91309e+02    1.46252e+04   -6.36302e+02   -9.38155e+04    4.06233e+02
      Potential    Kinetic En.   Total Energy  Conserved En.    Temperature
   -7.80316e+04    1.26174e+04   -6.54142e+04   -7.57244e+04    2.95871e+02
 Pres. DC (bar) Pressure (bar)   Constr. rmsd
   -2.06532e+02   -5.28599e+02    2.12676e-06


DD  step 1469999 load imb.: force 28.3%  pme mesh/force 0.432
           Step           Time
        1470000     2940.00000

   Energies (kJ/mol)
           Bond          Angle    Proper Dih. Per. Imp. Dih.          LJ-14
    6.71016e+01    1.78828e+02    1.88511e+02    4.91364e+00    1.08465e+02
     Coulomb-14        LJ (SR)  Disper. corr.   Coulomb (SR)   Coul. recip.
    8.11307e+02    1.51297e+04   -6.34749e+02   -9.44154e+04    4.06406e+02
      Potential    Kinetic En.   Total Energy  Conserved En.    Temperature
   -7.81549e+04    1.27113e+04   -6.54436e+04   -7.57572e+04    2.98072e+02
 Pres. DC (bar) Pressure (bar)   Constr. rmsd
   -2.05526e+02    5.69904e+00    1.94777e-06


DD  step 1474999 load imb.: force 28.9%  pme mesh/force 0.524
           Step           Time
        1475000     2950.00000

   Energies (kJ/mol)
           Bond          Angle    Proper Dih. Per. Imp. Dih.          LJ-14
    6.24453e+01    2.07041e+02    2.14964e+02    6.05026e+00    1.06256e+02
     Coulomb-14        LJ (SR)  Disper. corr.   Coulomb (SR)   Coul. recip.
    8.30895e+02    1.45799e+04   -6.41359e+02   -9.37877e+04    4.08959e+02
      Potential    Kinetic En.   Total Energy  Conserved En.    Temperature
   -7.80125e+04    1.32106e+04   -6.48019e+04   -7.58021e+04    3.09782e+02
 Pres. DC (bar) Pressure (bar)   Constr. rmsd
   -2.09824e+02   -3.36225e+02    2.60620e-06


DD  step 1479999 load imb.: force 36.1%  pme mesh/force 0.468
           Step           Time
        1480000     2960.00000

   Energies (kJ/mol)
           Bond          Angle    Proper Dih. Per. Imp. Dih.          LJ-14
    7.31578e+01    1.72349e+02    1.86979e+02    1.20463e+01    9.62051e+01
     Coulomb-14        LJ (SR)  Disper. corr.   Coulomb (SR)   Coul. recip.
    8.44160e+02    1.53551e+04   -6.42290e+02   -9.46148e+04    4.33076e+02
      Potential    Kinetic En.   Total Energy  Conserved En.    Temperature
   -7.80840e+04    1.30259e+04   -6.50581e+04   -7.58051e+04    3.05451e+02
 Pres. DC (bar) Pressure (bar)   Constr. rmsd
   -2.10433e+02    4.36199e+02    3.04398e-06


DD  step 1484999 load imb.: force 30.7%  pme mesh/force 0.490
           Step           Time
        1485000     2970.00000

   Energies (kJ/mol)
           Bond          Angle    Proper Dih. Per. Imp. Dih.          LJ-14
    5.84349e+01    2.56312e+02    2.14433e+02    1.15133e+01    9.50937e+01
     Coulomb-14        LJ (SR)  Disper. corr.   Coulomb (SR)   Coul. recip.
    8.65565e+02    1.54201e+04   -6.39479e+02   -9.47798e+04    4.13446e+02
      Potential    Kinetic En.   Total Energy  Conserved En.    Temperature
   -7.80843e+04    1.27917e+04   -6.52926e+04   -7.58637e+04    2.99960e+02
 Pres. DC (bar) Pressure (bar)   Constr. rmsd
   -2.08597e+02    2.31618e+02    2.78905e-06


DD  step 1489999 load imb.: force 30.2%  pme mesh/force 0.471
           Step           Time
        1490000     2980.00000

   Energies (kJ/mol)
           Bond          Angle    Proper Dih. Per. Imp. Dih.          LJ-14
    5.52860e+01    1.62407e+02    1.95333e+02    5.19652e+00    9.48962e+01
     Coulomb-14        LJ (SR)  Disper. corr.   Coulomb (SR)   Coul. recip.
    8.12303e+02    1.53994e+04   -6.41786e+02   -9.45466e+04    4.17877e+02
      Potential    Kinetic En.   Total Energy  Conserved En.    Temperature
   -7.80456e+04    1.26492e+04   -6.53964e+04   -7.59025e+04    2.96617e+02
 Pres. DC (bar) Pressure (bar)   Constr. rmsd
   -2.10103e+02    3.27263e+02    2.90588e-06


DD  step 1494999 load imb.: force 30.5%  pme mesh/force 0.457
           Step           Time
        1495000     2990.00000

   Energies (kJ/mol)
           Bond          Angle    Proper Dih. Per. Imp. Dih.          LJ-14
    8.17740e+01    2.22150e+02    2.10330e+02    5.97899e+00    1.05473e+02
     Coulomb-14        LJ (SR)  Disper. corr.   Coulomb (SR)   Coul. recip.
    7.94143e+02    1.50828e+04   -6.42042e+02   -9.44233e+04    4.39520e+02
      Potential    Kinetic En.   Total Energy  Conserved En.    Temperature
   -7.81231e+04    1.30004e+04   -6.51227e+04   -7.59342e+04    3.04853e+02
 Pres. DC (bar) Pressure (bar)   Constr. rmsd
   -2.10271e+02   -3.64650e+01    2.88659e-06


DD  step 1499999 load imb.: force 29.4%  pme mesh/force 0.484
           Step           Time
        1500000     3000.00000

   Energies (kJ/mol)
           Bond          Angle    Proper Dih. Per. Imp. Dih.          LJ-14
    7.33086e+01    1.95403e+02    2.08064e+02    4.39497e+00    1.02131e+02
     Coulomb-14        LJ (SR)  Disper. corr.   Coulomb (SR)   Coul. recip.
    8.25461e+02    1.57956e+04   -6.35530e+02   -9.50630e+04    4.02761e+02
      Potential    Kinetic En.   Total Energy  Conserved En.    Temperature
   -7.80914e+04    1.26385e+04   -6.54528e+04   -7.59727e+04    2.96367e+02
 Pres. DC (bar) Pressure (bar)   Constr. rmsd
   -2.06032e+02    6.80324e+02    1.86413e-06


DD  step 1504999 load imb.: force 34.6%  pme mesh/force 0.526
           Step           Time
        1505000     3010.00000

   Energies (kJ/mol)
           Bond          Angle    Proper Dih. Per. Imp. Dih.          LJ-14
    4.92649e+01    2.11121e+02    2.10075e+02    1.51126e+01    1.00749e+02
     Coulomb-14        LJ (SR)  Disper. corr.   Coulomb (SR)   Coul. recip.
    8.43879e+02    1.46686e+04   -6.36078e+02   -9.39823e+04    4.03128e+02
      Potential    Kinetic En.   Total Energy  Conserved En.    Temperature
   -7.81164e+04    1.28136e+04   -6.53028e+04   -7.60033e+04    3.00471e+02
 Pres. DC (bar) Pressure (bar)   Constr. rmsd
   -2.06387e+02   -3.38914e+02    2.58049e-06


DD  step 1509999 load imb.: force 30.4%  pme mesh/force 0.394
           Step           Time
        1510000     3020.00000

   Energies (kJ/mol)
           Bond          Angle    Proper Dih. Per. Imp. Dih.          LJ-14
    7.28488e+01    1.55771e+02    2.19331e+02    5.93942e+00    1.09517e+02
     Coulomb-14        LJ (SR)  Disper. corr.   Coulomb (SR)   Coul. recip.
    8.55022e+02    1.51768e+04   -6.41696e+02   -9.50298e+04    4.35863e+02
      Potential    Kinetic En.   Total Energy  Conserved En.    Temperature
   -7.86405e+04    1.30962e+04   -6.55443e+04   -7.60299e+04    3.07099e+02
 Pres. DC (bar) Pressure (bar)   Constr. rmsd
   -2.10045e+02    2.13896e+02    2.83368e-06


DD  step 1514999 load imb.: force 28.7%  pme mesh/force 0.476
           Step           Time
        1515000     3030.00000

   Energies (kJ/mol)
           Bond          Angle    Proper Dih. Per. Imp. Dih.          LJ-14
    5.46103e+01    1.98087e+02    1.94526e+02    8.38582e+00    1.08373e+02
     Coulomb-14        LJ (SR)  Disper. corr.   Coulomb (SR)   Coul. recip.
    8.86017e+02    1.54996e+04   -6.42950e+02   -9.54277e+04    4.23897e+02
      Potential    Kinetic En.   Total Energy  Conserved En.    Temperature
   -7.86972e+04    1.26135e+04   -6.60837e+04   -7.60901e+04    2.95779e+02
 Pres. DC (bar) Pressure (bar)   Constr. rmsd
   -2.10866e+02    3.80981e+01    1.47072e-06


DD  step 1519999 load imb.: force 39.2%  pme mesh/force 0.452
           Step           Time
        1520000     3040.00000

   Energies (kJ/mol)
           Bond          Angle    Proper Dih. Per. Imp. Dih.          LJ-14
    5.96529e+01    1.72788e+02    2.11354e+02    1.08244e+01    1.08277e+02
     Coulomb-14        LJ (SR)  Disper. corr.   Coulomb (SR)   Coul. recip.
    8.39671e+02    1.46912e+04   -6.34766e+02   -9.41716e+04    4.19400e+02
      Potential    Kinetic En.   Total Energy  Conserved En.    Temperature
   -7.82931e+04    1.27222e+04   -6.55710e+04   -7.61135e+04    2.98328e+02
 Pres. DC (bar) Pressure (bar)   Constr. rmsd
   -2.05538e+02   -5.35160e+02    1.96911e-06


DD  step 1524999 load imb.: force 36.4%  pme mesh/force 0.450
           Step           Time
        1525000     3050.00000

   Energies (kJ/mol)
           Bond          Angle    Proper Dih. Per. Imp. Dih.          LJ-14
    5.51904e+01    1.97953e+02    2.14801e+02    5.44588e+00    9.90399e+01
     Coulomb-14        LJ (SR)  Disper. corr.   Coulomb (SR)   Coul. recip.
    8.24721e+02    1.48157e+04   -6.39146e+02   -9.45779e+04    4.12936e+02
      Potential    Kinetic En.   Total Energy  Conserved En.    Temperature
   -7.85913e+04    1.27226e+04   -6.58687e+04   -7.61634e+04    2.98339e+02
 Pres. DC (bar) Pressure (bar)   Constr. rmsd
   -2.08380e+02   -5.23758e+02    1.95056e-06


DD  step 1529999 load imb.: force 30.3%  pme mesh/force 0.509
           Step           Time
        1530000     3060.00000

   Energies (kJ/mol)
           Bond          Angle    Proper Dih. Per. Imp. Dih.          LJ-14
    5.24018e+01    1.93233e+02    2.03790e+02    8.31699e+00    1.06468e+02
     Coulomb-14        LJ (SR)  Disper. corr.   Coulomb (SR)   Coul. recip.
    8.41028e+02    1.52918e+04   -6.36072e+02   -9.51458e+04    4.20566e+02
      Potential    Kinetic En.   Total Energy  Conserved En.    Temperature
   -7.86642e+04    1.27243e+04   -6.59399e+04   -7.61902e+04    2.98377e+02
 Pres. DC (bar) Pressure (bar)   Constr. rmsd
   -2.06383e+02    8.23930e+01    2.03890e-06


DD  step 1534999 load imb.: force 28.7%  pme mesh/force 0.480
           Step           Time
        1535000     3070.00000

   Energies (kJ/mol)
           Bond          Angle    Proper Dih. Per. Imp. Dih.          LJ-14
    6.65658e+01    1.87330e+02    1.92282e+02    7.53435e+00    9.45581e+01
     Coulomb-14        LJ (SR)  Disper. corr.   Coulomb (SR)   Coul. recip.
    8.18234e+02    1.53166e+04   -6.34436e+02   -9.44514e+04    4.23816e+02
      Potential    Kinetic En.   Total Energy  Conserved En.    Temperature
   -7.79790e+04    1.27445e+04   -6.52345e+04   -7.62357e+04    2.98852e+02
 Pres. DC (bar) Pressure (bar)   Constr. rmsd
   -2.05324e+02    1.30188e+02    2.67890e-06


DD  step 1539999 load imb.: force 21.7%  pme mesh/force 0.466
           Step           Time
        1540000     3080.00000

   Energies (kJ/mol)
           Bond          Angle    Proper Dih. Per. Imp. Dih.          LJ-14
    7.62234e+01    1.86217e+02    2.06394e+02    9.34893e+00    9.27646e+01
     Coulomb-14        LJ (SR)  Disper. corr.   Coulomb (SR)   Coul. recip.
    8.21151e+02    1.55821e+04   -6.33074e+02   -9.54330e+04    3.76874e+02
      Potential    Kinetic En.   Total Energy  Conserved En.    Temperature
   -7.87150e+04    1.28460e+04   -6.58690e+04   -7.62778e+04    3.01232e+02
 Pres. DC (bar) Pressure (bar)   Constr. rmsd
   -2.04444e+02   -2.01610e+02    2.67731e-06


DD  step 1544999 load imb.: force 27.9%  pme mesh/force 0.463
           Step           Time
        1545000     3090.00000

   Energies (kJ/mol)
           Bond          Angle    Proper Dih. Per. Imp. Dih.          LJ-14
    8.94773e+01    1.54020e+02    2.17696e+02    8.37933e+00    9.97482e+01
     Coulomb-14        LJ (SR)  Disper. corr.   Coulomb (SR)   Coul. recip.
    8.29852e+02    1.55324e+04   -6.43270e+02   -9.51842e+04    3.95273e+02
      Potential    Kinetic En.   Total Energy  Conserved En.    Temperature
   -7.85007e+04    1.26741e+04   -6.58266e+04   -7.62680e+04    2.97202e+02
 Pres. DC (bar) Pressure (bar)   Constr. rmsd
   -2.11075e+02    2.74791e+02    2.92662e-06


DD  step 1549999 load imb.: force 29.3%  pme mesh/force 0.439
           Step           Time
        1550000     3100.00000

   Energies (kJ/mol)
           Bond          Angle    Proper Dih. Per. Imp. Dih.          LJ-14
    8.99986e+01    1.77040e+02    2.14467e+02    5.65462e+00    1.13218e+02
     Coulomb-14        LJ (SR)  Disper. corr.   Coulomb (SR)   Coul. recip.
    7.97116e+02    1.49935e+04   -6.30222e+02   -9.42605e+04    4.25099e+02
      Potential    Kinetic En.   Total Energy  Conserved En.    Temperature
   -7.80747e+04    1.25651e+04   -6.55096e+04   -7.62879e+04    2.94645e+02
 Pres. DC (bar) Pressure (bar)   Constr. rmsd
   -2.02609e+02   -3.48027e+02    2.58733e-06


DD  step 1554999 load imb.: force 27.8%  pme mesh/force 0.497
           Step           Time
        1555000     3110.00000

   Energies (kJ/mol)
           Bond          Angle    Proper Dih. Per. Imp. Dih.          LJ-14
    6.84218e+01    2.26707e+02    2.17278e+02    1.21190e+01    1.08689e+02
     Coulomb-14        LJ (SR)  Disper. corr.   Coulomb (SR)   Coul. recip.
    8.05202e+02    1.51727e+04   -6.41693e+02   -9.42169e+04    4.18548e+02
      Potential    Kinetic En.   Total Energy  Conserved En.    Temperature
   -7.78290e+04    1.26436e+04   -6.51854e+04   -7.63484e+04    2.96485e+02
 Pres. DC (bar) Pressure (bar)   Constr. rmsd
   -2.10042e+02    3.24897e+02    3.67040e-06


DD  step 1559999 load imb.: force 25.8%  pme mesh/force 0.483
           Step           Time
        1560000     3120.00000

   Energies (kJ/mol)
           Bond          Angle    Proper Dih. Per. Imp. Dih.          LJ-14
    8.51000e+01    1.79269e+02    2.25437e+02    8.99093e+00    1.02724e+02
     Coulomb-14        LJ (SR)  Disper. corr.   Coulomb (SR)   Coul. recip.
    8.36343e+02    1.45662e+04   -6.37018e+02   -9.41487e+04    4.22986e+02
      Potential    Kinetic En.   Total Energy  Conserved En.    Temperature
   -7.83587e+04    1.25844e+04   -6.57743e+04   -7.63783e+04    2.95097e+02
 Pres. DC (bar) Pressure (bar)   Constr. rmsd
   -2.06997e+02   -7.17289e+02    1.66343e-06


DD  step 1564999 load imb.: force 30.4%  pme mesh/force 0.481
           Step           Time
        1565000     3130.00000

   Energies (kJ/mol)
           Bond          Angle    Proper Dih. Per. Imp. Dih.          LJ-14
    6.85319e+01    1.85960e+02    2.26574e+02    6.57054e+00    1.08588e+02
     Coulomb-14        LJ (SR)  Disper. corr.   Coulomb (SR)   Coul. recip.
    8.68048e+02    1.51631e+04   -6.42826e+02   -9.43848e+04    4.04638e+02
      Potential    Kinetic En.   Total Energy  Conserved En.    Temperature
   -7.79956e+04    1.30655e+04   -6.49301e+04   -7.64054e+04    3.06380e+02
 Pres. DC (bar) Pressure (bar)   Constr. rmsd
   -2.10784e+02    1.18929e+01    4.11586e-06


DD  step 1569999 load imb.: force 25.4%  pme mesh/force 0.494
           Step           Time
        1570000     3140.00000

   Energies (kJ/mol)
           Bond          Angle    Proper Dih. Per. Imp. Dih.          LJ-14
    8.23876e+01    1.76052e+02    2.24061e+02    4.73255e+00    9.69617e+01
     Coulomb-14        LJ (SR)  Disper. corr.   Coulomb (SR)   Coul. recip.
    8.51449e+02    1.50690e+04   -6.50030e+02   -9.42067e+04    4.10283e+02
      Potential    Kinetic En.   Total Energy  Conserved En.    Temperature
   -7.79418e+04    1.26735e+04   -6.52682e+04   -7.64248e+04    2.97187e+02
 Pres. DC (bar) Pressure (bar)   Constr. rmsd
   -2.15529e+02    3.73924e+02    2.17017e-06


DD  step 1574999 load imb.: force 33.7%  pme mesh/force 0.455
           Step           Time
        1575000     3150.00000

   Energies (kJ/mol)
           Bond          Angle    Proper Dih. Per. Imp. Dih.          LJ-14
    9.63343e+01    2.29335e+02    2.20556e+02    7.40357e+00    1.12304e+02
     Coulomb-14        LJ (SR)  Disper. corr.   Coulomb (SR)   Coul. recip.
    8.36917e+02    1.53367e+04   -6.42234e+02   -9.49497e+04    3.92344e+02
      Potential    Kinetic En.   Total Energy  Conserved En.    Temperature
   -7.83600e+04    1.29399e+04   -6.54201e+04   -7.64816e+04    3.03434e+02
 Pres. DC (bar) Pressure (bar)   Constr. rmsd
   -2.10397e+02    1.68022e+02    2.39027e-06


DD  step 1579999 load imb.: force 28.1%  pme mesh/force 0.482
           Step           Time
        1580000     3160.00000

   Energies (kJ/mol)
           Bond          Angle    Proper Dih. Per. Imp. Dih.          LJ-14
    7.87989e+01    1.68036e+02    2.08489e+02    5.08322e+00    9.21702e+01
     Coulomb-14        LJ (SR)  Disper. corr.   Coulomb (SR)   Coul. recip.
    8.50635e+02    1.52321e+04   -6.45290e+02   -9.47474e+04    4.42633e+02
      Potential    Kinetic En.   Total Energy  Conserved En.    Temperature
   -7.83147e+04    1.27241e+04   -6.55906e+04   -7.65056e+04    2.98374e+02
 Pres. DC (bar) Pressure (bar)   Constr. rmsd
   -2.12401e+02    1.98710e+02    2.18301e-06


DD  step 1584999 load imb.: force 33.3%  pme mesh/force 0.463
           Step           Time
        1585000     3170.00000

   Energies (kJ/mol)
           Bond          Angle    Proper Dih. Per. Imp. Dih.          LJ-14
    9.02408e+01    1.92579e+02    2.42900e+02    6.23962e+00    1.14507e+02
     Coulomb-14        LJ (SR)  Disper. corr.   Coulomb (SR)   Coul. recip.
    8.37414e+02    1.49851e+04   -6.39248e+02   -9.40772e+04    4.30000e+02
      Potential    Kinetic En.   Total Energy  Conserved En.    Temperature
   -7.78175e+04    1.29627e+04   -6.48548e+04   -7.65716e+04    3.03969e+02
 Pres. DC (bar) Pressure (bar)   Constr. rmsd
   -2.08447e+02    4.83236e+01    3.02750e-06


DD  step 1589999 load imb.: force 114.6%  pme mesh/force 0.559
           Step           Time
        1590000     3180.00000

   Energies (kJ/mol)
           Bond          Angle    Proper Dih. Per. Imp. Dih.          LJ-14
    8.16736e+01    1.68689e+02    1.99431e+02    5.38206e+00    9.00955e+01
     Coulomb-14        LJ (SR)  Disper. corr.   Coulomb (SR)   Coul. recip.
    8.12956e+02    1.50402e+04   -6.42360e+02   -9.47081e+04    4.11810e+02
      Potential    Kinetic En.   Total Energy  Conserved En.    Temperature
   -7.85402e+04    1.27028e+04   -6.58374e+04   -7.65771e+04    2.97874e+02
 Pres. DC (bar) Pressure (bar)   Constr. rmsd
   -2.10479e+02   -2.31571e+02    1.79090e-06


DD  step 1594999 load imb.: force 27.3%  pme mesh/force 0.449
           Step           Time
        1595000     3190.00000

   Energies (kJ/mol)
           Bond          Angle    Proper Dih. Per. Imp. Dih.          LJ-14
    5.56796e+01    1.78119e+02    1.97715e+02    8.11389e+00    1.08160e+02
     Coulomb-14        LJ (SR)  Disper. corr.   Coulomb (SR)   Coul. recip.
    8.51152e+02    1.53749e+04   -6.40758e+02   -9.53201e+04    3.85115e+02
      Potential    Kinetic En.   Total Energy  Conserved En.    Temperature
   -7.88019e+04    1.26763e+04   -6.61256e+04   -7.65902e+04    2.97252e+02
 Pres. DC (bar) Pressure (bar)   Constr. rmsd
   -2.09432e+02    2.67253e+02    1.86330e-06


DD  step 1599999 load imb.: force 29.8%  pme mesh/force 0.470
           Step           Time
        1600000     3200.00000

   Energies (kJ/mol)
           Bond          Angle    Proper Dih. Per. Imp. Dih.          LJ-14
    8.58450e+01    2.13799e+02    2.13483e+02    5.40312e+00    9.43238e+01
     Coulomb-14        LJ (SR)  Disper. corr.   Coulomb (SR)   Coul. recip.
    8.19374e+02    1.51736e+04   -6.36784e+02   -9.42051e+04    3.85545e+02
      Potential    Kinetic En.   Total Energy  Conserved En.    Temperature
   -7.78505e+04    1.26396e+04   -6.52109e+04   -7.66159e+04    2.96393e+02
 Pres. DC (bar) Pressure (bar)   Constr. rmsd
   -2.06845e+02    1.39909e+02    1.87785e-06


DD  step 1604999 load imb.: force 27.3%  pme mesh/force 0.466
           Step           Time
        1605000     3210.00000

   Energies (kJ/mol)
           Bond          Angle    Proper Dih. Per. Imp. Dih.          LJ-14
    9.32142e+01    1.83335e+02    1.91934e+02    1.20808e+01    9.79414e+01
     Coulomb-14        LJ (SR)  Disper. corr.   Coulomb (SR)   Coul. recip.
    8.39561e+02    1.44344e+04   -6.42660e+02   -9.36698e+04    4.56103e+02
      Potential    Kinetic En.   Total Energy  Conserved En.    Temperature
   -7.80039e+04    1.29258e+04   -6.50781e+04   -7.66594e+04    3.03103e+02
 Pres. DC (bar) Pressure (bar)   Constr. rmsd
   -2.10676e+02   -6.19240e+02    3.18779e-06


DD  step 1609999 load imb.: force 31.3%  pme mesh/force 0.455
           Step           Time
        1610000     3220.00000

   Energies (kJ/mol)
           Bond          Angle    Proper Dih. Per. Imp. Dih.          LJ-14
    8.87144e+01    2.11372e+02    2.13612e+02    6.75609e+00    1.02925e+02
     Coulomb-14        LJ (SR)  Disper. corr.   Coulomb (SR)   Coul. recip.
    8.46576e+02    1.53699e+04   -6.39693e+02   -9.49249e+04    4.40950e+02
      Potential    Kinetic En.   Total Energy  Conserved En.    Temperature
   -7.82837e+04    1.24948e+04   -6.57889e+04   -7.66740e+04    2.92997e+02
 Pres. DC (bar) Pressure (bar)   Constr. rmsd
   -2.08737e+02    2.86823e+02    1.42765e-06


DD  step 1614999 load imb.: force 33.1%  pme mesh/force 0.458
           Step           Time
        1615000     3230.00000

   Energies (kJ/mol)
           Bond          Angle    Proper Dih. Per. Imp. Dih.          LJ-14
    4.56865e+01    2.10109e+02    1.91660e+02    5.65188e+00    1.16640e+02
     Coulomb-14        LJ (SR)  Disper. corr.   Coulomb (SR)   Coul. recip.
    8.30694e+02    1.50394e+04   -6.33588e+02   -9.42973e+04    4.18103e+02
      Potential    Kinetic En.   Total Energy  Conserved En.    Temperature
   -7.80730e+04    1.22849e+04   -6.57881e+04   -7.67102e+04    2.88074e+02
 Pres. DC (bar) Pressure (bar)   Constr. rmsd
   -2.04777e+02    8.87205e+01    1.60334e-06


DD  step 1619999 load imb.: force 27.2%  pme mesh/force 0.458
           Step           Time
        1620000     3240.00000

   Energies (kJ/mol)
           Bond          Angle    Proper Dih. Per. Imp. Dih.          LJ-14
    5.79314e+01    1.73059e+02    2.01912e+02    1.17103e+01    1.02428e+02
     Coulomb-14        LJ (SR)  Disper. corr.   Coulomb (SR)   Coul. recip.
    8.40976e+02    1.55479e+04   -6.43946e+02   -9.55864e+04    4.28560e+02
      Potential    Kinetic En.   Total Energy  Conserved En.    Temperature
   -7.88659e+04    1.23488e+04   -6.65171e+04   -7.67209e+04    2.89572e+02
 Pres. DC (bar) Pressure (bar)   Constr. rmsd
   -2.11518e+02    1.64493e+02    1.76493e-06


DD  step 1624999 load imb.: force 40.1%  pme mesh/force 0.451
           Step           Time
        1625000     3250.00000

   Energies (kJ/mol)
           Bond          Angle    Proper Dih. Per. Imp. Dih.          LJ-14
    7.54843e+01    1.78373e+02    2.15543e+02    4.39443e+00    9.73548e+01
     Coulomb-14        LJ (SR)  Disper. corr.   Coulomb (SR)   Coul. recip.
    7.97742e+02    1.51848e+04   -6.43795e+02   -9.53050e+04    4.02485e+02
      Potential    Kinetic En.   Total Energy  Conserved En.    Temperature
   -7.89926e+04    1.30833e+04   -6.59094e+04   -7.67739e+04    3.06796e+02
 Pres. DC (bar) Pressure (bar)   Constr. rmsd
   -2.11419e+02   -2.25316e+02    2.71296e-06


DD  step 1629999 load imb.: force 34.9%  pme mesh/force 0.384
           Step           Time
        1630000     3260.00000

   Energies (kJ/mol)
           Bond          Angle    Proper Dih. Per. Imp. Dih.          LJ-14
    6.51776e+01    2.20319e+02    1.92779e+02    1.12655e+01    8.92106e+01
     Coulomb-14        LJ (SR)  Disper. corr.   Coulomb (SR)   Coul. recip.
    8.32928e+02    1.48207e+04   -6.37589e+02   -9.39924e+04    4.09685e+02
      Potential    Kinetic En.   Total Energy  Conserved En.    Temperature
   -7.79879e+04    1.27061e+04   -6.52817e+04   -7.68042e+04    2.97952e+02
 Pres. DC (bar) Pressure (bar)   Constr. rmsd
   -2.07368e+02   -2.90155e+02    2.35654e-06


DD  step 1634999 load imb.: force 27.3%  pme mesh/force 0.479
           Step           Time
        1635000     3270.00000

   Energies (kJ/mol)
           Bond          Angle    Proper Dih. Per. Imp. Dih.          LJ-14
    7.89425e+01    1.85950e+02    2.04454e+02    8.76216e+00    1.12102e+02
     Coulomb-14        LJ (SR)  Disper. corr.   Coulomb (SR)   Coul. recip.
    8.27441e+02    1.45221e+04   -6.38901e+02   -9.35917e+04    4.05215e+02
      Potential    Kinetic En.   Total Energy  Conserved En.    Temperature
   -7.78856e+04    1.27697e+04   -6.51159e+04   -7.68077e+04    2.99443e+02
 Pres. DC (bar) Pressure (bar)   Constr. rmsd
   -2.08221e+02   -3.83992e+02    2.49722e-06


DD  step 1639999 load imb.: force 29.4%  pme mesh/force 0.401
           Step           Time
        1640000     3280.00000

   Energies (kJ/mol)
           Bond          Angle    Proper Dih. Per. Imp. Dih.          LJ-14
    6.43316e+01    1.97079e+02    2.03115e+02    8.62554e+00    1.02807e+02
     Coulomb-14        LJ (SR)  Disper. corr.   Coulomb (SR)   Coul. recip.
    8.54970e+02    1.44718e+04   -6.33983e+02   -9.39316e+04    3.93340e+02
      Potential    Kinetic En.   Total Energy  Conserved En.    Temperature
   -7.82696e+04    1.25636e+04   -6.57060e+04   -7.68881e+04    2.94610e+02
 Pres. DC (bar) Pressure (bar)   Constr. rmsd
   -2.05032e+02   -9.16402e+02    2.94672e-06


DD  step 1644999 load imb.: force 30.6%  pme mesh/force 0.446
           Step           Time
        1645000     3290.00000

   Energies (kJ/mol)
           Bond          Angle    Proper Dih. Per. Imp. Dih.          LJ-14
    4.40737e+01    1.77741e+02    1.87874e+02    5.88457e+00    1.10418e+02
     Coulomb-14        LJ (SR)  Disper. corr.   Coulomb (SR)   Coul. recip.
    8.51552e+02    1.55747e+04   -6.44704e+02   -9.51586e+04    4.12137e+02
      Potential    Kinetic En.   Total Energy  Conserved En.    Temperature
   -7.84390e+04    1.25245e+04   -6.59145e+04   -7.69127e+04    2.93692e+02
 Pres. DC (bar) Pressure (bar)   Constr. rmsd
   -2.12016e+02    5.62551e+02    2.71292e-06


DD  step 1649999 load imb.: force 35.2%  pme mesh/force 0.488
           Step           Time
        1650000     3300.00000

   Energies (kJ/mol)
           Bond          Angle    Proper Dih. Per. Imp. Dih.          LJ-14
    6.63037e+01    1.77097e+02    2.04014e+02    7.15258e+00    1.13691e+02
     Coulomb-14        LJ (SR)  Disper. corr.   Coulomb (SR)   Coul. recip.
    8.71251e+02    1.48347e+04   -6.45081e+02   -9.47803e+04    3.96304e+02
      Potential    Kinetic En.   Total Energy  Conserved En.    Temperature
   -7.87549e+04    1.29503e+04   -6.58046e+04   -7.69259e+04    3.03677e+02
 Pres. DC (bar) Pressure (bar)   Constr. rmsd
   -2.12264e+02   -2.16374e+02    4.26296e-06


DD  step 1654999 load imb.: force 56.0%  pme mesh/force 0.284
           Step           Time
        1655000     3310.00000

   Energies (kJ/mol)
           Bond          Angle    Proper Dih. Per. Imp. Dih.          LJ-14
    5.51060e+01    1.98215e+02    2.34459e+02    1.57846e+01    1.08560e+02
     Coulomb-14        LJ (SR)  Disper. corr.   Coulomb (SR)   Coul. recip.
    8.41086e+02    1.54629e+04   -6.36257e+02   -9.50804e+04    4.08907e+02
      Potential    Kinetic En.   Total Energy  Conserved En.    Temperature
   -7.83917e+04    1.29124e+04   -6.54793e+04   -7.69670e+04    3.02789e+02
 Pres. DC (bar) Pressure (bar)   Constr. rmsd
   -2.06503e+02    1.44683e+02    2.30311e-06


DD  step 1659999 load imb.: force 38.9%  pme mesh/force 0.396
           Step           Time
        1660000     3320.00000

   Energies (kJ/mol)
           Bond          Angle    Proper Dih. Per. Imp. Dih.          LJ-14
    7.12139e+01    1.72271e+02    2.11834e+02    1.09769e+01    1.15833e+02
     Coulomb-14        LJ (SR)  Disper. corr.   Coulomb (SR)   Coul. recip.
    8.53554e+02    1.51418e+04   -6.44771e+02   -9.44908e+04    3.93419e+02
      Potential    Kinetic En.   Total Energy  Conserved En.    Temperature
   -7.81647e+04    1.27244e+04   -6.54403e+04   -7.69910e+04    2.98380e+02
 Pres. DC (bar) Pressure (bar)   Constr. rmsd
   -2.12060e+02    1.97857e+02    1.56514e-06


DD  step 1664999 load imb.: force 31.3%  pme mesh/force 0.516
           Step           Time
        1665000     3330.00000

   Energies (kJ/mol)
           Bond          Angle    Proper Dih. Per. Imp. Dih.          LJ-14
    5.67976e+01    1.73916e+02    2.12676e+02    1.11435e+01    1.01243e+02
     Coulomb-14        LJ (SR)  Disper. corr.   Coulomb (SR)   Coul. recip.
    8.39521e+02    1.51235e+04   -6.39107e+02   -9.48583e+04    4.32961e+02
      Potential    Kinetic En.   Total Energy  Conserved En.    Temperature
   -7.85456e+04    1.27864e+04   -6.57592e+04   -7.70626e+04    2.99834e+02
 Pres. DC (bar) Pressure (bar)   Constr. rmsd
   -2.08355e+02   -2.71338e+01    2.01540e-06


DD  step 1669999 load imb.: force 32.4%  pme mesh/force 0.423
           Step           Time
        1670000     3340.00000

   Energies (kJ/mol)
           Bond          Angle    Proper Dih. Per. Imp. Dih.          LJ-14
    5.63406e+01    1.70174e+02    2.02342e+02    9.91363e+00    1.16814e+02
     Coulomb-14        LJ (SR)  Disper. corr.   Coulomb (SR)   Coul. recip.
    8.40882e+02    1.57654e+04   -6.35664e+02   -9.53960e+04    4.23996e+02
      Potential    Kinetic En.   Total Energy  Conserved En.    Temperature
   -7.84458e+04    1.26401e+04   -6.58056e+04   -7.71001e+04    2.96405e+02
 Pres. DC (bar) Pressure (bar)   Constr. rmsd
   -2.06119e+02    5.13090e+02    2.77380e-06


DD  step 1674999 load imb.: force 34.8%  pme mesh/force 0.450
           Step           Time
        1675000     3350.00000

   Energies (kJ/mol)
           Bond          Angle    Proper Dih. Per. Imp. Dih.          LJ-14
    5.48765e+01    1.69174e+02    2.03538e+02    5.76704e+00    1.23106e+02
     Coulomb-14        LJ (SR)  Disper. corr.   Coulomb (SR)   Coul. recip.
    8.57203e+02    1.48999e+04   -6.42447e+02   -9.43407e+04    4.34895e+02
      Potential    Kinetic En.   Total Energy  Conserved En.    Temperature
   -7.82347e+04    1.25443e+04   -6.56904e+04   -7.71227e+04    2.94157e+02
 Pres. DC (bar) Pressure (bar)   Constr. rmsd
   -2.10536e+02    1.41062e+02    3.77650e-06


DD  step 1679999 load imb.: force 41.9%  pme mesh/force 0.421
           Step           Time
        1680000     3360.00000

   Energies (kJ/mol)
           Bond          Angle    Proper Dih. Per. Imp. Dih.          LJ-14
    7.66381e+01    1.97748e+02    2.20471e+02    9.73426e+00    1.05701e+02
     Coulomb-14        LJ (SR)  Disper. corr.   Coulomb (SR)   Coul. recip.
    8.23940e+02    1.51318e+04   -6.41215e+02   -9.47376e+04    4.12368e+02
      Potential    Kinetic En.   Total Energy  Conserved En.    Temperature
   -7.84004e+04    1.27063e+04   -6.56941e+04   -7.71810e+04    2.97955e+02
 Pres. DC (bar) Pressure (bar)   Constr. rmsd
   -2.09730e+02   -1.03463e+01    1.98862e-06


DD  step 1684999 load imb.: force 36.4%  pme mesh/force 0.359
           Step           Time
        1685000     3370.00000

   Energies (kJ/mol)
           Bond          Angle    Proper Dih. Per. Imp. Dih.          LJ-14
    5.78831e+01    1.99922e+02    2.06636e+02    6.37705e+00    1.08227e+02
     Coulomb-14        LJ (SR)  Disper. corr.   Coulomb (SR)   Coul. recip.
    8.12746e+02    1.55070e+04   -6.38176e+02   -9.50689e+04    4.35456e+02
      Potential    Kinetic En.   Total Energy  Conserved En.    Temperature
   -7.83728e+04    1.25196e+04   -6.58532e+04   -7.72046e+04    2.93578e+02
 Pres. DC (bar) Pressure (bar)   Constr. rmsd
   -2.07749e+02    2.15017e+02    1.72490e-06


DD  step 1689999 load imb.: force 34.5%  pme mesh/force 0.447
           Step           Time
        1690000     3380.00000

   Energies (kJ/mol)
           Bond          Angle    Proper Dih. Per. Imp. Dih.          LJ-14
    6.65901e+01    1.75692e+02    2.29304e+02    4.79132e+00    1.13718e+02
     Coulomb-14        LJ (SR)  Disper. corr.   Coulomb (SR)   Coul. recip.
    8.60454e+02    1.50711e+04   -6.34641e+02   -9.44087e+04    3.89260e+02
      Potential    Kinetic En.   Total Energy  Conserved En.    Temperature
   -7.81324e+04    1.31009e+04   -6.50315e+04   -7.72568e+04    3.07209e+02
 Pres. DC (bar) Pressure (bar)   Constr. rmsd
   -2.05457e+02   -1.50851e+02    3.33578e-06


DD  step 1694999 load imb.: force 36.9%  pme mesh/force 0.443
           Step           Time
        1695000     3390.00000

   Energies (kJ/mol)
           Bond          Angle    Proper Dih. Per. Imp. Dih.          LJ-14
    8.06814e+01    1.54125e+02    2.03753e+02    3.78826e+00    9.75847e+01
     Coulomb-14        LJ (SR)  Disper. corr.   Coulomb (SR)   Coul. recip.
    8.21600e+02    1.50185e+04   -6.33983e+02   -9.41761e+04    3.79399e+02
      Potential    Kinetic En.   Total Energy  Conserved En.    Temperature
   -7.80506e+04    1.30035e+04   -6.50471e+04   -7.72868e+04    3.04926e+02
 Pres. DC (bar) Pressure (bar)   Constr. rmsd
   -2.05031e+02    4.86453e+01    2.23977e-06


DD  step 1699999 load imb.: force 38.5%  pme mesh/force 0.433
           Step           Time
        1700000     3400.00000

   Energies (kJ/mol)
           Bond          Angle    Proper Dih. Per. Imp. Dih.          LJ-14
    5.82005e+01    1.90554e+02    2.00152e+02    6.51352e+00    9.56171e+01
     Coulomb-14        LJ (SR)  Disper. corr.   Coulomb (SR)   Coul. recip.
    8.23675e+02    1.53290e+04   -6.36256e+02   -9.47636e+04    3.84555e+02
      Potential    Kinetic En.   Total Energy  Conserved En.    Temperature
   -7.83116e+04    1.25146e+04   -6.57969e+04   -7.72812e+04    2.93461e+02
 Pres. DC (bar) Pressure (bar)   Constr. rmsd
   -2.06502e+02    1.34347e+02    3.49092e-06


DD  step 1704999 load imb.: force 41.0%  pme mesh/force 0.407
           Step           Time
        1705000     3410.00000

   Energies (kJ/mol)
           Bond          Angle    Proper Dih. Per. Imp. Dih.          LJ-14
    4.93795e+01    1.74257e+02    2.10717e+02    6.98398e+00    1.04436e+02
     Coulomb-14        LJ (SR)  Disper. corr.   Coulomb (SR)   Coul. recip.
    8.46252e+02    1.46893e+04   -6.41874e+02   -9.41286e+04    3.89243e+02
      Potential    Kinetic En.   Total Energy  Conserved En.    Temperature
   -7.82999e+04    1.25504e+04   -6.57495e+04   -7.73384e+04    2.94300e+02
 Pres. DC (bar) Pressure (bar)   Constr. rmsd
   -2.10161e+02   -3.13882e+02    2.34646e-06


DD  step 1709999 load imb.: force 40.6%  pme mesh/force 0.405
           Step           Time
        1710000     3420.00000

   Energies (kJ/mol)
           Bond          Angle    Proper Dih. Per. Imp. Dih.          LJ-14
    6.80225e+01    2.14235e+02    2.03242e+02    5.93211e+00    9.38626e+01
     Coulomb-14        LJ (SR)  Disper. corr.   Coulomb (SR)   Coul. recip.
    8.49975e+02    1.56945e+04   -6.36246e+02   -9.52740e+04    4.27593e+02
      Potential    Kinetic En.   Total Energy  Conserved En.    Temperature
   -7.83529e+04    1.27900e+04   -6.55629e+04   -7.73662e+04    2.99920e+02
 Pres. DC (bar) Pressure (bar)   Constr. rmsd
   -2.06496e+02    3.16985e+02    2.94095e-06


DD  step 1714999 load imb.: force 36.0%  pme mesh/force 0.464
           Step           Time
        1715000     3430.00000

   Energies (kJ/mol)
           Bond          Angle    Proper Dih. Per. Imp. Dih.          LJ-14
    1.09388e+02    1.50730e+02    1.87474e+02    1.21011e+01    9.08342e+01
     Coulomb-14        LJ (SR)  Disper. corr.   Coulomb (SR)   Coul. recip.
    8.17359e+02    1.50112e+04   -6.44833e+02   -9.44377e+04    4.45919e+02
      Potential    Kinetic En.   Total Energy  Conserved En.    Temperature
   -7.82575e+04    1.26836e+04   -6.55739e+04   -7.73894e+04    2.97424e+02
 Pres. DC (bar) Pressure (bar)   Constr. rmsd
   -2.12101e+02   -8.71164e+01    2.76740e-06


DD  step 1719999 load imb.: force 37.4%  pme mesh/force 0.456
           Step           Time
        1720000     3440.00000

   Energies (kJ/mol)
           Bond          Angle    Proper Dih. Per. Imp. Dih.          LJ-14
    6.69618e+01    1.90002e+02    2.28945e+02    5.58403e+00    1.08192e+02
     Coulomb-14        LJ (SR)  Disper. corr.   Coulomb (SR)   Coul. recip.
    8.20113e+02    1.48337e+04   -6.38853e+02   -9.37164e+04    4.30708e+02
      Potential    Kinetic En.   Total Energy  Conserved En.    Temperature
   -7.76710e+04    1.28460e+04   -6.48250e+04   -7.74234e+04    3.01231e+02
 Pres. DC (bar) Pressure (bar)   Constr. rmsd
   -2.08190e+02    2.52173e+01    3.34154e-06


DD  step 1724999 load imb.: force 34.7%  pme mesh/force 0.429
           Step           Time
        1725000     3450.00000

   Energies (kJ/mol)
           Bond          Angle    Proper Dih. Per. Imp. Dih.          LJ-14
    8.33932e+01    1.94091e+02    2.03593e+02    6.26059e+00    1.06239e+02
     Coulomb-14        LJ (SR)  Disper. corr.   Coulomb (SR)   Coul. recip.
    8.68487e+02    1.54046e+04   -6.37923e+02   -9.49354e+04    4.05912e+02
      Potential    Kinetic En.   Total Energy  Conserved En.    Temperature
   -7.83008e+04    1.30593e+04   -6.52415e+04   -7.74743e+04    3.06233e+02
 Pres. DC (bar) Pressure (bar)   Constr. rmsd
   -2.07585e+02    5.91615e+01    3.66861e-06


DD  step 1729999 load imb.: force 39.7%  pme mesh/force 0.485
           Step           Time
        1730000     3460.00000

   Energies (kJ/mol)
           Bond          Angle    Proper Dih. Per. Imp. Dih.          LJ-14
    7.74728e+01    2.08853e+02    1.91895e+02    7.31295e+00    9.86725e+01
     Coulomb-14        LJ (SR)  Disper. corr.   Coulomb (SR)   Coul. recip.
    8.44399e+02    1.55096e+04   -6.42017e+02   -9.51199e+04    4.10505e+02
      Potential    Kinetic En.   Total Energy  Conserved En.    Temperature
   -7.84132e+04    1.27241e+04   -6.56892e+04   -7.75061e+04    2.98372e+02
 Pres. DC (bar) Pressure (bar)   Constr. rmsd
   -2.10254e+02    5.25951e+02    2.33489e-06


DD  step 1734999 load imb.: force 42.3%  pme mesh/force 0.292
           Step           Time
        1735000     3470.00000

   Energies (kJ/mol)
           Bond          Angle    Proper Dih. Per. Imp. Dih.          LJ-14
    5.62509e+01    2.05067e+02    2.01992e+02    5.80173e+00    1.19450e+02
     Coulomb-14        LJ (SR)  Disper. corr.   Coulomb (SR)   Coul. recip.
    8.46118e+02    1.50060e+04   -6.33573e+02   -9.47123e+04    4.20623e+02
      Potential    Kinetic En.   Total Energy  Conserved En.    Temperature
   -7.84846e+04    1.28730e+04   -6.56116e+04   -7.75590e+04    3.01864e+02
 Pres. DC (bar) Pressure (bar)   Constr. rmsd
   -2.04766e+02   -2.34406e+02    3.04952e-06


DD  step 1739999 load imb.: force 37.0%  pme mesh/force 0.444
           Step           Time
        1740000     3480.00000

   Energies (kJ/mol)
           Bond          Angle    Proper Dih. Per. Imp. Dih.          LJ-14
    4.70419e+01    1.82954e+02    1.92047e+02    5.26742e+00    1.06410e+02
     Coulomb-14        LJ (SR)  Disper. corr.   Coulomb (SR)   Coul. recip.
    8.49287e+02    1.51671e+04   -6.51692e+02   -9.50336e+04    4.06452e+02
      Potential    Kinetic En.   Total Energy  Conserved En.    Temperature
   -7.87287e+04    1.26635e+04   -6.60652e+04   -7.75707e+04    2.96952e+02
 Pres. DC (bar) Pressure (bar)   Constr. rmsd
   -2.16631e+02    2.91272e+02    3.17278e-06


DD  step 1744999 load imb.: force 35.4%  pme mesh/force 0.498
           Step           Time
        1745000     3490.00000

   Energies (kJ/mol)
           Bond          Angle    Proper Dih. Per. Imp. Dih.          LJ-14
    4.40607e+01    1.90227e+02    1.76633e+02    7.24436e+00    9.84276e+01
     Coulomb-14        LJ (SR)  Disper. corr.   Coulomb (SR)   Coul. recip.
    8.24115e+02    1.55236e+04   -6.46117e+02   -9.53683e+04    3.69504e+02
      Potential    Kinetic En.   Total Energy  Conserved En.    Temperature
   -7.87807e+04    1.26687e+04   -6.61120e+04   -7.76282e+04    2.97073e+02
 Pres. DC (bar) Pressure (bar)   Constr. rmsd
   -2.12946e+02    2.91948e+02    3.60508e-06


DD  step 1749999 load imb.: force 33.7%  pme mesh/force 0.448
           Step           Time
        1750000     3500.00000

   Energies (kJ/mol)
           Bond          Angle    Proper Dih. Per. Imp. Dih.          LJ-14
    7.77966e+01    1.78630e+02    1.89347e+02    5.02772e+00    8.85846e+01
     Coulomb-14        LJ (SR)  Disper. corr.   Coulomb (SR)   Coul. recip.
    8.37437e+02    1.51074e+04   -6.38995e+02   -9.46253e+04    4.05912e+02
      Potential    Kinetic En.   Total Energy  Conserved En.    Temperature
   -7.83742e+04    1.27204e+04   -6.56538e+04   -7.76512e+04    2.98287e+02
 Pres. DC (bar) Pressure (bar)   Constr. rmsd
   -2.08282e+02   -2.15402e+02    2.28258e-06


DD  step 1754999 load imb.: force 42.7%  pme mesh/force 0.338
           Step           Time
        1755000     3510.00000

   Energies (kJ/mol)
           Bond          Angle    Proper Dih. Per. Imp. Dih.          LJ-14
    8.51556e+01    1.89213e+02    2.10202e+02    8.98714e+00    9.09267e+01
     Coulomb-14        LJ (SR)  Disper. corr.   Coulomb (SR)   Coul. recip.
    8.28917e+02    1.49452e+04   -6.43065e+02   -9.44307e+04    3.74730e+02
      Potential    Kinetic En.   Total Energy  Conserved En.    Temperature
   -7.83405e+04    1.27339e+04   -6.56066e+04   -7.76730e+04    2.98604e+02
 Pres. DC (bar) Pressure (bar)   Constr. rmsd
   -2.10941e+02   -2.63619e+02    2.66331e-06


DD  step 1759999 load imb.: force 32.4%  pme mesh/force 0.458
           Step           Time
        1760000     3520.00000

   Energies (kJ/mol)
           Bond          Angle    Proper Dih. Per. Imp. Dih.          LJ-14
    7.17261e+01    2.03600e+02    2.15905e+02    1.47857e+01    1.12899e+02
     Coulomb-14        LJ (SR)  Disper. corr.   Coulomb (SR)   Coul. recip.
    8.27890e+02    1.46652e+04   -6.45065e+02   -9.38535e+04    4.34850e+02
      Potential    Kinetic En.   Total Energy  Conserved En.    Temperature
   -7.79517e+04    1.28199e+04   -6.51319e+04   -7.76932e+04    3.00619e+02
 Pres. DC (bar) Pressure (bar)   Constr. rmsd
   -2.12253e+02   -2.23941e+02    3.79542e-06


DD  step 1764999 load imb.: force 30.9%  pme mesh/force 0.417
           Step           Time
        1765000     3530.00000

   Energies (kJ/mol)
           Bond          Angle    Proper Dih. Per. Imp. Dih.          LJ-14
    4.69319e+01    2.07004e+02    2.05052e+02    9.04899e+00    1.08299e+02
     Coulomb-14        LJ (SR)  Disper. corr.   Coulomb (SR)   Coul. recip.
    8.48492e+02    1.50857e+04   -6.43591e+02   -9.45063e+04    4.03258e+02
      Potential    Kinetic En.   Total Energy  Conserved En.    Temperature
   -7.82361e+04    1.28607e+04   -6.53754e+04   -7.77550e+04    3.01578e+02
 Pres. DC (bar) Pressure (bar)   Constr. rmsd
   -2.11285e+02   -3.45728e+01    1.83583e-06


DD  step 1769999 load imb.: force 30.2%  pme mesh/force 0.472
           Step           Time
        1770000     3540.00000

   Energies (kJ/mol)
           Bond          Angle    Proper Dih. Per. Imp. Dih.          LJ-14
    7.54579e+01    1.96215e+02    1.82190e+02    8.08828e+00    1.07327e+02
     Coulomb-14        LJ (SR)  Disper. corr.   Coulomb (SR)   Coul. recip.
    8.39540e+02    1.54877e+04   -6.36934e+02   -9.51284e+04    4.22923e+02
      Potential    Kinetic En.   Total Energy  Conserved En.    Temperature
   -7.84459e+04    1.27325e+04   -6.57134e+04   -7.77799e+04    2.98571e+02
 Pres. DC (bar) Pressure (bar)   Constr. rmsd
   -2.06942e+02    1.93363e+02    2.50907e-06


DD  step 1774999 load imb.: force 41.4%  pme mesh/force 0.410
           Step           Time
        1775000     3550.00000

   Energies (kJ/mol)
           Bond          Angle    Proper Dih. Per. Imp. Dih.          LJ-14
    7.00554e+01    2.20871e+02    2.02820e+02    1.08506e+01    9.37928e+01
     Coulomb-14        LJ (SR)  Disper. corr.   Coulomb (SR)   Coul. recip.
    7.95076e+02    1.48334e+04   -6.36429e+02   -9.40779e+04    4.28676e+02
      Potential    Kinetic En.   Total Energy  Conserved En.    Temperature
   -7.80588e+04    1.25779e+04   -6.54809e+04   -7.77968e+04    2.94945e+02
 Pres. DC (bar) Pressure (bar)   Constr. rmsd
   -2.06614e+02   -4.15970e+02    1.30480e-06


DD  step 1779999 load imb.: force 29.9%  pme mesh/force 0.452
           Step           Time
        1780000     3560.00000

   Energies (kJ/mol)
           Bond          Angle    Proper Dih. Per. Imp. Dih.          LJ-14
    7.12494e+01    2.03256e+02    1.91208e+02    1.26280e+01    1.15770e+02
     Coulomb-14        LJ (SR)  Disper. corr.   Coulomb (SR)   Coul. recip.
    8.33015e+02    1.56853e+04   -6.36397e+02   -9.51987e+04    4.37589e+02
      Potential    Kinetic En.   Total Energy  Conserved En.    Temperature
   -7.82850e+04    1.27050e+04   -6.55801e+04   -7.78428e+04    2.97925e+02
 Pres. DC (bar) Pressure (bar)   Constr. rmsd
   -2.06594e+02    6.75503e+02    3.85806e-06


DD  step 1784999 load imb.: force 34.1%  pme mesh/force 0.456
           Step           Time
        1785000     3570.00000

   Energies (kJ/mol)
           Bond          Angle    Proper Dih. Per. Imp. Dih.          LJ-14
    8.90487e+01    1.81921e+02    2.10117e+02    1.13633e+01    9.45922e+01
     Coulomb-14        LJ (SR)  Disper. corr.   Coulomb (SR)   Coul. recip.
    8.01879e+02    1.59620e+04   -6.44709e+02   -9.59638e+04    3.81354e+02
      Potential    Kinetic En.   Total Energy  Conserved En.    Temperature
   -7.88763e+04    1.26484e+04   -6.62279e+04   -7.78656e+04    2.96599e+02
 Pres. DC (bar) Pressure (bar)   Constr. rmsd
   -2.12019e+02    7.55271e+02    2.17369e-06


DD  step 1789999 load imb.: force 33.4%  pme mesh/force 0.465
           Step           Time
        1790000     3580.00000

   Energies (kJ/mol)
           Bond          Angle    Proper Dih. Per. Imp. Dih.          LJ-14
    7.59394e+01    1.94209e+02    2.15320e+02    6.11653e+00    9.79893e+01
     Coulomb-14        LJ (SR)  Disper. corr.   Coulomb (SR)   Coul. recip.
    8.29508e+02    1.51271e+04   -6.35026e+02   -9.43349e+04    4.27993e+02
      Potential    Kinetic En.   Total Energy  Conserved En.    Temperature
   -7.79958e+04    1.28760e+04   -6.51198e+04   -7.79142e+04    3.01935e+02
 Pres. DC (bar) Pressure (bar)   Constr. rmsd
   -2.05706e+02   -1.21193e+01    4.74242e-06


DD  step 1794999 load imb.: force 30.8%  pme mesh/force 0.429
           Step           Time
        1795000     3590.00000

   Energies (kJ/mol)
           Bond          Angle    Proper Dih. Per. Imp. Dih.          LJ-14
    6.90872e+01    1.77524e+02    2.18103e+02    7.65694e+00    9.47834e+01
     Coulomb-14        LJ (SR)  Disper. corr.   Coulomb (SR)   Coul. recip.
    8.52979e+02    1.43019e+04   -6.38054e+02   -9.36570e+04    3.90546e+02
      Potential    Kinetic En.   Total Energy  Conserved En.    Temperature
   -7.81825e+04    1.28708e+04   -6.53116e+04   -7.79386e+04    3.01814e+02
 Pres. DC (bar) Pressure (bar)   Constr. rmsd
   -2.07670e+02   -6.76863e+02    3.03349e-06


DD  step 1799999 load imb.: force 29.4%  pme mesh/force 0.444
           Step           Time
        1800000     3600.00000

   Energies (kJ/mol)
           Bond          Angle    Proper Dih. Per. Imp. Dih.          LJ-14
    8.00385e+01    1.70452e+02    2.10038e+02    5.04238e+00    1.01813e+02
     Coulomb-14        LJ (SR)  Disper. corr.   Coulomb (SR)   Coul. recip.
    8.73603e+02    1.50622e+04   -6.36854e+02   -9.48275e+04    3.92666e+02
      Potential    Kinetic En.   Total Energy  Conserved En.    Temperature
   -7.85685e+04    1.24774e+04   -6.60911e+04   -7.79531e+04    2.92590e+02
 Pres. DC (bar) Pressure (bar)   Constr. rmsd
   -2.06890e+02   -3.20589e+02    2.08164e-06


DD  step 1804999 load imb.: force 26.7%  pme mesh/force 0.492
           Step           Time
        1805000     3610.00000

   Energies (kJ/mol)
           Bond          Angle    Proper Dih. Per. Imp. Dih.          LJ-14
    6.38833e+01    1.83464e+02    2.03195e+02    1.04160e+01    1.10473e+02
     Coulomb-14        LJ (SR)  Disper. corr.   Coulomb (SR)   Coul. recip.
    7.97089e+02    1.48962e+04   -6.38902e+02   -9.45041e+04    4.10856e+02
      Potential    Kinetic En.   Total Energy  Conserved En.    Temperature
   -7.84675e+04    1.31046e+04   -6.53629e+04   -7.79963e+04    3.07296e+02
 Pres. DC (bar) Pressure (bar)   Constr. rmsd
   -2.08222e+02   -3.16203e+02    2.60045e-06


DD  step 1809999 load imb.: force 33.5%  pme mesh/force 0.465
           Step           Time
        1810000     3620.00000

   Energies (kJ/mol)
           Bond          Angle    Proper Dih. Per. Imp. Dih.          LJ-14
    4.44514e+01    1.94421e+02    2.08834e+02    1.32336e+01    1.07833e+02
     Coulomb-14        LJ (SR)  Disper. corr.   Coulomb (SR)   Coul. recip.
    8.22217e+02    1.49623e+04   -6.35442e+02   -9.45976e+04    4.03653e+02
      Potential    Kinetic En.   Total Energy  Conserved En.    Temperature
   -7.84761e+04    1.29293e+04   -6.55468e+04   -7.80475e+04    3.03185e+02
 Pres. DC (bar) Pressure (bar)   Constr. rmsd
   -2.05975e+02   -3.62177e+02    1.91051e-06


DD  step 1814999 load imb.: force 28.6%  pme mesh/force 0.470
           Step           Time
        1815000     3630.00000

   Energies (kJ/mol)
           Bond          Angle    Proper Dih. Per. Imp. Dih.          LJ-14
    5.93393e+01    1.91898e+02    2.27908e+02    1.33695e+01    9.48345e+01
     Coulomb-14        LJ (SR)  Disper. corr.   Coulomb (SR)   Coul. recip.
    8.28876e+02    1.52835e+04   -6.40435e+02   -9.47586e+04    4.10986e+02
      Potential    Kinetic En.   Total Energy  Conserved En.    Temperature
   -7.82884e+04    1.28269e+04   -6.54615e+04   -7.80732e+04    3.00784e+02
 Pres. DC (bar) Pressure (bar)   Constr. rmsd
   -2.09221e+02   -7.40985e+01    3.22799e-06


DD  step 1819999 load imb.: force 35.2%  pme mesh/force 0.450
           Step           Time
        1820000     3640.00000

   Energies (kJ/mol)
           Bond          Angle    Proper Dih. Per. Imp. Dih.          LJ-14
    5.79527e+01    1.63827e+02    2.02892e+02    1.32520e+01    1.05083e+02
     Coulomb-14        LJ (SR)  Disper. corr.   Coulomb (SR)   Coul. recip.
    8.34816e+02    1.55854e+04   -6.39421e+02   -9.53905e+04    3.87203e+02
      Potential    Kinetic En.   Total Energy  Conserved En.    Temperature
   -7.86795e+04    1.29150e+04   -6.57645e+04   -7.81183e+04    3.02851e+02
 Pres. DC (bar) Pressure (bar)   Constr. rmsd
   -2.08560e+02    3.74947e+02    4.04111e-06


DD  step 1824999 load imb.: force 32.2%  pme mesh/force 0.449
           Step           Time
        1825000     3650.00000

   Energies (kJ/mol)
           Bond          Angle    Proper Dih. Per. Imp. Dih.          LJ-14
    4.30769e+01    2.05215e+02    2.04649e+02    7.75857e+00    1.03767e+02
     Coulomb-14        LJ (SR)  Disper. corr.   Coulomb (SR)   Coul. recip.
    8.72844e+02    1.48033e+04   -6.40794e+02   -9.39855e+04    4.14188e+02
      Potential    Kinetic En.   Total Energy  Conserved En.    Temperature
   -7.79715e+04    1.26992e+04   -6.52723e+04   -7.81547e+04    2.97789e+02
 Pres. DC (bar) Pressure (bar)   Constr. rmsd
   -2.09455e+02   -1.97917e+02    3.35553e-06


DD  step 1829999 load imb.: force 36.1%  pme mesh/force 0.444
           Step           Time
        1830000     3660.00000

   Energies (kJ/mol)
           Bond          Angle    Proper Dih. Per. Imp. Dih.          LJ-14
    4.62691e+01    1.54168e+02    2.01197e+02    6.11920e+00    1.17543e+02
     Coulomb-14        LJ (SR)  Disper. corr.   Coulomb (SR)   Coul. recip.
    8.62224e+02    1.52532e+04   -6.39351e+02   -9.46931e+04    3.78434e+02
      Potential    Kinetic En.   Total Energy  Conserved En.    Temperature
   -7.83133e+04    1.25076e+04   -6.58057e+04   -7.81617e+04    2.93297e+02
 Pres. DC (bar) Pressure (bar)   Constr. rmsd
   -2.08514e+02    3.26849e+02    3.02714e-06


DD  step 1834999 load imb.: force 28.5%  pme mesh/force 0.475
           Step           Time
        1835000     3670.00000

   Energies (kJ/mol)
           Bond          Angle    Proper Dih. Per. Imp. Dih.          LJ-14
    7.14506e+01    1.90095e+02    2.07191e+02    8.22230e+00    1.03642e+02
     Coulomb-14        LJ (SR)  Disper. corr.   Coulomb (SR)   Coul. recip.
    8.58142e+02    1.54184e+04   -6.43778e+02   -9.47664e+04    4.10859e+02
      Potential    Kinetic En.   Total Energy  Conserved En.    Temperature
   -7.81422e+04    1.25156e+04   -6.56267e+04   -7.82131e+04    2.93483e+02
 Pres. DC (bar) Pressure (bar)   Constr. rmsd
   -2.11408e+02    4.19612e+02    2.08259e-06


DD  step 1839999 load imb.: force 30.3%  pme mesh/force 0.473
           Step           Time
        1840000     3680.00000

   Energies (kJ/mol)
           Bond          Angle    Proper Dih. Per. Imp. Dih.          LJ-14
    8.64946e+01    1.73547e+02    2.17599e+02    8.19281e+00    1.02425e+02
     Coulomb-14        LJ (SR)  Disper. corr.   Coulomb (SR)   Coul. recip.
    8.39767e+02    1.50365e+04   -6.35314e+02   -9.47842e+04    4.30218e+02
      Potential    Kinetic En.   Total Energy  Conserved En.    Temperature
   -7.85248e+04    1.28858e+04   -6.56390e+04   -7.82542e+04    3.02164e+02
 Pres. DC (bar) Pressure (bar)   Constr. rmsd
   -2.05892e+02   -3.57725e+02    2.92555e-06


DD  step 1844999 load imb.: force 30.7%  pme mesh/force 0.459
           Step           Time
        1845000     3690.00000

   Energies (kJ/mol)
           Bond          Angle    Proper Dih. Per. Imp. Dih.          LJ-14
    7.72626e+01    1.78814e+02    1.95832e+02    4.52480e+00    1.00763e+02
     Coulomb-14        LJ (SR)  Disper. corr.   Coulomb (SR)   Coul. recip.
    8.35663e+02    1.51956e+04   -6.42339e+02   -9.49662e+04    4.55912e+02
      Potential    Kinetic En.   Total Energy  Conserved En.    Temperature
   -7.85642e+04    1.29728e+04   -6.55913e+04   -7.83007e+04    3.04206e+02
 Pres. DC (bar) Pressure (bar)   Constr. rmsd
   -2.10465e+02   -1.16871e+02    2.52443e-06


DD  step 1849999 load imb.: force 26.4%  pme mesh/force 0.485
           Step           Time
        1850000     3700.00000

   Energies (kJ/mol)
           Bond          Angle    Proper Dih. Per. Imp. Dih.          LJ-14
    7.57794e+01    1.94798e+02    1.96241e+02    1.02028e+01    1.03016e+02
     Coulomb-14        LJ (SR)  Disper. corr.   Coulomb (SR)   Coul. recip.
    8.06962e+02    1.51676e+04   -6.42987e+02   -9.50108e+04    4.09558e+02
      Potential    Kinetic En.   Total Energy  Conserved En.    Temperature
   -7.86897e+04    1.29749e+04   -6.57148e+04   -7.83202e+04    3.04255e+02
 Pres. DC (bar) Pressure (bar)   Constr. rmsd
   -2.10890e+02    1.32488e+02    2.28542e-06


DD  step 1854999 load imb.: force 33.5%  pme mesh/force 0.448
           Step           Time
        1855000     3710.00000

   Energies (kJ/mol)
           Bond          Angle    Proper Dih. Per. Imp. Dih.          LJ-14
    7.55537e+01    2.23171e+02    2.10414e+02    1.14321e+01    9.36038e+01
     Coulomb-14        LJ (SR)  Disper. corr.   Coulomb (SR)   Coul. recip.
    8.15237e+02    1.52205e+04   -6.41407e+02   -9.45762e+04    3.95783e+02
      Potential    Kinetic En.   Total Energy  Conserved En.    Temperature
   -7.81719e+04    1.29936e+04   -6.51783e+04   -7.83564e+04    3.04692e+02
 Pres. DC (bar) Pressure (bar)   Constr. rmsd
   -2.09855e+02    1.33133e+02    2.79625e-06


DD  step 1859999 load imb.: force 27.2%  pme mesh/force 0.483
           Step           Time
        1860000     3720.00000

   Energies (kJ/mol)
           Bond          Angle    Proper Dih. Per. Imp. Dih.          LJ-14
    5.81810e+01    1.82577e+02    1.97870e+02    5.06896e+00    9.94509e+01
     Coulomb-14        LJ (SR)  Disper. corr.   Coulomb (SR)   Coul. recip.
    8.42845e+02    1.46934e+04   -6.36996e+02   -9.41801e+04    3.88098e+02
      Potential    Kinetic En.   Total Energy  Conserved En.    Temperature
   -7.83496e+04    1.26139e+04   -6.57357e+04   -7.84219e+04    2.95789e+02
 Pres. DC (bar) Pressure (bar)   Constr. rmsd
   -2.06982e+02   -6.69394e+02    2.19973e-06


DD  step 1864999 load imb.: force 32.6%  pme mesh/force 0.459
           Step           Time
        1865000     3730.00000

   Energies (kJ/mol)
           Bond          Angle    Proper Dih. Per. Imp. Dih.          LJ-14
    5.96323e+01    1.99695e+02    2.12732e+02    6.89100e+00    1.09876e+02
     Coulomb-14        LJ (SR)  Disper. corr.   Coulomb (SR)   Coul. recip.
    8.22903e+02    1.53845e+04   -6.39623e+02   -9.48579e+04    4.28870e+02
      Potential    Kinetic En.   Total Energy  Conserved En.    Temperature
   -7.82724e+04    1.28564e+04   -6.54160e+04   -7.84333e+04    3.01475e+02
 Pres. DC (bar) Pressure (bar)   Constr. rmsd
   -2.08691e+02    3.31130e+02    2.22432e-06


DD  step 1869999 load imb.: force 41.0%  pme mesh/force 0.448
           Step           Time
        1870000     3740.00000

   Energies (kJ/mol)
           Bond          Angle    Proper Dih. Per. Imp. Dih.          LJ-14
    6.00772e+01    2.21406e+02    2.02765e+02    7.17385e+00    1.06438e+02
     Coulomb-14        LJ (SR)  Disper. corr.   Coulomb (SR)   Coul. recip.
    8.03497e+02    1.51197e+04   -6.33082e+02   -9.43668e+04    4.24973e+02
      Potential    Kinetic En.   Total Energy  Conserved En.    Temperature
   -7.80538e+04    1.27369e+04   -6.53169e+04   -7.84638e+04    2.98675e+02
 Pres. DC (bar) Pressure (bar)   Constr. rmsd
   -2.04450e+02    1.53210e+02    3.09802e-06


DD  step 1874999 load imb.: force 32.8%  pme mesh/force 0.441
           Step           Time
        1875000     3750.00000

   Energies (kJ/mol)
           Bond          Angle    Proper Dih. Per. Imp. Dih.          LJ-14
    7.79274e+01    1.80729e+02    1.97675e+02    7.58575e+00    1.04076e+02
     Coulomb-14        LJ (SR)  Disper. corr.   Coulomb (SR)   Coul. recip.
    8.22773e+02    1.55313e+04   -6.37299e+02   -9.50839e+04    4.27494e+02
      Potential    Kinetic En.   Total Energy  Conserved En.    Temperature
   -7.83717e+04    1.28889e+04   -6.54828e+04   -7.85163e+04    3.02237e+02
 Pres. DC (bar) Pressure (bar)   Constr. rmsd
   -2.07179e+02    2.98880e+02    3.37576e-06


DD  step 1879999 load imb.: force 30.6%  pme mesh/force 0.478
           Step           Time
        1880000     3760.00000

   Energies (kJ/mol)
           Bond          Angle    Proper Dih. Per. Imp. Dih.          LJ-14
    7.44210e+01    1.87695e+02    2.04780e+02    1.42628e+01    1.09743e+02
     Coulomb-14        LJ (SR)  Disper. corr.   Coulomb (SR)   Coul. recip.
    8.40912e+02    1.50541e+04   -6.40537e+02   -9.44653e+04    4.13955e+02
      Potential    Kinetic En.   Total Energy  Conserved En.    Temperature
   -7.82060e+04    1.27576e+04   -6.54484e+04   -7.85428e+04    2.99160e+02
 Pres. DC (bar) Pressure (bar)   Constr. rmsd
   -2.09287e+02    3.27123e+01    2.58169e-06


DD  step 1884999 load imb.: force 30.7%  pme mesh/force 0.468
           Step           Time
        1885000     3770.00000

   Energies (kJ/mol)
           Bond          Angle    Proper Dih. Per. Imp. Dih.          LJ-14
    7.03457e+01    1.93868e+02    2.06410e+02    6.84405e+00    1.09726e+02
     Coulomb-14        LJ (SR)  Disper. corr.   Coulomb (SR)   Coul. recip.
    8.29544e+02    1.50810e+04   -6.39700e+02   -9.47630e+04    4.14249e+02
      Potential    Kinetic En.   Total Energy  Conserved En.    Temperature
   -7.84908e+04    1.29802e+04   -6.55105e+04   -7.85524e+04    3.04379e+02
 Pres. DC (bar) Pressure (bar)   Constr. rmsd
   -2.08741e+02   -4.70698e+01    3.42379e-06


DD  step 1889999 load imb.: force 33.6%  pme mesh/force 0.494
           Step           Time
        1890000     3780.00000

   Energies (kJ/mol)
           Bond          Angle    Proper Dih. Per. Imp. Dih.          LJ-14
    9.84226e+01    1.65283e+02    2.02164e+02    4.89600e+00    9.63351e+01
     Coulomb-14        LJ (SR)  Disper. corr.   Coulomb (SR)   Coul. recip.
    8.03135e+02    1.51922e+04   -6.38395e+02   -9.47894e+04    4.16938e+02
      Potential    Kinetic En.   Total Energy  Conserved En.    Temperature
   -7.84485e+04    1.27086e+04   -6.57398e+04   -7.85757e+04    2.98011e+02
 Pres. DC (bar) Pressure (bar)   Constr. rmsd
   -2.07892e+02   -2.66184e+02    2.30426e-06


DD  step 1894999 load imb.: force 36.7%  pme mesh/force 0.397
           Step           Time
        1895000     3790.00000

   Energies (kJ/mol)
           Bond          Angle    Proper Dih. Per. Imp. Dih.          LJ-14
    6.39622e+01    1.60945e+02    1.94392e+02    7.93417e+00    1.08554e+02
     Coulomb-14        LJ (SR)  Disper. corr.   Coulomb (SR)   Coul. recip.
    8.10756e+02    1.51296e+04   -6.39215e+02   -9.49317e+04    4.25279e+02
      Potential    Kinetic En.   Total Energy  Conserved En.    Temperature
   -7.86695e+04    1.26384e+04   -6.60311e+04   -7.86130e+04    2.96363e+02
 Pres. DC (bar) Pressure (bar)   Constr. rmsd
   -2.08425e+02   -1.79557e+02    5.02177e-06


DD  step 1899999 load imb.: force 30.3%  pme mesh/force 0.422
           Step           Time
        1900000     3800.00000

   Energies (kJ/mol)
           Bond          Angle    Proper Dih. Per. Imp. Dih.          LJ-14
    8.30449e+01    1.71471e+02    2.30463e+02    6.89432e+00    9.42013e+01
     Coulomb-14        LJ (SR)  Disper. corr.   Coulomb (SR)   Coul. recip.
    8.41926e+02    1.54841e+04   -6.41090e+02   -9.50776e+04    4.09110e+02
      Potential    Kinetic En.   Total Energy  Conserved En.    Temperature
   -7.83974e+04    1.28684e+04   -6.55290e+04   -7.86336e+04    3.01758e+02
 Pres. DC (bar) Pressure (bar)   Constr. rmsd
   -2.09649e+02    1.71832e+02    2.79827e-06


DD  step 1904999 load imb.: force 33.2%  pme mesh/force 0.437
           Step           Time
        1905000     3810.00000

   Energies (kJ/mol)
           Bond          Angle    Proper Dih. Per. Imp. Dih.          LJ-14
    8.87461e+01    1.99567e+02    1.90799e+02    5.81336e+00    9.42113e+01
     Coulomb-14        LJ (SR)  Disper. corr.   Coulomb (SR)   Coul. recip.
    8.18766e+02    1.50322e+04   -6.38555e+02   -9.48237e+04    4.16749e+02
      Potential    Kinetic En.   Total Energy  Conserved En.    Temperature
   -7.86154e+04    1.31598e+04   -6.54555e+04   -7.86800e+04    3.08591e+02
 Pres. DC (bar) Pressure (bar)   Constr. rmsd
   -2.07996e+02   -3.27161e+02    2.75695e-06


DD  step 1909999 load imb.: force 33.5%  pme mesh/force 0.463
           Step           Time
        1910000     3820.00000

   Energies (kJ/mol)
           Bond          Angle    Proper Dih. Per. Imp. Dih.          LJ-14
    7.26370e+01    1.82125e+02    1.77409e+02    7.62695e+00    1.01421e+02
     Coulomb-14        LJ (SR)  Disper. corr.   Coulomb (SR)   Coul. recip.
    8.23096e+02    1.49340e+04   -6.38438e+02   -9.49215e+04    3.76094e+02
      Potential    Kinetic En.   Total Energy  Conserved En.    Temperature
   -7.88855e+04    1.27339e+04   -6.61516e+04   -7.86971e+04    2.98604e+02
 Pres. DC (bar) Pressure (bar)   Constr. rmsd
   -2.07920e+02   -2.90664e+02    2.20573e-06


DD  step 1914999 load imb.: force 33.5%  pme mesh/force 0.453
           Step           Time
        1915000     3830.00000

   Energies (kJ/mol)
           Bond          Angle    Proper Dih. Per. Imp. Dih.          LJ-14
    8.58869e+01    1.88937e+02    1.93930e+02    1.04452e+01    1.09712e+02
     Coulomb-14        LJ (SR)  Disper. corr.   Coulomb (SR)   Coul. recip.
    8.15804e+02    1.47915e+04   -6.42959e+02   -9.38322e+04    4.15706e+02
      Potential    Kinetic En.   Total Energy  Conserved En.    Temperature
   -7.78633e+04    1.27712e+04   -6.50921e+04   -7.87395e+04    2.99477e+02
 Pres. DC (bar) Pressure (bar)   Constr. rmsd
   -2.10871e+02   -1.33643e+02    4.07783e-06


DD  step 1919999 load imb.: force 33.3%  pme mesh/force 0.448
           Step           Time
        1920000     3840.00000

   Energies (kJ/mol)
           Bond          Angle    Proper Dih. Per. Imp. Dih.          LJ-14
    8.38286e+01    1.90402e+02    1.86106e+02    7.84206e+00    9.99917e+01
     Coulomb-14        LJ (SR)  Disper. corr.   Coulomb (SR)   Coul. recip.
    7.98878e+02    1.56097e+04   -6.36331e+02   -9.52423e+04    3.97635e+02
      Potential    Kinetic En.   Total Energy  Conserved En.    Temperature
   -7.85042e+04    1.27329e+04   -6.57714e+04   -7.87871e+04    2.98579e+02
 Pres. DC (bar) Pressure (bar)   Constr. rmsd
   -2.06551e+02    1.11215e+02    3.13517e-06


DD  step 1924999 load imb.: force 35.6%  pme mesh/force 0.452
           Step           Time
        1925000     3850.00000

   Energies (kJ/mol)
           Bond          Angle    Proper Dih. Per. Imp. Dih.          LJ-14
    6.43096e+01    1.84105e+02    1.78477e+02    3.19989e+00    9.50492e+01
     Coulomb-14        LJ (SR)  Disper. corr.   Coulomb (SR)   Coul. recip.
    8.35513e+02    1.53886e+04   -6.36726e+02   -9.49238e+04    4.00472e+02
      Potential    Kinetic En.   Total Energy  Conserved En.    Temperature
   -7.84108e+04    1.28874e+04   -6.55234e+04   -7.88200e+04    3.02203e+02
 Pres. DC (bar) Pressure (bar)   Constr. rmsd
   -2.06807e+02    1.09759e+02    2.46994e-06


DD  step 1929999 load imb.: force 35.0%  pme mesh/force 0.429
           Step           Time
        1930000     3860.00000

   Energies (kJ/mol)
           Bond          Angle    Proper Dih. Per. Imp. Dih.          LJ-14
    5.56584e+01    1.63831e+02    2.13991e+02    7.58419e+00    1.03005e+02
     Coulomb-14        LJ (SR)  Disper. corr.   Coulomb (SR)   Coul. recip.
    8.22914e+02    1.52117e+04   -6.40874e+02   -9.52973e+04    4.23757e+02
      Potential    Kinetic En.   Total Energy  Conserved En.    Temperature
   -7.89357e+04    1.25238e+04   -6.64119e+04   -7.88321e+04    2.93677e+02
 Pres. DC (bar) Pressure (bar)   Constr. rmsd
   -2.09507e+02   -1.23966e+02    2.30595e-06


DD  step 1934999 load imb.: force 40.8%  pme mesh/force 0.417
           Step           Time
        1935000     3870.00000

   Energies (kJ/mol)
           Bond          Angle    Proper Dih. Per. Imp. Dih.          LJ-14
    7.86823e+01    1.88575e+02    2.02319e+02    6.69659e+00    9.71050e+01
     Coulomb-14        LJ (SR)  Disper. corr.   Coulomb (SR)   Coul. recip.
    7.83121e+02    1.50870e+04   -6.40190e+02   -9.41090e+04    4.33254e+02
      Potential    Kinetic En.   Total Energy  Conserved En.    Temperature
   -7.78725e+04    1.28430e+04   -6.50295e+04   -7.88802e+04    3.01161e+02
 Pres. DC (bar) Pressure (bar)   Constr. rmsd
   -2.09061e+02    1.73049e+02    3.15095e-06


DD  step 1939999 load imb.: force 35.7%  pme mesh/force 0.400
           Step           Time
        1940000     3880.00000

   Energies (kJ/mol)
           Bond          Angle    Proper Dih. Per. Imp. Dih.          LJ-14
    5.89618e+01    2.28628e+02    1.80593e+02    1.08915e+01    1.03617e+02
     Coulomb-14        LJ (SR)  Disper. corr.   Coulomb (SR)   Coul. recip.
    8.15540e+02    1.48695e+04   -6.36052e+02   -9.38319e+04    4.05387e+02
      Potential    Kinetic En.   Total Energy  Conserved En.    Temperature
   -7.77948e+04    1.28105e+04   -6.49843e+04   -7.88598e+04    3.00399e+02
 Pres. DC (bar) Pressure (bar)   Constr. rmsd
   -2.06370e+02   -8.98469e+01    3.79208e-06


DD  step 1944999 load imb.: force 30.7%  pme mesh/force 0.475
           Step           Time
        1945000     3890.00000

   Energies (kJ/mol)
           Bond          Angle    Proper Dih. Per. Imp. Dih.          LJ-14
    7.19650e+01    2.05461e+02    1.91096e+02    1.04684e+01    1.04345e+02
     Coulomb-14        LJ (SR)  Disper. corr.   Coulomb (SR)   Coul. recip.
    8.12840e+02    1.48493e+04   -6.35467e+02   -9.42285e+04    4.25644e+02
      Potential    Kinetic En.   Total Energy  Conserved En.    Temperature
   -7.81929e+04    1.27718e+04   -6.54210e+04   -7.89035e+04    2.99493e+02
 Pres. DC (bar) Pressure (bar)   Constr. rmsd
   -2.05991e+02   -5.22104e+02    4.21415e-06


DD  step 1949999 load imb.: force 41.6%  pme mesh/force 0.431
           Step           Time
        1950000     3900.00000

   Energies (kJ/mol)
           Bond          Angle    Proper Dih. Per. Imp. Dih.          LJ-14
    9.91854e+01    1.84704e+02    2.25759e+02    1.63435e+01    9.91702e+01
     Coulomb-14        LJ (SR)  Disper. corr.   Coulomb (SR)   Coul. recip.
    8.03898e+02    1.48875e+04   -6.34638e+02   -9.41763e+04    4.20834e+02
      Potential    Kinetic En.   Total Energy  Conserved En.    Temperature
   -7.80736e+04    1.26697e+04   -6.54039e+04   -7.89411e+04    2.97099e+02
 Pres. DC (bar) Pressure (bar)   Constr. rmsd
   -2.05455e+02   -4.71802e+02    2.19000e-06


DD  step 1954999 load imb.: force 30.4%  pme mesh/force 0.441
           Step           Time
        1955000     3910.00000

   Energies (kJ/mol)
           Bond          Angle    Proper Dih. Per. Imp. Dih.          LJ-14
    6.26612e+01    2.12272e+02    1.80153e+02    1.06683e+01    1.06769e+02
     Coulomb-14        LJ (SR)  Disper. corr.   Coulomb (SR)   Coul. recip.
    8.54305e+02    1.53532e+04   -6.41853e+02   -9.48881e+04    3.99629e+02
      Potential    Kinetic En.   Total Energy  Conserved En.    Temperature
   -7.83503e+04    1.28246e+04   -6.55258e+04   -7.89719e+04    3.00730e+02
 Pres. DC (bar) Pressure (bar)   Constr. rmsd
   -2.10148e+02    2.57006e+02    3.54996e-06


DD  step 1959999 load imb.: force 36.8%  pme mesh/force 0.446
           Step           Time
        1960000     3920.00000

   Energies (kJ/mol)
           Bond          Angle    Proper Dih. Per. Imp. Dih.          LJ-14
    6.03721e+01    2.26204e+02    1.89853e+02    7.56504e+00    1.11004e+02
     Coulomb-14        LJ (SR)  Disper. corr.   Coulomb (SR)   Coul. recip.
    8.18455e+02    1.48383e+04   -6.38385e+02   -9.40111e+04    4.33609e+02
      Potential    Kinetic En.   Total Energy  Conserved En.    Temperature
   -7.79641e+04    1.29080e+04   -6.50561e+04   -7.89879e+04    3.02686e+02
 Pres. DC (bar) Pressure (bar)   Constr. rmsd
   -2.07885e+02   -1.16278e+02    3.39317e-06


DD  step 1964999 load imb.: force 32.1%  pme mesh/force 0.463
           Step           Time
        1965000     3930.00000

   Energies (kJ/mol)
           Bond          Angle    Proper Dih. Per. Imp. Dih.          LJ-14
    7.12326e+01    2.02399e+02    1.96456e+02    1.22178e+01    1.01583e+02
     Coulomb-14        LJ (SR)  Disper. corr.   Coulomb (SR)   Coul. recip.
    7.97529e+02    1.48040e+04   -6.35428e+02   -9.38237e+04    4.08166e+02
      Potential    Kinetic En.   Total Energy  Conserved En.    Temperature
   -7.78655e+04    1.28074e+04   -6.50581e+04   -7.90447e+04    3.00327e+02
 Pres. DC (bar) Pressure (bar)   Constr. rmsd
   -2.05966e+02   -2.97415e+02    2.51642e-06


DD  step 1969999 load imb.: force 35.1%  pme mesh/force 0.461
           Step           Time
        1970000     3940.00000

   Energies (kJ/mol)
           Bond          Angle    Proper Dih. Per. Imp. Dih.          LJ-14
    8.03414e+01    2.12461e+02    2.18514e+02    3.56280e+00    9.86558e+01
     Coulomb-14        LJ (SR)  Disper. corr.   Coulomb (SR)   Coul. recip.
    8.14942e+02    1.46636e+04   -6.41201e+02   -9.36960e+04    4.05725e+02
      Potential    Kinetic En.   Total Energy  Conserved En.    Temperature
   -7.78395e+04    1.29988e+04   -6.48407e+04   -7.90546e+04    3.04815e+02
 Pres. DC (bar) Pressure (bar)   Constr. rmsd
   -2.09721e+02   -2.28545e+02    2.95885e-06


DD  step 1974999 load imb.: force 31.8%  pme mesh/force 0.414
           Step           Time
        1975000     3950.00000

   Energies (kJ/mol)
           Bond          Angle    Proper Dih. Per. Imp. Dih.          LJ-14
    5.35279e+01    1.82230e+02    1.97089e+02    3.91580e+00    1.01196e+02
     Coulomb-14        LJ (SR)  Disper. corr.   Coulomb (SR)   Coul. recip.
    8.47142e+02    1.48562e+04   -6.38933e+02   -9.46990e+04    3.91124e+02
      Potential    Kinetic En.   Total Energy  Conserved En.    Temperature
   -7.87055e+04    1.26771e+04   -6.60284e+04   -7.90939e+04    2.97272e+02
 Pres. DC (bar) Pressure (bar)   Constr. rmsd
   -2.08242e+02   -4.06290e+02    2.21628e-06


DD  step 1979999 load imb.: force 32.4%  pme mesh/force 0.458
           Step           Time
        1980000     3960.00000

   Energies (kJ/mol)
           Bond          Angle    Proper Dih. Per. Imp. Dih.          LJ-14
    6.33828e+01    1.61004e+02    1.91046e+02    1.00654e+01    1.07106e+02
     Coulomb-14        LJ (SR)  Disper. corr.   Coulomb (SR)   Coul. recip.
    8.42564e+02    1.49601e+04   -6.41239e+02   -9.46065e+04    4.27589e+02
      Potential    Kinetic En.   Total Energy  Conserved En.    Temperature
   -7.84848e+04    1.28135e+04   -6.56713e+04   -7.91436e+04    3.00470e+02
 Pres. DC (bar) Pressure (bar)   Constr. rmsd
   -2.09746e+02   -1.43119e+02    1.70215e-06


DD  step 1984999 load imb.: force 32.9%  pme mesh/force 0.440
           Step           Time
        1985000     3970.00000

   Energies (kJ/mol)
           Bond          Angle    Proper Dih. Per. Imp. Dih.          LJ-14
    6.57319e+01    1.94895e+02    1.97291e+02    1.14315e+01    9.77508e+01
     Coulomb-14        LJ (SR)  Disper. corr.   Coulomb (SR)   Coul. recip.
    8.03263e+02    1.51271e+04   -6.34370e+02   -9.45974e+04    3.93001e+02
      Potential    Kinetic En.   Total Energy  Conserved En.    Temperature
   -7.83412e+04    1.28530e+04   -6.54883e+04   -7.91735e+04    3.01395e+02
 Pres. DC (bar) Pressure (bar)   Constr. rmsd
   -2.05282e+02   -1.77526e+02    2.43449e-06


DD  step 1989999 load imb.: force 32.3%  pme mesh/force 0.447
           Step           Time
        1990000     3980.00000

   Energies (kJ/mol)
           Bond          Angle    Proper Dih. Per. Imp. Dih.          LJ-14
    7.03721e+01    1.83262e+02    1.86593e+02    4.93880e+00    1.11445e+02
     Coulomb-14        LJ (SR)  Disper. corr.   Coulomb (SR)   Coul. recip.
    8.29710e+02    1.50254e+04   -6.40912e+02   -9.45896e+04    3.89446e+02
      Potential    Kinetic En.   Total Energy  Conserved En.    Temperature
   -7.84293e+04    1.28846e+04   -6.55447e+04   -7.92090e+04    3.02137e+02
 Pres. DC (bar) Pressure (bar)   Constr. rmsd
   -2.09532e+02   -7.54477e+01    2.24172e-06


DD  step 1994999 load imb.: force 33.6%  pme mesh/force 0.448
           Step           Time
        1995000     3990.00000

   Energies (kJ/mol)
           Bond          Angle    Proper Dih. Per. Imp. Dih.          LJ-14
    8.04448e+01    1.58664e+02    2.06934e+02    1.15933e+01    9.72577e+01
     Coulomb-14        LJ (SR)  Disper. corr.   Coulomb (SR)   Coul. recip.
    8.21865e+02    1.49323e+04   -6.41462e+02   -9.45698e+04    3.95322e+02
      Potential    Kinetic En.   Total Energy  Conserved En.    Temperature
   -7.85069e+04    1.25795e+04   -6.59274e+04   -7.92460e+04    2.94982e+02
 Pres. DC (bar) Pressure (bar)   Constr. rmsd
   -2.09892e+02   -2.79748e+02    2.30410e-06


DD  step 1999999 load imb.: force 39.8%  pme mesh/force 0.428
           Step           Time
        2000000     4000.00000

   Energies (kJ/mol)
           Bond          Angle    Proper Dih. Per. Imp. Dih.          LJ-14
    4.80206e+01    1.76239e+02    1.84650e+02    7.07751e+00    9.57272e+01
     Coulomb-14        LJ (SR)  Disper. corr.   Coulomb (SR)   Coul. recip.
    8.15655e+02    1.51097e+04   -6.41957e+02   -9.44836e+04    4.26537e+02
      Potential    Kinetic En.   Total Energy  Conserved En.    Temperature
   -7.82620e+04    1.25025e+04   -6.57595e+04   -7.92783e+04    2.93177e+02
 Pres. DC (bar) Pressure (bar)   Constr. rmsd
   -2.10215e+02    5.26869e+01    2.71147e-06


DD  step 2004999 load imb.: force 40.7%  pme mesh/force 0.436
           Step           Time
        2005000     4010.00000

   Energies (kJ/mol)
           Bond          Angle    Proper Dih. Per. Imp. Dih.          LJ-14
    5.20757e+01    1.44471e+02    1.83555e+02    1.83233e+01    1.11710e+02
     Coulomb-14        LJ (SR)  Disper. corr.   Coulomb (SR)   Coul. recip.
    8.19777e+02    1.53783e+04   -6.37659e+02   -9.50107e+04    4.12967e+02
      Potential    Kinetic En.   Total Energy  Conserved En.    Temperature
   -7.85271e+04    1.26485e+04   -6.58786e+04   -7.93130e+04    2.96601e+02
 Pres. DC (bar) Pressure (bar)   Constr. rmsd
   -2.07413e+02    1.77164e+02    2.51588e-06


DD  step 2009999 load imb.: force 32.3%  pme mesh/force 0.454
           Step           Time
        2010000     4020.00000

   Energies (kJ/mol)
           Bond          Angle    Proper Dih. Per. Imp. Dih.          LJ-14
    6.47387e+01    1.42515e+02    2.13441e+02    8.78688e+00    1.08123e+02
     Coulomb-14        LJ (SR)  Disper. corr.   Coulomb (SR)   Coul. recip.
    8.38417e+02    1.54317e+04   -6.42599e+02   -9.54630e+04    4.13925e+02
      Potential    Kinetic En.   Total Energy  Conserved En.    Temperature
   -7.88840e+04    1.27856e+04   -6.60984e+04   -7.93419e+04    2.99815e+02
 Pres. DC (bar) Pressure (bar)   Constr. rmsd
   -2.10635e+02    1.80612e+02    2.22074e-06


DD  step 2014999 load imb.: force 30.1%  pme mesh/force 0.409
           Step           Time
        2015000     4030.00000

   Energies (kJ/mol)
           Bond          Angle    Proper Dih. Per. Imp. Dih.          LJ-14
    6.78411e+01    1.83334e+02    1.95551e+02    7.86629e+00    1.07576e+02
     Coulomb-14        LJ (SR)  Disper. corr.   Coulomb (SR)   Coul. recip.
    7.90796e+02    1.54483e+04   -6.43740e+02   -9.52958e+04    3.79153e+02
      Potential    Kinetic En.   Total Energy  Conserved En.    Temperature
   -7.87591e+04    1.27975e+04   -6.59616e+04   -7.93642e+04    3.00095e+02
 Pres. DC (bar) Pressure (bar)   Constr. rmsd
   -2.11383e+02    1.86033e+02    3.12641e-06


DD  step 2019999 load imb.: force 30.8%  pme mesh/force 0.436
           Step           Time
        2020000     4040.00000

   Energies (kJ/mol)
           Bond          Angle    Proper Dih. Per. Imp. Dih.          LJ-14
    6.72225e+01    1.81211e+02    2.04566e+02    1.26016e+01    8.99024e+01
     Coulomb-14        LJ (SR)  Disper. corr.   Coulomb (SR)   Coul. recip.
    8.00788e+02    1.55775e+04   -6.41957e+02   -9.52738e+04    4.02284e+02
      Potential    Kinetic En.   Total Energy  Conserved En.    Temperature
   -7.85797e+04    1.29042e+04   -6.56755e+04   -7.93796e+04    3.02596e+02
 Pres. DC (bar) Pressure (bar)   Constr. rmsd
   -2.10215e+02    3.23973e+02    2.43342e-06


DD  step 2024999 load imb.: force 44.1%  pme mesh/force 0.455
           Step           Time
        2025000     4050.00000

   Energies (kJ/mol)
           Bond          Angle    Proper Dih. Per. Imp. Dih.          LJ-14
    5.63966e+01    1.60638e+02    2.08794e+02    1.17203e+01    1.22429e+02
     Coulomb-14        LJ (SR)  Disper. corr.   Coulomb (SR)   Coul. recip.
    8.49732e+02    1.49039e+04   -6.39339e+02   -9.44203e+04    4.04634e+02
      Potential    Kinetic En.   Total Energy  Conserved En.    Temperature
   -7.83413e+04    1.22401e+04   -6.61013e+04   -7.94220e+04    2.87023e+02
 Pres. DC (bar) Pressure (bar)   Constr. rmsd
   -2.08506e+02    4.47072e+01    1.78046e-06


DD  step 2029999 load imb.: force 31.3%  pme mesh/force 0.452
           Step           Time
        2030000     4060.00000

   Energies (kJ/mol)
           Bond          Angle    Proper Dih. Per. Imp. Dih.          LJ-14
    5.14418e+01    1.75310e+02    1.94136e+02    7.40053e+00    9.63880e+01
     Coulomb-14        LJ (SR)  Disper. corr.   Coulomb (SR)   Coul. recip.
    8.02586e+02    1.52753e+04   -6.41947e+02   -9.51205e+04    3.95948e+02
      Potential    Kinetic En.   Total Energy  Conserved En.    Temperature
   -7.87640e+04    1.26344e+04   -6.61296e+04   -7.94725e+04    2.96270e+02
 Pres. DC (bar) Pressure (bar)   Constr. rmsd
   -2.10209e+02    1.46639e+02    2.41206e-06


DD  step 2034999 load imb.: force 37.3%  pme mesh/force 0.432
           Step           Time
        2035000     4070.00000

   Energies (kJ/mol)
           Bond          Angle    Proper Dih. Per. Imp. Dih.          LJ-14
    7.76366e+01    1.97194e+02    2.07375e+02    1.28230e+01    1.14330e+02
     Coulomb-14        LJ (SR)  Disper. corr.   Coulomb (SR)   Coul. recip.
    8.29206e+02    1.50781e+04   -6.39252e+02   -9.43769e+04    4.26576e+02
      Potential    Kinetic En.   Total Energy  Conserved En.    Temperature
   -7.80729e+04    1.26329e+04   -6.54400e+04   -7.94680e+04    2.96234e+02
 Pres. DC (bar) Pressure (bar)   Constr. rmsd
   -2.08449e+02    2.50628e+02    2.79447e-06


DD  step 2039999 load imb.: force 37.3%  pme mesh/force 0.443
           Step           Time
        2040000     4080.00000

   Energies (kJ/mol)
           Bond          Angle    Proper Dih. Per. Imp. Dih.          LJ-14
    7.45927e+01    1.79161e+02    2.10841e+02    9.98070e+00    1.20568e+02
     Coulomb-14        LJ (SR)  Disper. corr.   Coulomb (SR)   Coul. recip.
    8.24429e+02    1.53449e+04   -6.33206e+02   -9.44139e+04    4.21716e+02
      Potential    Kinetic En.   Total Energy  Conserved En.    Temperature
   -7.78609e+04    1.25591e+04   -6.53018e+04   -7.95180e+04    2.94505e+02
 Pres. DC (bar) Pressure (bar)   Constr. rmsd
   -2.04530e+02    5.60110e+02    3.36866e-06


DD  step 2044999 load imb.: force 30.9%  pme mesh/force 0.452
           Step           Time
        2045000     4090.00000

   Energies (kJ/mol)
           Bond          Angle    Proper Dih. Per. Imp. Dih.          LJ-14
    8.26885e+01    1.85383e+02    2.01840e+02    8.60155e+00    9.26936e+01
     Coulomb-14        LJ (SR)  Disper. corr.   Coulomb (SR)   Coul. recip.
    8.25674e+02    1.53117e+04   -6.41626e+02   -9.49927e+04    4.34210e+02
      Potential    Kinetic En.   Total Energy  Conserved En.    Temperature
   -7.84915e+04    1.29717e+04   -6.55198e+04   -7.95625e+04    3.04180e+02
 Pres. DC (bar) Pressure (bar)   Constr. rmsd
   -2.09999e+02   -9.34122e+00    3.04298e-06


DD  step 2049999 load imb.: force 35.5%  pme mesh/force 0.416
           Step           Time
        2050000     4100.00000

   Energies (kJ/mol)
           Bond          Angle    Proper Dih. Per. Imp. Dih.          LJ-14
    5.09186e+01    1.77221e+02    1.94887e+02    3.53440e+00    1.00467e+02
     Coulomb-14        LJ (SR)  Disper. corr.   Coulomb (SR)   Coul. recip.
    7.95720e+02    1.53194e+04   -6.34411e+02   -9.52316e+04    4.05005e+02
      Potential    Kinetic En.   Total Energy  Conserved En.    Temperature
   -7.88188e+04    1.28262e+04   -6.59926e+04   -7.96016e+04    3.00767e+02
 Pres. DC (bar) Pressure (bar)   Constr. rmsd
   -2.05308e+02   -1.90230e+02    3.37274e-06


DD  step 2054999 load imb.: force 33.5%  pme mesh/force 0.444
           Step           Time
        2055000     4110.00000

   Energies (kJ/mol)
           Bond          Angle    Proper Dih. Per. Imp. Dih.          LJ-14
    7.68169e+01    1.72663e+02    2.04347e+02    1.10334e+01    9.44639e+01
     Coulomb-14        LJ (SR)  Disper. corr.   Coulomb (SR)   Coul. recip.
    8.11765e+02    1.50176e+04   -6.44289e+02   -9.44350e+04    3.95009e+02
      Potential    Kinetic En.   Total Energy  Conserved En.    Temperature
   -7.82956e+04    1.30150e+04   -6.52805e+04   -7.96237e+04    3.05196e+02
 Pres. DC (bar) Pressure (bar)   Constr. rmsd
   -2.11743e+02   -1.49408e+02    5.12818e-06


DD  step 2059999 load imb.: force 35.5%  pme mesh/force 0.437
           Step           Time
        2060000     4120.00000

   Energies (kJ/mol)
           Bond          Angle    Proper Dih. Per. Imp. Dih.          LJ-14
    8.51505e+01    1.97081e+02    1.90539e+02    1.25361e+01    9.58422e+01
     Coulomb-14        LJ (SR)  Disper. corr.   Coulomb (SR)   Coul. recip.
    7.98609e+02    1.51347e+04   -6.41291e+02   -9.44304e+04    4.36420e+02
      Potential    Kinetic En.   Total Energy  Conserved En.    Temperature
   -7.81208e+04    1.26021e+04   -6.55187e+04   -7.96430e+04    2.95513e+02
 Pres. DC (bar) Pressure (bar)   Constr. rmsd
   -2.09780e+02   -2.51623e+02    2.27643e-06


DD  step 2064999 load imb.: force 36.2%  pme mesh/force 0.431
           Step           Time
        2065000     4130.00000

   Energies (kJ/mol)
           Bond          Angle    Proper Dih. Per. Imp. Dih.          LJ-14
    7.65442e+01    1.96789e+02    2.02101e+02    4.41390e+00    1.07982e+02
     Coulomb-14        LJ (SR)  Disper. corr.   Coulomb (SR)   Coul. recip.
    8.49654e+02    1.56659e+04   -6.38502e+02   -9.50836e+04    4.46834e+02
      Potential    Kinetic En.   Total Energy  Conserved En.    Temperature
   -7.81718e+04    1.27610e+04   -6.54108e+04   -7.97038e+04    2.99240e+02
 Pres. DC (bar) Pressure (bar)   Constr. rmsd
   -2.07961e+02    5.53882e+02    2.92474e-06


DD  step 2069999 load imb.: force 36.7%  pme mesh/force 0.405
           Step           Time
        2070000     4140.00000

   Energies (kJ/mol)
           Bond          Angle    Proper Dih. Per. Imp. Dih.          LJ-14
    6.64086e+01    1.69613e+02    2.23662e+02    6.37964e+00    1.00757e+02
     Coulomb-14        LJ (SR)  Disper. corr.   Coulomb (SR)   Coul. recip.
    8.41268e+02    1.51643e+04   -6.42733e+02   -9.46270e+04    4.32174e+02
      Potential    Kinetic En.   Total Energy  Conserved En.    Temperature
   -7.82651e+04    1.29206e+04   -6.53445e+04   -7.97065e+04    3.02982e+02
 Pres. DC (bar) Pressure (bar)   Constr. rmsd
   -2.10723e+02    7.61044e+01    2.90057e-06


DD  step 2074999 load imb.: force 32.6%  pme mesh/force 0.440
           Step           Time
        2075000     4150.00000

   Energies (kJ/mol)
           Bond          Angle    Proper Dih. Per. Imp. Dih.          LJ-14
    7.06298e+01    1.89211e+02    1.82803e+02    7.42856e+00    9.58027e+01
     Coulomb-14        LJ (SR)  Disper. corr.   Coulomb (SR)   Coul. recip.
    8.13697e+02    1.46134e+04   -6.35379e+02   -9.40281e+04    3.77739e+02
      Potential    Kinetic En.   Total Energy  Conserved En.    Temperature
   -7.83128e+04    1.28565e+04   -6.54563e+04   -7.97322e+04    3.01477e+02
 Pres. DC (bar) Pressure (bar)   Constr. rmsd
   -2.05934e+02   -6.10596e+02    3.32425e-06


DD  step 2079999 load imb.: force 34.3%  pme mesh/force 0.458
           Step           Time
        2080000     4160.00000

   Energies (kJ/mol)
           Bond          Angle    Proper Dih. Per. Imp. Dih.          LJ-14
    9.03232e+01    1.67351e+02    1.86486e+02    1.15194e+01    1.05665e+02
     Coulomb-14        LJ (SR)  Disper. corr.   Coulomb (SR)   Coul. recip.
    8.60992e+02    1.45326e+04   -6.36840e+02   -9.35188e+04    4.30370e+02
      Potential    Kinetic En.   Total Energy  Conserved En.    Temperature
   -7.77704e+04    1.30309e+04   -6.47395e+04   -7.97853e+04    3.05568e+02
 Pres. DC (bar) Pressure (bar)   Constr. rmsd
   -2.06881e+02   -5.33282e+02    2.71221e-06


DD  step 2084999 load imb.: force 100.7%  pme mesh/force 0.242
           Step           Time
        2085000     4170.00000

   Energies (kJ/mol)
           Bond          Angle    Proper Dih. Per. Imp. Dih.          LJ-14
    5.63745e+01    1.95566e+02    2.05794e+02    1.27381e+01    1.09442e+02
     Coulomb-14        LJ (SR)  Disper. corr.   Coulomb (SR)   Coul. recip.
    8.25068e+02    1.51284e+04   -6.42694e+02   -9.47746e+04    4.02483e+02
      Potential    Kinetic En.   Total Energy  Conserved En.    Temperature
   -7.84813e+04    1.28454e+04   -6.56359e+04   -7.97858e+04    3.01218e+02
 Pres. DC (bar) Pressure (bar)   Constr. rmsd
   -2.10697e+02    2.19763e+01    3.23494e-06


DD  step 2089999 load imb.: force 40.5%  pme mesh/force 0.430
           Step           Time
        2090000     4180.00000

   Energies (kJ/mol)
           Bond          Angle    Proper Dih. Per. Imp. Dih.          LJ-14
    8.34290e+01    1.57053e+02    2.02244e+02    1.10914e+01    1.02291e+02
     Coulomb-14        LJ (SR)  Disper. corr.   Coulomb (SR)   Coul. recip.
    8.36655e+02    1.52108e+04   -6.43930e+02   -9.49904e+04    3.99679e+02
      Potential    Kinetic En.   Total Energy  Conserved En.    Temperature
   -7.86310e+04    1.29005e+04   -6.57306e+04   -7.98278e+04    3.02509e+02
 Pres. DC (bar) Pressure (bar)   Constr. rmsd
   -2.11508e+02   -1.41361e+01    2.11436e-06


DD  step 2094999 load imb.: force 33.0%  pme mesh/force 0.451
           Step           Time
        2095000     4190.00000

   Energies (kJ/mol)
           Bond          Angle    Proper Dih. Per. Imp. Dih.          LJ-14
    7.82193e+01    1.62106e+02    1.91177e+02    1.02666e+01    9.63503e+01
     Coulomb-14        LJ (SR)  Disper. corr.   Coulomb (SR)   Coul. recip.
    7.92997e+02    1.54224e+04   -6.42234e+02   -9.50085e+04    4.31130e+02
      Potential    Kinetic En.   Total Energy  Conserved En.    Temperature
   -7.84661e+04    1.24264e+04   -6.60397e+04   -7.98593e+04    2.91393e+02
 Pres. DC (bar) Pressure (bar)   Constr. rmsd
   -2.10397e+02    1.32497e+02    1.93341e-06


DD  step 2099999 load imb.: force 32.7%  pme mesh/force 0.461
           Step           Time
        2100000     4200.00000

   Energies (kJ/mol)
           Bond          Angle    Proper Dih. Per. Imp. Dih.          LJ-14
    7.26783e+01    1.97832e+02    2.01485e+02    8.05240e+00    9.33634e+01
     Coulomb-14        LJ (SR)  Disper. corr.   Coulomb (SR)   Coul. recip.
    8.28765e+02    1.47320e+04   -6.36872e+02   -9.38979e+04    4.32233e+02
      Potential    Kinetic En.   Total Energy  Conserved En.    Temperature
   -7.79684e+04    1.28053e+04   -6.51631e+04   -7.98833e+04    3.00277e+02
 Pres. DC (bar) Pressure (bar)   Constr. rmsd
   -2.06902e+02   -3.45601e+02    3.04833e-06


DD  step 2104999 load imb.: force 31.7%  pme mesh/force 0.404
           Step           Time
        2105000     4210.00000

   Energies (kJ/mol)
           Bond          Angle    Proper Dih. Per. Imp. Dih.          LJ-14
    7.11205e+01    1.66936e+02    1.93545e+02    9.20735e+00    1.11837e+02
     Coulomb-14        LJ (SR)  Disper. corr.   Coulomb (SR)   Coul. recip.
    8.07615e+02    1.46704e+04   -6.33800e+02   -9.35896e+04    4.11608e+02
      Potential    Kinetic En.   Total Energy  Conserved En.    Temperature
   -7.77811e+04    1.24661e+04   -6.53151e+04   -7.98999e+04    2.92322e+02
 Pres. DC (bar) Pressure (bar)   Constr. rmsd
   -2.04913e+02   -4.09217e+02    2.92031e-06


DD  step 2109999 load imb.: force 32.5%  pme mesh/force 0.318
           Step           Time
        2110000     4220.00000

   Energies (kJ/mol)
           Bond          Angle    Proper Dih. Per. Imp. Dih.          LJ-14
    5.41705e+01    1.92927e+02    2.00425e+02    1.26235e+01    1.14576e+02
     Coulomb-14        LJ (SR)  Disper. corr.   Coulomb (SR)   Coul. recip.
    8.43775e+02    1.47002e+04   -6.36995e+02   -9.40192e+04    4.07500e+02
      Potential    Kinetic En.   Total Energy  Conserved En.    Temperature
   -7.81300e+04    1.31090e+04   -6.50210e+04   -7.99714e+04    3.07400e+02
 Pres. DC (bar) Pressure (bar)   Constr. rmsd
   -2.06982e+02   -3.12243e+02    2.74285e-06


DD  step 2114999 load imb.: force 28.8%  pme mesh/force 0.467
           Step           Time
        2115000     4230.00000

   Energies (kJ/mol)
           Bond          Angle    Proper Dih. Per. Imp. Dih.          LJ-14
    6.22899e+01    1.55437e+02    2.19288e+02    3.73030e+00    1.12538e+02
     Coulomb-14        LJ (SR)  Disper. corr.   Coulomb (SR)   Coul. recip.
    8.16701e+02    1.52332e+04   -6.39139e+02   -9.52006e+04    4.27178e+02
      Potential    Kinetic En.   Total Energy  Conserved En.    Temperature
   -7.88093e+04    1.27260e+04   -6.60833e+04   -7.99931e+04    2.98419e+02
 Pres. DC (bar) Pressure (bar)   Constr. rmsd
   -2.08376e+02    7.45881e+00    3.84922e-06


DD  step 2119999 load imb.: force 35.8%  pme mesh/force 0.268
           Step           Time
        2120000     4240.00000

   Energies (kJ/mol)
           Bond          Angle    Proper Dih. Per. Imp. Dih.          LJ-14
    8.36698e+01    1.68824e+02    1.93926e+02    5.77058e+00    1.06004e+02
     Coulomb-14        LJ (SR)  Disper. corr.   Coulomb (SR)   Coul. recip.
    8.07993e+02    1.53511e+04   -6.42712e+02   -9.51715e+04    4.06933e+02
      Potential    Kinetic En.   Total Energy  Conserved En.    Temperature
   -7.86899e+04    1.29504e+04   -6.57395e+04   -8.00173e+04    3.03681e+02
 Pres. DC (bar) Pressure (bar)   Constr. rmsd
   -2.10709e+02    2.77299e+02    3.53384e-06


DD  step 2124999 load imb.: force 26.8%  pme mesh/force 0.440
           Step           Time
        2125000     4250.00000

   Energies (kJ/mol)
           Bond          Angle    Proper Dih. Per. Imp. Dih.          LJ-14
    5.87773e+01    2.01941e+02    1.96775e+02    1.18728e+01    1.02159e+02
     Coulomb-14        LJ (SR)  Disper. corr.   Coulomb (SR)   Coul. recip.
    8.43793e+02    1.55378e+04   -6.41072e+02   -9.51515e+04    4.25730e+02
      Potential    Kinetic En.   Total Energy  Conserved En.    Temperature
   -7.84137e+04    1.26630e+04   -6.57506e+04   -8.00331e+04    2.96941e+02
 Pres. DC (bar) Pressure (bar)   Constr. rmsd
   -2.09636e+02    3.53806e+02    2.02142e-06


DD  step 2129999 load imb.: force 35.2%  pme mesh/force 0.453
           Step           Time
        2130000     4260.00000

   Energies (kJ/mol)
           Bond          Angle    Proper Dih. Per. Imp. Dih.          LJ-14
    4.56993e+01    2.36850e+02    2.17140e+02    9.09490e+00    1.07238e+02
     Coulomb-14        LJ (SR)  Disper. corr.   Coulomb (SR)   Coul. recip.
    8.01595e+02    1.54127e+04   -6.39889e+02   -9.49318e+04    4.06978e+02
      Potential    Kinetic En.   Total Energy  Conserved En.    Temperature
   -7.83344e+04    1.29518e+04   -6.53825e+04   -8.00644e+04    3.03713e+02
 Pres. DC (bar) Pressure (bar)   Constr. rmsd
   -2.08865e+02    3.17155e+02    3.91584e-06


DD  step 2134999 load imb.: force 34.7%  pme mesh/force 0.518
           Step           Time
        2135000     4270.00000

   Energies (kJ/mol)
           Bond          Angle    Proper Dih. Per. Imp. Dih.          LJ-14
    7.05795e+01    1.45366e+02    2.18766e+02    1.45897e+01    9.99077e+01
     Coulomb-14        LJ (SR)  Disper. corr.   Coulomb (SR)   Coul. recip.
    8.39533e+02    1.46689e+04   -6.39100e+02   -9.38478e+04    4.23130e+02
      Potential    Kinetic En.   Total Energy  Conserved En.    Temperature
   -7.80061e+04    1.24461e+04   -6.55600e+04   -8.00694e+04    2.91855e+02
 Pres. DC (bar) Pressure (bar)   Constr. rmsd
   -2.08350e+02   -1.99422e+02    2.64758e-06


DD  step 2139999 load imb.: force 28.8%  pme mesh/force 0.464
           Step           Time
        2140000     4280.00000

   Energies (kJ/mol)
           Bond          Angle    Proper Dih. Per. Imp. Dih.          LJ-14
    7.45699e+01    1.99268e+02    2.09537e+02    9.25430e+00    8.75929e+01
     Coulomb-14        LJ (SR)  Disper. corr.   Coulomb (SR)   Coul. recip.
    8.22291e+02    1.50874e+04   -6.38936e+02   -9.47251e+04    3.95639e+02
      Potential    Kinetic En.   Total Energy  Conserved En.    Temperature
   -7.84785e+04    1.29941e+04   -6.54844e+04   -8.01087e+04    3.04706e+02
 Pres. DC (bar) Pressure (bar)   Constr. rmsd
   -2.08244e+02    2.01369e+01    2.06003e-06


DD  step 2144999 load imb.: force 40.3%  pme mesh/force 0.383
           Step           Time
        2145000     4290.00000

   Energies (kJ/mol)
           Bond          Angle    Proper Dih. Per. Imp. Dih.          LJ-14
    4.74612e+01    1.42942e+02    2.10521e+02    6.75163e+00    1.03999e+02
     Coulomb-14        LJ (SR)  Disper. corr.   Coulomb (SR)   Coul. recip.
    8.62549e+02    1.53511e+04   -6.48367e+02   -9.56057e+04    3.74550e+02
      Potential    Kinetic En.   Total Energy  Conserved En.    Temperature
   -7.91542e+04    1.27366e+04   -6.64175e+04   -8.01593e+04    2.98667e+02
 Pres. DC (bar) Pressure (bar)   Constr. rmsd
   -2.14429e+02    1.57609e+01    2.71723e-06


DD  step 2149999 load imb.: force 31.3%  pme mesh/force 0.467
           Step           Time
        2150000     4300.00000

   Energies (kJ/mol)
           Bond          Angle    Proper Dih. Per. Imp. Dih.          LJ-14
    5.56317e+01    1.89928e+02    1.89879e+02    1.38105e+01    1.13123e+02
     Coulomb-14        LJ (SR)  Disper. corr.   Coulomb (SR)   Coul. recip.
    8.13521e+02    1.54362e+04   -6.41653e+02   -9.50525e+04    4.28182e+02
      Potential    Kinetic En.   Total Energy  Conserved En.    Temperature
   -7.84538e+04    1.26484e+04   -6.58054e+04   -8.01777e+04    2.96598e+02
 Pres. DC (bar) Pressure (bar)   Constr. rmsd
   -2.10016e+02    3.29640e+02    3.76033e-06


DD  step 2154999 load imb.: force 33.1%  pme mesh/force 0.442
           Step           Time
        2155000     4310.00000

   Energies (kJ/mol)
           Bond          Angle    Proper Dih. Per. Imp. Dih.          LJ-14
    5.66453e+01    1.72038e+02    1.84188e+02    3.08523e+01    1.12539e+02
     Coulomb-14        LJ (SR)  Disper. corr.   Coulomb (SR)   Coul. recip.
    8.24561e+02    1.56187e+04   -6.40012e+02   -9.50873e+04    3.73363e+02
      Potential    Kinetic En.   Total Energy  Conserved En.    Temperature
   -7.83544e+04    1.27725e+04   -6.55819e+04   -8.02410e+04    2.99509e+02
 Pres. DC (bar) Pressure (bar)   Constr. rmsd
   -2.08945e+02    5.97607e+02    3.05641e-06


DD  step 2159999 load imb.: force 38.5%  pme mesh/force 0.394
           Step           Time
        2160000     4320.00000

   Energies (kJ/mol)
           Bond          Angle    Proper Dih. Per. Imp. Dih.          LJ-14
    6.93370e+01    2.26382e+02    2.01561e+02    1.21961e+01    9.90785e+01
     Coulomb-14        LJ (SR)  Disper. corr.   Coulomb (SR)   Coul. recip.
    8.07008e+02    1.53217e+04   -6.31963e+02   -9.47407e+04    4.36267e+02
      Potential    Kinetic En.   Total Energy  Conserved En.    Temperature
   -7.81991e+04    1.30502e+04   -6.51489e+04   -8.02748e+04    3.06020e+02
 Pres. DC (bar) Pressure (bar)   Constr. rmsd
   -2.03728e+02   -2.97464e+01    3.52986e-06


DD  step 2164999 load imb.: force 37.6%  pme mesh/force 0.422
           Step           Time
        2165000     4330.00000

   Energies (kJ/mol)
           Bond          Angle    Proper Dih. Per. Imp. Dih.          LJ-14
    6.87574e+01    1.96925e+02    1.98751e+02    3.30865e+00    9.92194e+01
     Coulomb-14        LJ (SR)  Disper. corr.   Coulomb (SR)   Coul. recip.
    8.22336e+02    1.50752e+04   -6.39153e+02   -9.41359e+04    4.00433e+02
      Potential    Kinetic En.   Total Energy  Conserved En.    Temperature
   -7.79101e+04    1.31231e+04   -6.47871e+04   -8.03216e+04    3.07729e+02
 Pres. DC (bar) Pressure (bar)   Constr. rmsd
   -2.08385e+02    2.72668e+02    4.22717e-06


DD  step 2169999 load imb.: force 30.2%  pme mesh/force 0.380
           Step           Time
        2170000     4340.00000

   Energies (kJ/mol)
           Bond          Angle    Proper Dih. Per. Imp. Dih.          LJ-14
    6.67430e+01    1.81419e+02    1.75970e+02    3.16155e+00    1.06055e+02
     Coulomb-14        LJ (SR)  Disper. corr.   Coulomb (SR)   Coul. recip.
    8.58648e+02    1.51323e+04   -6.44770e+02   -9.46449e+04    4.05104e+02
      Potential    Kinetic En.   Total Energy  Conserved En.    Temperature
   -7.83603e+04    1.27503e+04   -6.56100e+04   -8.03363e+04    2.98988e+02
 Pres. DC (bar) Pressure (bar)   Constr. rmsd
   -2.12059e+02    2.08838e+02    3.48533e-06


DD  step 2174999 load imb.: force 83.2%  pme mesh/force 0.442
           Step           Time
        2175000     4350.00000

   Energies (kJ/mol)
           Bond          Angle    Proper Dih. Per. Imp. Dih.          LJ-14
    5.02141e+01    1.87168e+02    2.09982e+02    1.36734e+01    1.03454e+02
     Coulomb-14        LJ (SR)  Disper. corr.   Coulomb (SR)   Coul. recip.
    8.40792e+02    1.52607e+04   -6.40533e+02   -9.52737e+04    3.90109e+02
      Potential    Kinetic En.   Total Energy  Conserved En.    Temperature
   -7.88582e+04    1.26855e+04   -6.61727e+04   -8.03674e+04    2.97468e+02
 Pres. DC (bar) Pressure (bar)   Constr. rmsd
   -2.09285e+02   -9.64686e+01    3.98302e-06


DD  step 2179999 load imb.: force 26.3%  pme mesh/force 1.777
           Step           Time
        2180000     4360.00000

   Energies (kJ/mol)
           Bond          Angle    Proper Dih. Per. Imp. Dih.          LJ-14
    4.94643e+01    2.25202e+02    1.98014e+02    1.07921e+01    9.27540e+01
     Coulomb-14        LJ (SR)  Disper. corr.   Coulomb (SR)   Coul. recip.
    8.11936e+02    1.58952e+04   -6.42811e+02   -9.54895e+04    4.14128e+02
      Potential    Kinetic En.   Total Energy  Conserved En.    Temperature
   -7.84349e+04    1.24499e+04   -6.59849e+04   -8.03837e+04    2.91944e+02
 Pres. DC (bar) Pressure (bar)   Constr. rmsd
   -2.10774e+02    8.07156e+02    2.03990e-06


DD  step 2184999 load imb.: force 37.0%  pme mesh/force 0.417
           Step           Time
        2185000     4370.00000

   Energies (kJ/mol)
           Bond          Angle    Proper Dih. Per. Imp. Dih.          LJ-14
    6.11879e+01    2.21186e+02    2.01537e+02    6.29735e+00    9.60033e+01
     Coulomb-14        LJ (SR)  Disper. corr.   Coulomb (SR)   Coul. recip.
    8.34390e+02    1.45189e+04   -6.44989e+02   -9.39483e+04    3.87986e+02
      Potential    Kinetic En.   Total Energy  Conserved En.    Temperature
   -7.82659e+04    1.25723e+04   -6.56936e+04   -8.04215e+04    2.94813e+02
 Pres. DC (bar) Pressure (bar)   Constr. rmsd
   -2.12203e+02   -3.52392e+02    3.24844e-06


DD  step 2189999 load imb.: force 27.4%  pme mesh/force 0.232
           Step           Time
        2190000     4380.00000

   Energies (kJ/mol)
           Bond          Angle    Proper Dih. Per. Imp. Dih.          LJ-14
    7.21396e+01    1.86784e+02    1.98383e+02    1.30884e+01    1.03349e+02
     Coulomb-14        LJ (SR)  Disper. corr.   Coulomb (SR)   Coul. recip.
    8.07499e+02    1.46375e+04   -6.33839e+02   -9.41775e+04    4.05537e+02
      Potential    Kinetic En.   Total Energy  Conserved En.    Temperature
   -7.83870e+04    1.29417e+04   -6.54454e+04   -8.04531e+04    3.03475e+02
 Pres. DC (bar) Pressure (bar)   Constr. rmsd
   -2.04938e+02   -6.43737e+02    2.21927e-06


DD  step 2194999 load imb.: force 37.8%  pme mesh/force 0.444
           Step           Time
        2195000     4390.00000

   Energies (kJ/mol)
           Bond          Angle    Proper Dih. Per. Imp. Dih.          LJ-14
    4.78837e+01    1.74717e+02    2.31203e+02    6.69993e+00    1.10921e+02
     Coulomb-14        LJ (SR)  Disper. corr.   Coulomb (SR)   Coul. recip.
    8.38911e+02    1.49502e+04   -6.43184e+02   -9.44145e+04    4.58167e+02
      Potential    Kinetic En.   Total Energy  Conserved En.    Temperature
   -7.82390e+04    1.29268e+04   -6.53122e+04   -8.04822e+04    3.03126e+02
 Pres. DC (bar) Pressure (bar)   Constr. rmsd
   -2.11019e+02    2.90608e+01    2.62166e-06


DD  step 2199999 load imb.: force 21.2%  pme mesh/force 2.827
           Step           Time
        2200000     4400.00000

   Energies (kJ/mol)
           Bond          Angle    Proper Dih. Per. Imp. Dih.          LJ-14
    7.85038e+01    2.07333e+02    2.04762e+02    9.02419e+00    9.36844e+01
     Coulomb-14        LJ (SR)  Disper. corr.   Coulomb (SR)   Coul. recip.
    8.29954e+02    1.55877e+04   -6.43985e+02   -9.54529e+04    3.57546e+02
      Potential    Kinetic En.   Total Energy  Conserved En.    Temperature
   -7.87284e+04    1.29707e+04   -6.57577e+04   -8.05226e+04    3.04155e+02
 Pres. DC (bar) Pressure (bar)   Constr. rmsd
   -2.11544e+02    2.81430e+02    2.90322e-06


DD  step 2204999 load imb.: force 31.9%  pme mesh/force 0.422
           Step           Time
        2205000     4410.00000

   Energies (kJ/mol)
           Bond          Angle    Proper Dih. Per. Imp. Dih.          LJ-14
    5.21269e+01    1.96407e+02    2.17702e+02    1.27197e+01    1.03668e+02
     Coulomb-14        LJ (SR)  Disper. corr.   Coulomb (SR)   Coul. recip.
    8.46259e+02    1.54626e+04   -6.36922e+02   -9.47418e+04    3.97589e+02
      Potential    Kinetic En.   Total Energy  Conserved En.    Temperature
   -7.80896e+04    1.29845e+04   -6.51052e+04   -8.05621e+04    3.04479e+02
 Pres. DC (bar) Pressure (bar)   Constr. rmsd
   -2.06935e+02    4.46733e+02    2.60489e-06


DD  step 2209999 load imb.: force 27.7%  pme mesh/force 0.456
           Step           Time
        2210000     4420.00000

   Energies (kJ/mol)
           Bond          Angle    Proper Dih. Per. Imp. Dih.          LJ-14
    5.37786e+01    1.48897e+02    1.84159e+02    7.77884e+00    1.03352e+02
     Coulomb-14        LJ (SR)  Disper. corr.   Coulomb (SR)   Coul. recip.
    8.26879e+02    1.60106e+04   -6.44628e+02   -9.56144e+04    3.85545e+02
      Potential    Kinetic En.   Total Energy  Conserved En.    Temperature
   -7.85381e+04    1.26949e+04   -6.58432e+04   -8.06083e+04    2.97689e+02
 Pres. DC (bar) Pressure (bar)   Constr. rmsd
   -2.11966e+02    1.04611e+03    2.82248e-06


DD  step 2214999 load imb.: force 31.2%  pme mesh/force 0.743
           Step           Time
        2215000     4430.00000

   Energies (kJ/mol)
           Bond          Angle    Proper Dih. Per. Imp. Dih.          LJ-14
    3.32549e+01    2.03388e+02    2.06113e+02    6.51014e+00    1.11572e+02
     Coulomb-14        LJ (SR)  Disper. corr.   Coulomb (SR)   Coul. recip.
    8.52003e+02    1.52979e+04   -6.38983e+02   -9.47876e+04    4.22022e+02
      Potential    Kinetic En.   Total Energy  Conserved En.    Temperature
   -7.82937e+04    1.33113e+04   -6.49824e+04   -8.06454e+04    3.12144e+02
 Pres. DC (bar) Pressure (bar)   Constr. rmsd
   -2.08275e+02    2.39301e+02    2.47116e-06


DD  step 2219999 load imb.: force 36.3%  pme mesh/force 0.364
           Step           Time
        2220000     4440.00000

   Energies (kJ/mol)
           Bond          Angle    Proper Dih. Per. Imp. Dih.          LJ-14
    5.89119e+01    1.97386e+02    1.92742e+02    7.33315e+00    1.01537e+02
     Coulomb-14        LJ (SR)  Disper. corr.   Coulomb (SR)   Coul. recip.
    8.33309e+02    1.48244e+04   -6.43767e+02   -9.47508e+04    4.02487e+02
      Potential    Kinetic En.   Total Energy  Conserved En.    Temperature
   -7.87764e+04    1.26641e+04   -6.61123e+04   -8.06964e+04    2.96967e+02
 Pres. DC (bar) Pressure (bar)   Constr. rmsd
   -2.11401e+02   -3.32307e+02    1.86170e-06


DD  step 2224999 load imb.: force 31.9%  pme mesh/force 0.448
           Step           Time
        2225000     4450.00000

   Energies (kJ/mol)
           Bond          Angle    Proper Dih. Per. Imp. Dih.          LJ-14
    8.96227e+01    1.49240e+02    1.96290e+02    7.30843e+00    9.47234e+01
     Coulomb-14        LJ (SR)  Disper. corr.   Coulomb (SR)   Coul. recip.
    8.32885e+02    1.54946e+04   -6.39263e+02   -9.49070e+04    4.65207e+02
      Potential    Kinetic En.   Total Energy  Conserved En.    Temperature
   -7.82164e+04    1.23603e+04   -6.58561e+04   -8.07066e+04    2.89842e+02
 Pres. DC (bar) Pressure (bar)   Constr. rmsd
   -2.08457e+02    8.46080e+01    3.32519e-06


DD  step 2229999 load imb.: force 31.5%  pme mesh/force 0.461
           Step           Time
        2230000     4460.00000

   Energies (kJ/mol)
           Bond          Angle    Proper Dih. Per. Imp. Dih.          LJ-14
    6.32888e+01    1.84225e+02    1.88289e+02    1.29820e+01    1.05677e+02
     Coulomb-14        LJ (SR)  Disper. corr.   Coulomb (SR)   Coul. recip.
    8.39714e+02    1.45194e+04   -6.44072e+02   -9.40202e+04    4.00862e+02
      Potential    Kinetic En.   Total Energy  Conserved En.    Temperature
   -7.83498e+04    1.26577e+04   -6.56921e+04   -8.07314e+04    2.96817e+02
 Pres. DC (bar) Pressure (bar)   Constr. rmsd
   -2.11601e+02   -5.61020e+02    1.82411e-06


DD  step 2234999 load imb.: force 36.8%  pme mesh/force 3.124
           Step           Time
        2235000     4470.00000

   Energies (kJ/mol)
           Bond          Angle    Proper Dih. Per. Imp. Dih.          LJ-14
    7.00701e+01    1.87464e+02    1.93129e+02    1.11704e+01    9.86324e+01
     Coulomb-14        LJ (SR)  Disper. corr.   Coulomb (SR)   Coul. recip.
    8.43545e+02    1.53227e+04   -6.43272e+02   -9.49559e+04    4.14523e+02
      Potential    Kinetic En.   Total Energy  Conserved En.    Temperature
   -7.84579e+04    1.26352e+04   -6.58228e+04   -8.07656e+04    2.96288e+02
 Pres. DC (bar) Pressure (bar)   Constr. rmsd
   -2.11076e+02    3.12467e+02    2.54194e-06


DD  step 2239999 load imb.: force 26.9%  pme mesh/force 0.486
           Step           Time
        2240000     4480.00000

   Energies (kJ/mol)
           Bond          Angle    Proper Dih. Per. Imp. Dih.          LJ-14
    9.43488e+01    2.00381e+02    1.97814e+02    2.43635e+01    8.88505e+01
     Coulomb-14        LJ (SR)  Disper. corr.   Coulomb (SR)   Coul. recip.
    8.37031e+02    1.50614e+04   -6.46042e+02   -9.46354e+04    4.40380e+02
      Potential    Kinetic En.   Total Energy  Conserved En.    Temperature
   -7.83368e+04    1.28694e+04   -6.54675e+04   -8.07764e+04    3.01780e+02
 Pres. DC (bar) Pressure (bar)   Constr. rmsd
   -2.12896e+02   -1.08002e+02    3.14183e-06


DD  step 2244999 load imb.: force 33.1%  pme mesh/force 0.458
           Step           Time
        2245000     4490.00000

   Energies (kJ/mol)
           Bond          Angle    Proper Dih. Per. Imp. Dih.          LJ-14
    6.93931e+01    2.18990e+02    2.02583e+02    6.94141e+00    1.09601e+02
     Coulomb-14        LJ (SR)  Disper. corr.   Coulomb (SR)   Coul. recip.
    8.24014e+02    1.54624e+04   -6.46899e+02   -9.46517e+04    4.34700e+02
      Potential    Kinetic En.   Total Energy  Conserved En.    Temperature
   -7.79700e+04    1.27579e+04   -6.52121e+04   -8.08202e+04    2.99165e+02
 Pres. DC (bar) Pressure (bar)   Constr. rmsd
   -2.13460e+02    5.58604e+02    2.16261e-06


DD  step 2249999 load imb.: force 38.0%  pme mesh/force 0.439
           Step           Time
        2250000     4500.00000

   Energies (kJ/mol)
           Bond          Angle    Proper Dih. Per. Imp. Dih.          LJ-14
    7.75269e+01    1.90661e+02    1.98760e+02    7.35787e+00    1.27166e+02
     Coulomb-14        LJ (SR)  Disper. corr.   Coulomb (SR)   Coul. recip.
    8.55980e+02    1.53652e+04   -6.31509e+02   -9.50939e+04    4.03957e+02
      Potential    Kinetic En.   Total Energy  Conserved En.    Temperature
   -7.84987e+04    1.29021e+04   -6.55967e+04   -8.08588e+04    3.02547e+02
 Pres. DC (bar) Pressure (bar)   Constr. rmsd
   -2.03436e+02   -1.49469e+02    2.14733e-06


DD  step 2254999 load imb.: force 42.8%  pme mesh/force 0.321
           Step           Time
        2255000     4510.00000

   Energies (kJ/mol)
           Bond          Angle    Proper Dih. Per. Imp. Dih.          LJ-14
    5.81353e+01    1.66969e+02    1.97667e+02    1.17014e+01    9.75049e+01
     Coulomb-14        LJ (SR)  Disper. corr.   Coulomb (SR)   Coul. recip.
    8.27942e+02    1.53030e+04   -6.31069e+02   -9.52033e+04    3.85734e+02
      Potential    Kinetic En.   Total Energy  Conserved En.    Temperature
   -7.87857e+04    1.27543e+04   -6.60314e+04   -8.08799e+04    2.99082e+02
 Pres. DC (bar) Pressure (bar)   Constr. rmsd
   -2.03153e+02   -2.09595e+02    2.50590e-06


DD  step 2259999 load imb.: force 40.3%  pme mesh/force 0.429
           Step           Time
        2260000     4520.00000

   Energies (kJ/mol)
           Bond          Angle    Proper Dih. Per. Imp. Dih.          LJ-14
    5.72610e+01    1.65623e+02    2.06108e+02    1.13186e+01    9.98204e+01
     Coulomb-14        LJ (SR)  Disper. corr.   Coulomb (SR)   Coul. recip.
    8.07699e+02    1.51959e+04   -6.36607e+02   -9.51408e+04    4.13063e+02
      Potential    Kinetic En.   Total Energy  Conserved En.    Temperature
   -7.88207e+04    1.30204e+04   -6.58003e+04   -8.09055e+04    3.05322e+02
 Pres. DC (bar) Pressure (bar)   Constr. rmsd
   -2.06730e+02   -2.53563e+01    2.66897e-06


DD  step 2264999 load imb.: force 32.3%  pme mesh/force 0.396
           Step           Time
        2265000     4530.00000

   Energies (kJ/mol)
           Bond          Angle    Proper Dih. Per. Imp. Dih.          LJ-14
    7.52322e+01    1.93285e+02    1.83334e+02    6.10936e+00    1.05608e+02
     Coulomb-14        LJ (SR)  Disper. corr.   Coulomb (SR)   Coul. recip.
    8.31105e+02    1.51864e+04   -6.36894e+02   -9.46571e+04    4.29101e+02
      Potential    Kinetic En.   Total Energy  Conserved En.    Temperature
   -7.82838e+04    1.28947e+04   -6.53891e+04   -8.09087e+04    3.02374e+02
 Pres. DC (bar) Pressure (bar)   Constr. rmsd
   -2.06917e+02    3.55899e+00    2.18385e-06


DD  step 2269999 load imb.: force 38.6%  pme mesh/force 0.409
           Step           Time
        2270000     4540.00000

   Energies (kJ/mol)
           Bond          Angle    Proper Dih. Per. Imp. Dih.          LJ-14
    7.41712e+01    1.99871e+02    1.82066e+02    8.76482e+00    1.16620e+02
     Coulomb-14        LJ (SR)  Disper. corr.   Coulomb (SR)   Coul. recip.
    8.13736e+02    1.51866e+04   -6.39101e+02   -9.47238e+04    3.99826e+02
      Potential    Kinetic En.   Total Energy  Conserved En.    Temperature
   -7.83813e+04    1.29732e+04   -6.54080e+04   -8.09667e+04    3.04215e+02
 Pres. DC (bar) Pressure (bar)   Constr. rmsd
   -2.08351e+02    9.58194e+01    4.25627e-06


DD  step 2274999 load imb.: force 30.5%  pme mesh/force 0.379
           Step           Time
        2275000     4550.00000

   Energies (kJ/mol)
           Bond          Angle    Proper Dih. Per. Imp. Dih.          LJ-14
    7.96848e+01    2.40298e+02    2.18841e+02    3.53695e+00    9.44201e+01
     Coulomb-14        LJ (SR)  Disper. corr.   Coulomb (SR)   Coul. recip.
    8.27568e+02    1.50921e+04   -6.40319e+02   -9.43497e+04    3.94001e+02
      Potential    Kinetic En.   Total Energy  Conserved En.    Temperature
   -7.80395e+04    1.27416e+04   -6.52979e+04   -8.09966e+04    2.98784e+02
 Pres. DC (bar) Pressure (bar)   Constr. rmsd
   -2.09145e+02   -1.15028e+02    2.22152e-06


DD  step 2279999 load imb.: force 28.7%  pme mesh/force 0.383
           Step           Time
        2280000     4560.00000

   Energies (kJ/mol)
           Bond          Angle    Proper Dih. Per. Imp. Dih.          LJ-14
    5.87905e+01    1.86824e+02    2.01168e+02    7.86003e+00    9.88482e+01
     Coulomb-14        LJ (SR)  Disper. corr.   Coulomb (SR)   Coul. recip.
    8.24183e+02    1.51947e+04   -6.42085e+02   -9.50089e+04    3.93679e+02
      Potential    Kinetic En.   Total Energy  Conserved En.    Temperature
   -7.86849e+04    1.29033e+04   -6.57816e+04   -8.10513e+04    3.02575e+02
 Pres. DC (bar) Pressure (bar)   Constr. rmsd
   -2.10299e+02    7.89733e+01    2.75199e-06


DD  step 2284999 load imb.: force 29.6%  pme mesh/force 0.410
           Step           Time
        2285000     4570.00000

   Energies (kJ/mol)
           Bond          Angle    Proper Dih. Per. Imp. Dih.          LJ-14
    6.56327e+01    1.57953e+02    1.97546e+02    6.09238e+00    1.05856e+02
     Coulomb-14        LJ (SR)  Disper. corr.   Coulomb (SR)   Coul. recip.
    8.46339e+02    1.49222e+04   -6.38975e+02   -9.42163e+04    3.93631e+02
      Potential    Kinetic En.   Total Energy  Conserved En.    Temperature
   -7.81601e+04    1.28411e+04   -6.53189e+04   -8.10982e+04    3.01118e+02
 Pres. DC (bar) Pressure (bar)   Constr. rmsd
   -2.08269e+02   -1.37397e+02    1.75507e-06


DD  step 2289999 load imb.: force 39.0%  pme mesh/force 0.520
           Step           Time
        2290000     4580.00000

   Energies (kJ/mol)
           Bond          Angle    Proper Dih. Per. Imp. Dih.          LJ-14
    7.80685e+01    1.94844e+02    1.94511e+02    5.97273e+00    1.15316e+02
     Coulomb-14        LJ (SR)  Disper. corr.   Coulomb (SR)   Coul. recip.
    8.11293e+02    1.52991e+04   -6.37903e+02   -9.47323e+04    4.25747e+02
      Potential    Kinetic En.   Total Energy  Conserved En.    Temperature
   -7.82453e+04    1.26978e+04   -6.55475e+04   -8.11664e+04    2.97756e+02
 Pres. DC (bar) Pressure (bar)   Constr. rmsd
   -2.07572e+02    7.77464e+01    1.92537e-06


DD  step 2294999 load imb.: force 32.1%  pme mesh/force 0.452
           Step           Time
        2295000     4590.00000

   Energies (kJ/mol)
           Bond          Angle    Proper Dih. Per. Imp. Dih.          LJ-14
    9.20118e+01    1.95170e+02    1.93849e+02    1.12020e+01    8.67626e+01
     Coulomb-14        LJ (SR)  Disper. corr.   Coulomb (SR)   Coul. recip.
    8.33896e+02    1.49521e+04   -6.38426e+02   -9.43005e+04    4.32107e+02
      Potential    Kinetic En.   Total Energy  Conserved En.    Temperature
   -7.81418e+04    1.26819e+04   -6.54599e+04   -8.11769e+04    2.97383e+02
 Pres. DC (bar) Pressure (bar)   Constr. rmsd
   -2.07912e+02   -2.67247e+02    2.30486e-06


DD  step 2299999 load imb.: force 33.3%  pme mesh/force 0.387
           Step           Time
        2300000     4600.00000

   Energies (kJ/mol)
           Bond          Angle    Proper Dih. Per. Imp. Dih.          LJ-14
    7.53876e+01    2.07868e+02    1.84274e+02    1.26802e+01    1.02446e+02
     Coulomb-14        LJ (SR)  Disper. corr.   Coulomb (SR)   Coul. recip.
    8.59565e+02    1.53319e+04   -6.39460e+02   -9.46951e+04    3.90499e+02
      Potential    Kinetic En.   Total Energy  Conserved En.    Temperature
   -7.81699e+04    1.31840e+04   -6.49859e+04   -8.12266e+04    3.09158e+02
 Pres. DC (bar) Pressure (bar)   Constr. rmsd
   -2.08585e+02    3.39639e+02    3.10615e-06


DD  step 2304999 load imb.: force 37.5%  pme mesh/force 0.437
           Step           Time
        2305000     4610.00000

   Energies (kJ/mol)
           Bond          Angle    Proper Dih. Per. Imp. Dih.          LJ-14
    7.98576e+01    1.84339e+02    1.96549e+02    8.87456e+00    8.55243e+01
     Coulomb-14        LJ (SR)  Disper. corr.   Coulomb (SR)   Coul. recip.
    8.25923e+02    1.54881e+04   -6.35347e+02   -9.48876e+04    3.88315e+02
      Potential    Kinetic En.   Total Energy  Conserved En.    Temperature
   -7.82655e+04    1.26991e+04   -6.55664e+04   -8.12443e+04    2.97787e+02
 Pres. DC (bar) Pressure (bar)   Constr. rmsd
   -2.05913e+02    1.56339e+02    2.51487e-06


DD  step 2309999 load imb.: force 41.1%  pme mesh/force 0.435
           Step           Time
        2310000     4620.00000

   Energies (kJ/mol)
           Bond          Angle    Proper Dih. Per. Imp. Dih.          LJ-14
    9.71277e+01    2.24962e+02    2.00936e+02    7.31343e+00    9.59891e+01
     Coulomb-14        LJ (SR)  Disper. corr.   Coulomb (SR)   Coul. recip.
    8.34364e+02    1.54374e+04   -6.37433e+02   -9.52781e+04    4.19058e+02
      Potential    Kinetic En.   Total Energy  Conserved En.    Temperature
   -7.85984e+04    1.28933e+04   -6.57051e+04   -8.12627e+04    3.02342e+02
 Pres. DC (bar) Pressure (bar)   Constr. rmsd
   -2.07266e+02    1.67955e+02    2.36802e-06


DD  step 2314999 load imb.: force 38.0%  pme mesh/force 0.413
           Step           Time
        2315000     4630.00000

   Energies (kJ/mol)
           Bond          Angle    Proper Dih. Per. Imp. Dih.          LJ-14
    6.44193e+01    2.07618e+02    1.93479e+02    4.87919e+00    9.27665e+01
     Coulomb-14        LJ (SR)  Disper. corr.   Coulomb (SR)   Coul. recip.
    8.23783e+02    1.52206e+04   -6.43295e+02   -9.49089e+04    4.23774e+02
      Potential    Kinetic En.   Total Energy  Conserved En.    Temperature
   -7.85208e+04    1.28189e+04   -6.57019e+04   -8.12964e+04    3.00596e+02
 Pres. DC (bar) Pressure (bar)   Constr. rmsd
   -2.11091e+02    2.25991e+02    1.99065e-06


DD  step 2319999 load imb.: force 29.3%  pme mesh/force 0.460
           Step           Time
        2320000     4640.00000

   Energies (kJ/mol)
           Bond          Angle    Proper Dih. Per. Imp. Dih.          LJ-14
    6.08772e+01    1.97883e+02    2.01470e+02    3.88128e+00    1.08872e+02
     Coulomb-14        LJ (SR)  Disper. corr.   Coulomb (SR)   Coul. recip.
    8.53716e+02    1.51170e+04   -6.36516e+02   -9.43641e+04    4.43105e+02
      Potential    Kinetic En.   Total Energy  Conserved En.    Temperature
   -7.80138e+04    1.27417e+04   -6.52721e+04   -8.13465e+04    2.98786e+02
 Pres. DC (bar) Pressure (bar)   Constr. rmsd
   -2.06671e+02   -6.59205e+01    3.54834e-06


DD  step 2324999 load imb.: force 35.4%  pme mesh/force 0.599
           Step           Time
        2325000     4650.00000

   Energies (kJ/mol)
           Bond          Angle    Proper Dih. Per. Imp. Dih.          LJ-14
    4.61946e+01    1.67825e+02    2.08002e+02    9.20729e+00    1.01344e+02
     Coulomb-14        LJ (SR)  Disper. corr.   Coulomb (SR)   Coul. recip.
    8.56607e+02    1.50920e+04   -6.38513e+02   -9.47842e+04    4.21192e+02
      Potential    Kinetic En.   Total Energy  Conserved En.    Temperature
   -7.85203e+04    1.25598e+04   -6.59604e+04   -8.13846e+04    2.94522e+02
 Pres. DC (bar) Pressure (bar)   Constr. rmsd
   -2.07969e+02   -1.56205e+02    3.01274e-06


DD  step 2329999 load imb.: force 31.2%  pme mesh/force 0.355
           Step           Time
        2330000     4660.00000

   Energies (kJ/mol)
           Bond          Angle    Proper Dih. Per. Imp. Dih.          LJ-14
    6.36620e+01    1.92056e+02    2.14096e+02    8.40809e+00    9.39267e+01
     Coulomb-14        LJ (SR)  Disper. corr.   Coulomb (SR)   Coul. recip.
    8.54230e+02    1.54045e+04   -6.39526e+02   -9.50427e+04    4.32946e+02
      Potential    Kinetic En.   Total Energy  Conserved En.    Temperature
   -7.84184e+04    1.26756e+04   -6.57428e+04   -8.14179e+04    2.97237e+02
 Pres. DC (bar) Pressure (bar)   Constr. rmsd
   -2.08628e+02    2.66714e+02    2.00397e-06


DD  step 2334999 load imb.: force 29.7%  pme mesh/force 0.455
           Step           Time
        2335000     4670.00000

   Energies (kJ/mol)
           Bond          Angle    Proper Dih. Per. Imp. Dih.          LJ-14
    6.36845e+01    1.78627e+02    1.84519e+02    1.53448e+01    1.06546e+02
     Coulomb-14        LJ (SR)  Disper. corr.   Coulomb (SR)   Coul. recip.
    8.51720e+02    1.51639e+04   -6.39695e+02   -9.47153e+04    4.01990e+02
      Potential    Kinetic En.   Total Energy  Conserved En.    Temperature
   -7.83886e+04    1.29070e+04   -6.54817e+04   -8.14303e+04    3.02661e+02
 Pres. DC (bar) Pressure (bar)   Constr. rmsd
   -2.08738e+02    1.12959e+01    2.76474e-06


DD  step 2339999 load imb.: force 26.3%  pme mesh/force 0.468
           Step           Time
        2340000     4680.00000

   Energies (kJ/mol)
           Bond          Angle    Proper Dih. Per. Imp. Dih.          LJ-14
    5.51969e+01    2.19118e+02    1.92881e+02    2.83823e+00    1.03226e+02
     Coulomb-14        LJ (SR)  Disper. corr.   Coulomb (SR)   Coul. recip.
    8.47293e+02    1.47945e+04   -6.39919e+02   -9.46610e+04    4.17389e+02
      Potential    Kinetic En.   Total Energy  Conserved En.    Temperature
   -7.86685e+04    1.27776e+04   -6.58909e+04   -8.14815e+04    2.99628e+02
 Pres. DC (bar) Pressure (bar)   Constr. rmsd
   -2.08884e+02   -3.68968e+02    3.80924e-06


DD  step 2344999 load imb.: force 38.2%  pme mesh/force 0.443
           Step           Time
        2345000     4690.00000

   Energies (kJ/mol)
           Bond          Angle    Proper Dih. Per. Imp. Dih.          LJ-14
    4.75867e+01    1.83834e+02    1.91951e+02    8.88452e+00    1.26070e+02
     Coulomb-14        LJ (SR)  Disper. corr.   Coulomb (SR)   Coul. recip.
    8.39086e+02    1.48363e+04   -6.41967e+02   -9.43938e+04    4.22192e+02
      Potential    Kinetic En.   Total Energy  Conserved En.    Temperature
   -7.83799e+04    1.25529e+04   -6.58270e+04   -8.15364e+04    2.94360e+02
 Pres. DC (bar) Pressure (bar)   Constr. rmsd
   -2.10221e+02   -1.97950e+02    3.18611e-06


DD  step 2349999 load imb.: force 30.7%  pme mesh/force 0.462
           Step           Time
        2350000     4700.00000

   Energies (kJ/mol)
           Bond          Angle    Proper Dih. Per. Imp. Dih.          LJ-14
    6.25909e+01    2.10229e+02    2.13009e+02    1.38390e+01    1.01543e+02
     Coulomb-14        LJ (SR)  Disper. corr.   Coulomb (SR)   Coul. recip.
    8.65788e+02    1.47551e+04   -6.39943e+02   -9.41995e+04    3.99348e+02
      Potential    Kinetic En.   Total Energy  Conserved En.    Temperature
   -7.82180e+04    1.27260e+04   -6.54920e+04   -8.15581e+04    2.98418e+02
 Pres. DC (bar) Pressure (bar)   Constr. rmsd
   -2.08900e+02   -2.68922e+02    2.80525e-06


DD  step 2354999 load imb.: force 49.1%  pme mesh/force 0.409
           Step           Time
        2355000     4710.00000

   Energies (kJ/mol)
           Bond          Angle    Proper Dih. Per. Imp. Dih.          LJ-14
    4.75227e+01    2.00452e+02    2.21865e+02    6.67389e+00    1.05943e+02
     Coulomb-14        LJ (SR)  Disper. corr.   Coulomb (SR)   Coul. recip.
    8.28479e+02    1.53482e+04   -6.42204e+02   -9.50343e+04    4.04593e+02
      Potential    Kinetic En.   Total Energy  Conserved En.    Temperature
   -7.85128e+04    1.27392e+04   -6.57736e+04   -8.15694e+04    2.98727e+02
 Pres. DC (bar) Pressure (bar)   Constr. rmsd
   -2.10377e+02    1.35747e+02    2.18972e-06


DD  step 2359999 load imb.: force 31.0%  pme mesh/force 0.474
           Step           Time
        2360000     4720.00000

   Energies (kJ/mol)
           Bond          Angle    Proper Dih. Per. Imp. Dih.          LJ-14
    5.03886e+01    1.91188e+02    2.06063e+02    1.51208e+01    1.24838e+02
     Coulomb-14        LJ (SR)  Disper. corr.   Coulomb (SR)   Coul. recip.
    8.32237e+02    1.46807e+04   -6.39886e+02   -9.41756e+04    4.21477e+02
      Potential    Kinetic En.   Total Energy  Conserved En.    Temperature
   -7.82935e+04    1.28160e+04   -6.54775e+04   -8.15932e+04    3.00529e+02
 Pres. DC (bar) Pressure (bar)   Constr. rmsd
   -2.08862e+02   -3.13871e+02    2.55538e-06


DD  step 2364999 load imb.: force 19.5%  pme mesh/force 0.974
           Step           Time
        2365000     4730.00000

   Energies (kJ/mol)
           Bond          Angle    Proper Dih. Per. Imp. Dih.          LJ-14
    5.23584e+01    2.22460e+02    1.85152e+02    6.82151e+00    1.10145e+02
     Coulomb-14        LJ (SR)  Disper. corr.   Coulomb (SR)   Coul. recip.
    8.72738e+02    1.52741e+04   -6.43476e+02   -9.45428e+04    4.06979e+02
      Potential    Kinetic En.   Total Energy  Conserved En.    Temperature
   -7.80555e+04    1.25598e+04   -6.54957e+04   -8.16532e+04    2.94520e+02
 Pres. DC (bar) Pressure (bar)   Constr. rmsd
   -2.11210e+02    4.59250e+02    2.77738e-06


DD  step 2369999 load imb.: force 31.1%  pme mesh/force 0.453
           Step           Time
        2370000     4740.00000

   Energies (kJ/mol)
           Bond          Angle    Proper Dih. Per. Imp. Dih.          LJ-14
    8.46210e+01    1.86432e+02    1.96570e+02    4.58800e+00    1.09154e+02
     Coulomb-14        LJ (SR)  Disper. corr.   Coulomb (SR)   Coul. recip.
    8.57052e+02    1.45401e+04   -6.37958e+02   -9.38787e+04    4.23770e+02
      Potential    Kinetic En.   Total Energy  Conserved En.    Temperature
   -7.81144e+04    1.26655e+04   -6.54488e+04   -8.16892e+04    2.97000e+02
 Pres. DC (bar) Pressure (bar)   Constr. rmsd
   -2.07607e+02   -5.57542e+02    2.30416e-06


DD  step 2374999 load imb.: force 37.1%  pme mesh/force 0.379
           Step           Time
        2375000     4750.00000

   Energies (kJ/mol)
           Bond          Angle    Proper Dih. Per. Imp. Dih.          LJ-14
    7.95077e+01    1.96425e+02    1.86219e+02    8.69122e+00    1.32070e+02
     Coulomb-14        LJ (SR)  Disper. corr.   Coulomb (SR)   Coul. recip.
    8.26073e+02    1.55448e+04   -6.40861e+02   -9.50340e+04    4.04886e+02
      Potential    Kinetic En.   Total Energy  Conserved En.    Temperature
   -7.82961e+04    1.29640e+04   -6.53321e+04   -8.17355e+04    3.03999e+02
 Pres. DC (bar) Pressure (bar)   Constr. rmsd
   -2.09499e+02    6.66117e+02    2.20557e-06


DD  step 2379999 load imb.: force 30.7%  pme mesh/force 0.491
           Step           Time
        2380000     4760.00000

   Energies (kJ/mol)
           Bond          Angle    Proper Dih. Per. Imp. Dih.          LJ-14
    7.55899e+01    2.07143e+02    1.79604e+02    6.77292e+00    1.00427e+02
     Coulomb-14        LJ (SR)  Disper. corr.   Coulomb (SR)   Coul. recip.
    8.47905e+02    1.51726e+04   -6.47818e+02   -9.47352e+04    4.06687e+02
      Potential    Kinetic En.   Total Energy  Conserved En.    Temperature
   -7.83864e+04    1.30016e+04   -6.53847e+04   -8.17412e+04    3.04882e+02
 Pres. DC (bar) Pressure (bar)   Constr. rmsd
   -2.14067e+02    1.48254e+02    2.62502e-06


DD  step 2384999 load imb.: force 29.1%  pme mesh/force 0.519
           Step           Time
        2385000     4770.00000

   Energies (kJ/mol)
           Bond          Angle    Proper Dih. Per. Imp. Dih.          LJ-14
    6.46212e+01    2.14846e+02    1.93160e+02    6.97496e+00    1.02147e+02
     Coulomb-14        LJ (SR)  Disper. corr.   Coulomb (SR)   Coul. recip.
    8.21168e+02    1.52181e+04   -6.46000e+02   -9.46827e+04    4.05626e+02
      Potential    Kinetic En.   Total Energy  Conserved En.    Temperature
   -7.83020e+04    1.28381e+04   -6.54639e+04   -8.17506e+04    3.01047e+02
 Pres. DC (bar) Pressure (bar)   Constr. rmsd
   -2.12868e+02    2.96081e+02    2.72339e-06


DD  step 2389999 load imb.: force 32.4%  pme mesh/force 0.485
           Step           Time
        2390000     4780.00000

   Energies (kJ/mol)
           Bond          Angle    Proper Dih. Per. Imp. Dih.          LJ-14
    6.46863e+01    1.92680e+02    1.98365e+02    3.90240e+00    1.04020e+02
     Coulomb-14        LJ (SR)  Disper. corr.   Coulomb (SR)   Coul. recip.
    8.57278e+02    1.53465e+04   -6.46515e+02   -9.51082e+04    4.02216e+02
      Potential    Kinetic En.   Total Energy  Conserved En.    Temperature
   -7.85851e+04    1.28626e+04   -6.57225e+04   -8.17934e+04    3.01620e+02
 Pres. DC (bar) Pressure (bar)   Constr. rmsd
   -2.13207e+02    1.33252e+02    2.67720e-06


DD  step 2394999 load imb.: force 30.3%  pme mesh/force 0.422
           Step           Time
        2395000     4790.00000

   Energies (kJ/mol)
           Bond          Angle    Proper Dih. Per. Imp. Dih.          LJ-14
    6.88443e+01    1.59589e+02    2.12071e+02    1.52057e+01    1.01150e+02
     Coulomb-14        LJ (SR)  Disper. corr.   Coulomb (SR)   Coul. recip.
    8.38803e+02    1.48601e+04   -6.42925e+02   -9.42318e+04    4.08165e+02
      Potential    Kinetic En.   Total Energy  Conserved En.    Temperature
   -7.82108e+04    1.26921e+04   -6.55187e+04   -8.17957e+04    2.97622e+02
 Pres. DC (bar) Pressure (bar)   Constr. rmsd
   -2.10849e+02    1.23582e+01    2.86908e-06


DD  step 2399999 load imb.: force 33.3%  pme mesh/force 0.470
           Step           Time
        2400000     4800.00000

   Energies (kJ/mol)
           Bond          Angle    Proper Dih. Per. Imp. Dih.          LJ-14
    5.65937e+01    1.87978e+02    2.19885e+02    1.08962e+01    1.06767e+02
     Coulomb-14        LJ (SR)  Disper. corr.   Coulomb (SR)   Coul. recip.
    8.41475e+02    1.52214e+04   -6.30644e+02   -9.48279e+04    4.35829e+02
      Potential    Kinetic En.   Total Energy  Conserved En.    Temperature
   -7.83778e+04    1.27361e+04   -6.56416e+04   -8.18755e+04    2.98656e+02
 Pres. DC (bar) Pressure (bar)   Constr. rmsd
   -2.02880e+02   -1.90382e+02    2.34191e-06


DD  step 2404999 load imb.: force 27.7%  pme mesh/force 0.465
           Step           Time
        2405000     4810.00000

   Energies (kJ/mol)
           Bond          Angle    Proper Dih. Per. Imp. Dih.          LJ-14
    5.73463e+01    1.74323e+02    2.08069e+02    1.04648e+01    1.01184e+02
     Coulomb-14        LJ (SR)  Disper. corr.   Coulomb (SR)   Coul. recip.
    8.09999e+02    1.49541e+04   -6.44603e+02   -9.43653e+04    4.22415e+02
      Potential    Kinetic En.   Total Energy  Conserved En.    Temperature
   -7.82720e+04    1.30473e+04   -6.52247e+04   -8.18956e+04    3.05953e+02
 Pres. DC (bar) Pressure (bar)   Constr. rmsd
   -2.11949e+02    2.93575e+01    2.29443e-06


DD  step 2409999 load imb.: force 30.9%  pme mesh/force 0.481
           Step           Time
        2410000     4820.00000

   Energies (kJ/mol)
           Bond          Angle    Proper Dih. Per. Imp. Dih.          LJ-14
    8.36113e+01    1.96194e+02    1.96998e+02    3.77608e+00    9.46828e+01
     Coulomb-14        LJ (SR)  Disper. corr.   Coulomb (SR)   Coul. recip.
    8.55293e+02    1.51996e+04   -6.33906e+02   -9.43212e+04    4.22272e+02
      Potential    Kinetic En.   Total Energy  Conserved En.    Temperature
   -7.79027e+04    1.29463e+04   -6.49565e+04   -8.19480e+04    3.03583e+02
 Pres. DC (bar) Pressure (bar)   Constr. rmsd
   -2.04982e+02    2.29289e-01    2.98076e-06


DD  step 2414999 load imb.: force 30.5%  pme mesh/force 0.424
           Step           Time
        2415000     4830.00000

   Energies (kJ/mol)
           Bond          Angle    Proper Dih. Per. Imp. Dih.          LJ-14
    5.62843e+01    1.46608e+02    2.05776e+02    8.18175e+00    1.16384e+02
     Coulomb-14        LJ (SR)  Disper. corr.   Coulomb (SR)   Coul. recip.
    8.57019e+02    1.53990e+04   -6.40725e+02   -9.52342e+04    4.16995e+02
      Potential    Kinetic En.   Total Energy  Conserved En.    Temperature
   -7.86687e+04    1.27744e+04   -6.58943e+04   -8.20136e+04    2.99552e+02
 Pres. DC (bar) Pressure (bar)   Constr. rmsd
   -2.09410e+02    1.59616e+02    2.26015e-06


DD  step 2419999 load imb.: force 32.2%  pme mesh/force 1.119
           Step           Time
        2420000     4840.00000

   Energies (kJ/mol)
           Bond          Angle    Proper Dih. Per. Imp. Dih.          LJ-14
    1.08716e+02    1.99279e+02    1.87722e+02    4.93342e+00    1.01392e+02
     Coulomb-14        LJ (SR)  Disper. corr.   Coulomb (SR)   Coul. recip.
    8.49170e+02    1.47637e+04   -6.38228e+02   -9.37898e+04    4.23380e+02
      Potential    Kinetic En.   Total Energy  Conserved En.    Temperature
   -7.77897e+04    1.27408e+04   -6.50489e+04   -8.19984e+04    2.98765e+02
 Pres. DC (bar) Pressure (bar)   Constr. rmsd
   -2.07783e+02   -2.17787e+02    2.74223e-06


DD  step 2424999 load imb.: force 35.8%  pme mesh/force 0.484
           Step           Time
        2425000     4850.00000

   Energies (kJ/mol)
           Bond          Angle    Proper Dih. Per. Imp. Dih.          LJ-14
    5.13338e+01    1.87640e+02    2.15771e+02    5.68424e+00    1.10397e+02
     Coulomb-14        LJ (SR)  Disper. corr.   Coulomb (SR)   Coul. recip.
    8.27392e+02    1.51221e+04   -6.37422e+02   -9.45657e+04    3.90424e+02
      Potential    Kinetic En.   Total Energy  Conserved En.    Temperature
   -7.82924e+04    1.26438e+04   -6.56486e+04   -8.20441e+04    2.96490e+02
 Pres. DC (bar) Pressure (bar)   Constr. rmsd
   -2.07259e+02   -1.12080e+02    2.44443e-06


DD  step 2429999 load imb.: force 41.3%  pme mesh/force 0.399
           Step           Time
        2430000     4860.00000

   Energies (kJ/mol)
           Bond          Angle    Proper Dih. Per. Imp. Dih.          LJ-14
    1.09482e+02    1.73080e+02    2.11733e+02    1.12343e+01    8.78931e+01
     Coulomb-14        LJ (SR)  Disper. corr.   Coulomb (SR)   Coul. recip.
    8.32370e+02    1.45701e+04   -6.41394e+02   -9.35245e+04    4.12791e+02
      Potential    Kinetic En.   Total Energy  Conserved En.    Temperature
   -7.77572e+04    1.27799e+04   -6.49773e+04   -8.20763e+04    2.99681e+02
 Pres. DC (bar) Pressure (bar)   Constr. rmsd
   -2.09847e+02   -5.33701e+02    2.24261e-06


DD  step 2434999 load imb.: force 30.6%  pme mesh/force 0.465
           Step           Time
        2435000     4870.00000

   Energies (kJ/mol)
           Bond          Angle    Proper Dih. Per. Imp. Dih.          LJ-14
    6.03305e+01    1.81682e+02    2.20191e+02    1.34593e+01    1.01278e+02
     Coulomb-14        LJ (SR)  Disper. corr.   Coulomb (SR)   Coul. recip.
    8.42022e+02    1.53156e+04   -6.43546e+02   -9.50910e+04    3.92889e+02
      Potential    Kinetic En.   Total Energy  Conserved En.    Temperature
   -7.86071e+04    1.26126e+04   -6.59945e+04   -8.21121e+04    2.95759e+02
 Pres. DC (bar) Pressure (bar)   Constr. rmsd
   -2.11256e+02    1.38343e+02    3.99664e-06


DD  step 2439999 load imb.: force 32.1%  pme mesh/force 0.450
           Step           Time
        2440000     4880.00000

   Energies (kJ/mol)
           Bond          Angle    Proper Dih. Per. Imp. Dih.          LJ-14
    8.89728e+01    2.08984e+02    1.98201e+02    1.38207e+01    1.03292e+02
     Coulomb-14        LJ (SR)  Disper. corr.   Coulomb (SR)   Coul. recip.
    8.24876e+02    1.46055e+04   -6.39947e+02   -9.36348e+04    4.39839e+02
      Potential    Kinetic En.   Total Energy  Conserved En.    Temperature
   -7.77912e+04    1.28660e+04   -6.49252e+04   -8.21423e+04    3.01701e+02
 Pres. DC (bar) Pressure (bar)   Constr. rmsd
   -2.08902e+02   -3.90392e+02    2.58544e-06


DD  step 2444999 load imb.: force 33.0%  pme mesh/force 0.451
           Step           Time
        2445000     4890.00000

   Energies (kJ/mol)
           Bond          Angle    Proper Dih. Per. Imp. Dih.          LJ-14
    7.67316e+01    2.06750e+02    1.82220e+02    5.06826e+00    9.44061e+01
     Coulomb-14        LJ (SR)  Disper. corr.   Coulomb (SR)   Coul. recip.
    8.39745e+02    1.49985e+04   -6.44638e+02   -9.43825e+04    4.10128e+02
      Potential    Kinetic En.   Total Energy  Conserved En.    Temperature
   -7.82136e+04    1.29967e+04   -6.52169e+04   -8.21749e+04    3.04766e+02
 Pres. DC (bar) Pressure (bar)   Constr. rmsd
   -2.11972e+02    1.59052e+01    2.48234e-06


DD  step 2449999 load imb.: force 24.9%  pme mesh/force 0.473
           Step           Time
        2450000     4900.00000

   Energies (kJ/mol)
           Bond          Angle    Proper Dih. Per. Imp. Dih.          LJ-14
    9.56450e+01    1.75109e+02    2.07164e+02    1.54936e+01    1.00069e+02
     Coulomb-14        LJ (SR)  Disper. corr.   Coulomb (SR)   Coul. recip.
    8.48286e+02    1.51295e+04   -6.40603e+02   -9.44921e+04    4.18844e+02
      Potential    Kinetic En.   Total Energy  Conserved En.    Temperature
   -7.81427e+04    1.30447e+04   -6.50980e+04   -8.22109e+04    3.05891e+02
 Pres. DC (bar) Pressure (bar)   Constr. rmsd
   -2.09330e+02    7.16806e+01    3.17520e-06


DD  step 2454999 load imb.: force 29.7%  pme mesh/force 0.468
           Step           Time
        2455000     4910.00000

   Energies (kJ/mol)
           Bond          Angle    Proper Dih. Per. Imp. Dih.          LJ-14
    5.78400e+01    2.03718e+02    2.09698e+02    1.34864e+01    9.95584e+01
     Coulomb-14        LJ (SR)  Disper. corr.   Coulomb (SR)   Coul. recip.
    8.36924e+02    1.49091e+04   -6.42530e+02   -9.38807e+04    4.32805e+02
      Potential    Kinetic En.   Total Energy  Conserved En.    Temperature
   -7.77601e+04    1.29257e+04   -6.48344e+04   -8.22119e+04    3.03101e+02
 Pres. DC (bar) Pressure (bar)   Constr. rmsd
   -2.10590e+02    2.90952e+02    2.35757e-06


DD  step 2459999 load imb.: force 30.7%  pme mesh/force 0.370
           Step           Time
        2460000     4920.00000

   Energies (kJ/mol)
           Bond          Angle    Proper Dih. Per. Imp. Dih.          LJ-14
    6.15425e+01    1.74654e+02    1.98701e+02    6.71281e+00    1.04430e+02
     Coulomb-14        LJ (SR)  Disper. corr.   Coulomb (SR)   Coul. recip.
    8.52787e+02    1.53676e+04   -6.44247e+02   -9.52135e+04    4.15402e+02
      Potential    Kinetic En.   Total Energy  Conserved En.    Temperature
   -7.86759e+04    1.28282e+04   -6.58476e+04   -8.22595e+04    3.00815e+02
 Pres. DC (bar) Pressure (bar)   Constr. rmsd
   -2.11716e+02    9.87839e+01    2.30098e-06


DD  step 2464999 load imb.: force 26.0%  pme mesh/force 0.521
           Step           Time
        2465000     4930.00000

   Energies (kJ/mol)
           Bond          Angle    Proper Dih. Per. Imp. Dih.          LJ-14
    6.68867e+01    1.82052e+02    1.99265e+02    7.59009e+00    1.03418e+02
     Coulomb-14        LJ (SR)  Disper. corr.   Coulomb (SR)   Coul. recip.
    8.03642e+02    1.51518e+04   -6.38543e+02   -9.43748e+04    4.00790e+02
      Potential    Kinetic En.   Total Energy  Conserved En.    Temperature
   -7.80979e+04    1.27254e+04   -6.53725e+04   -8.23067e+04    2.98404e+02
 Pres. DC (bar) Pressure (bar)   Constr. rmsd
   -2.07988e+02    1.20304e+02    4.73642e-06


DD  step 2469999 load imb.: force 28.5%  pme mesh/force 0.479
           Step           Time
        2470000     4940.00000

   Energies (kJ/mol)
           Bond          Angle    Proper Dih. Per. Imp. Dih.          LJ-14
    8.32061e+01    1.95858e+02    2.04360e+02    9.40004e+00    1.07480e+02
     Coulomb-14        LJ (SR)  Disper. corr.   Coulomb (SR)   Coul. recip.
    8.07932e+02    1.52772e+04   -6.45044e+02   -9.48734e+04    3.84102e+02
      Potential    Kinetic En.   Total Energy  Conserved En.    Temperature
   -7.84489e+04    1.25949e+04   -6.58540e+04   -8.23339e+04    2.95343e+02
 Pres. DC (bar) Pressure (bar)   Constr. rmsd
   -2.12239e+02    2.08630e+02    1.84482e-06


DD  step 2474999 load imb.: force 34.2%  pme mesh/force 0.470
           Step           Time
        2475000     4950.00000

   Energies (kJ/mol)
           Bond          Angle    Proper Dih. Per. Imp. Dih.          LJ-14
    7.08035e+01    1.48655e+02    1.97311e+02    1.20145e+01    1.16718e+02
     Coulomb-14        LJ (SR)  Disper. corr.   Coulomb (SR)   Coul. recip.
    8.32985e+02    1.51415e+04   -6.45106e+02   -9.49999e+04    3.75867e+02
      Potential    Kinetic En.   Total Energy  Conserved En.    Temperature
   -7.87491e+04    1.26529e+04   -6.60962e+04   -8.23615e+04    2.96704e+02
 Pres. DC (bar) Pressure (bar)   Constr. rmsd
   -2.12280e+02    1.26039e+02    3.60907e-06


DD  step 2479999 load imb.: force 33.5%  pme mesh/force 0.468
           Step           Time
        2480000     4960.00000

   Energies (kJ/mol)
           Bond          Angle    Proper Dih. Per. Imp. Dih.          LJ-14
    5.49789e+01    1.93906e+02    1.99445e+02    3.61326e+00    8.68442e+01
     Coulomb-14        LJ (SR)  Disper. corr.   Coulomb (SR)   Coul. recip.
    8.48861e+02    1.55805e+04   -6.33148e+02   -9.55319e+04    4.10898e+02
      Potential    Kinetic En.   Total Energy  Conserved En.    Temperature
   -7.87860e+04    1.25144e+04   -6.62716e+04   -8.23830e+04    2.93456e+02
 Pres. DC (bar) Pressure (bar)   Constr. rmsd
   -2.04492e+02   -2.87437e+01    2.55559e-06


DD  step 2484999 load imb.: force 28.6%  pme mesh/force 0.487
           Step           Time
        2485000     4970.00000

   Energies (kJ/mol)
           Bond          Angle    Proper Dih. Per. Imp. Dih.          LJ-14
    8.08904e+01    1.77553e+02    1.89448e+02    4.67429e+00    9.90592e+01
     Coulomb-14        LJ (SR)  Disper. corr.   Coulomb (SR)   Coul. recip.
    8.46268e+02    1.50180e+04   -6.39144e+02   -9.44701e+04    4.34660e+02
      Potential    Kinetic En.   Total Energy  Conserved En.    Temperature
   -7.82587e+04    1.26719e+04   -6.55868e+04   -8.24146e+04    2.97150e+02
 Pres. DC (bar) Pressure (bar)   Constr. rmsd
   -2.08379e+02   -3.55684e+02    2.84142e-06


DD  step 2489999 load imb.: force 27.9%  pme mesh/force 0.483
           Step           Time
        2490000     4980.00000

   Energies (kJ/mol)
           Bond          Angle    Proper Dih. Per. Imp. Dih.          LJ-14
    6.68022e+01    1.77773e+02    1.98813e+02    9.51585e+00    1.16876e+02
     Coulomb-14        LJ (SR)  Disper. corr.   Coulomb (SR)   Coul. recip.
    8.53429e+02    1.49109e+04   -6.37973e+02   -9.40507e+04    3.78960e+02
      Potential    Kinetic En.   Total Energy  Conserved En.    Temperature
   -7.79756e+04    1.30214e+04   -6.49542e+04   -8.24355e+04    3.05345e+02
 Pres. DC (bar) Pressure (bar)   Constr. rmsd
   -2.07617e+02   -2.38217e+01    3.04275e-06


DD  step 2494999 load imb.: force 32.1%  pme mesh/force 0.460
           Step           Time
        2495000     4990.00000

   Energies (kJ/mol)
           Bond          Angle    Proper Dih. Per. Imp. Dih.          LJ-14
    6.75741e+01    1.76483e+02    1.97565e+02    1.04831e+01    1.01156e+02
     Coulomb-14        LJ (SR)  Disper. corr.   Coulomb (SR)   Coul. recip.
    8.16910e+02    1.54534e+04   -6.39493e+02   -9.49439e+04    4.20245e+02
      Potential    Kinetic En.   Total Energy  Conserved En.    Temperature
   -7.83396e+04    1.26801e+04   -6.56594e+04   -8.25219e+04    2.97342e+02
 Pres. DC (bar) Pressure (bar)   Constr. rmsd
   -2.08606e+02    2.96777e+02    2.66327e-06


DD  step 2499999 load imb.: force 34.1%  pme mesh/force 0.472
           Step           Time
        2500000     5000.00000

   Energies (kJ/mol)
           Bond          Angle    Proper Dih. Per. Imp. Dih.          LJ-14
    4.48627e+01    1.63843e+02    1.98828e+02    1.29626e+01    1.12516e+02
     Coulomb-14        LJ (SR)  Disper. corr.   Coulomb (SR)   Coul. recip.
    8.62503e+02    1.52481e+04   -6.42309e+02   -9.48922e+04    4.06910e+02
      Potential    Kinetic En.   Total Energy  Conserved En.    Temperature
   -7.84840e+04    1.27856e+04   -6.56984e+04   -8.25151e+04    2.99816e+02
 Pres. DC (bar) Pressure (bar)   Constr. rmsd
   -2.10446e+02    2.16197e+02    3.47037e-06


DD  step 2504999 load imb.: force 36.2%  pme mesh/force 0.414
           Step           Time
        2505000     5010.00000

   Energies (kJ/mol)
           Bond          Angle    Proper Dih. Per. Imp. Dih.          LJ-14
    8.85503e+01    1.93796e+02    1.93190e+02    5.78960e+00    9.69295e+01
     Coulomb-14        LJ (SR)  Disper. corr.   Coulomb (SR)   Coul. recip.
    8.19772e+02    1.50364e+04   -6.34219e+02   -9.46141e+04    4.25136e+02
      Potential    Kinetic En.   Total Energy  Conserved En.    Temperature
   -7.83888e+04    1.28396e+04   -6.55492e+04   -8.25598e+04    3.01083e+02
 Pres. DC (bar) Pressure (bar)   Constr. rmsd
   -2.05184e+02   -2.70152e+02    3.10960e-06


DD  step 2509999 load imb.: force 31.9%  pme mesh/force 0.438
           Step           Time
        2510000     5020.00000

   Energies (kJ/mol)
           Bond          Angle    Proper Dih. Per. Imp. Dih.          LJ-14
    6.31135e+01    1.85956e+02    1.95321e+02    1.00906e+01    1.02335e+02
     Coulomb-14        LJ (SR)  Disper. corr.   Coulomb (SR)   Coul. recip.
    8.35518e+02    1.47033e+04   -6.38442e+02   -9.38858e+04    3.95223e+02
      Potential    Kinetic En.   Total Energy  Conserved En.    Temperature
   -7.80335e+04    1.31228e+04   -6.49107e+04   -8.25933e+04    3.07723e+02
 Pres. DC (bar) Pressure (bar)   Constr. rmsd
   -2.07922e+02   -4.25612e+02    2.61264e-06


DD  step 2514999 load imb.: force 33.6%  pme mesh/force 0.443
           Step           Time
        2515000     5030.00000

   Energies (kJ/mol)
           Bond          Angle    Proper Dih. Per. Imp. Dih.          LJ-14
    9.24659e+01    1.94625e+02    1.96712e+02    8.18296e+00    9.66927e+01
     Coulomb-14        LJ (SR)  Disper. corr.   Coulomb (SR)   Coul. recip.
    8.09739e+02    1.48994e+04   -6.41602e+02   -9.45367e+04    3.72746e+02
      Potential    Kinetic En.   Total Energy  Conserved En.    Temperature
   -7.85077e+04    1.26498e+04   -6.58579e+04   -8.26515e+04    2.96630e+02
 Pres. DC (bar) Pressure (bar)   Constr. rmsd
   -2.09983e+02   -6.12132e+02    2.29693e-06


DD  step 2519999 load imb.: force 39.8%  pme mesh/force 0.466
           Step           Time
        2520000     5040.00000

   Energies (kJ/mol)
           Bond          Angle    Proper Dih. Per. Imp. Dih.          LJ-14
    6.23144e+01    2.27160e+02    1.98840e+02    1.21800e+01    9.69000e+01
     Coulomb-14        LJ (SR)  Disper. corr.   Coulomb (SR)   Coul. recip.
    7.93096e+02    1.54574e+04   -6.42109e+02   -9.47554e+04    4.27894e+02
      Potential    Kinetic En.   Total Energy  Conserved En.    Temperature
   -7.81217e+04    1.25774e+04   -6.55443e+04   -8.26539e+04    2.94934e+02
 Pres. DC (bar) Pressure (bar)   Constr. rmsd
   -2.10315e+02    5.03474e+02    3.19098e-06


DD  step 2524999 load imb.: force 36.1%  pme mesh/force 0.437
           Step           Time
        2525000     5050.00000

   Energies (kJ/mol)
           Bond          Angle    Proper Dih. Per. Imp. Dih.          LJ-14
    7.70010e+01    1.99781e+02    2.01323e+02    3.22689e+00    1.10308e+02
     Coulomb-14        LJ (SR)  Disper. corr.   Coulomb (SR)   Coul. recip.
    8.51232e+02    1.49517e+04   -6.42597e+02   -9.49716e+04    3.84849e+02
      Potential    Kinetic En.   Total Energy  Conserved En.    Temperature
   -7.88348e+04    1.30086e+04   -6.58262e+04   -8.27088e+04    3.05044e+02
 Pres. DC (bar) Pressure (bar)   Constr. rmsd
   -2.10634e+02   -2.78120e+02    2.69740e-06


DD  step 2529999 load imb.: force 29.0%  pme mesh/force 0.467
           Step           Time
        2530000     5060.00000

   Energies (kJ/mol)
           Bond          Angle    Proper Dih. Per. Imp. Dih.          LJ-14
    7.34677e+01    1.84240e+02    1.96939e+02    9.20474e+00    9.64580e+01
     Coulomb-14        LJ (SR)  Disper. corr.   Coulomb (SR)   Coul. recip.
    8.13860e+02    1.49571e+04   -6.39530e+02   -9.42719e+04    4.18730e+02
      Potential    Kinetic En.   Total Energy  Conserved En.    Temperature
   -7.81614e+04    1.27526e+04   -6.54089e+04   -8.27302e+04    2.99041e+02
 Pres. DC (bar) Pressure (bar)   Constr. rmsd
   -2.08631e+02   -4.82600e+01    2.64896e-06


DD  step 2534999 load imb.: force 27.8%  pme mesh/force 0.493
           Step           Time
        2535000     5070.00000

   Energies (kJ/mol)
           Bond          Angle    Proper Dih. Per. Imp. Dih.          LJ-14
    1.18792e+02    1.68112e+02    2.05890e+02    7.38491e+00    1.01438e+02
     Coulomb-14        LJ (SR)  Disper. corr.   Coulomb (SR)   Coul. recip.
    8.42167e+02    1.51168e+04   -6.40172e+02   -9.46289e+04    4.45064e+02
      Potential    Kinetic En.   Total Energy  Conserved En.    Temperature
   -7.82634e+04    1.27894e+04   -6.54740e+04   -8.27473e+04    2.99904e+02
 Pres. DC (bar) Pressure (bar)   Constr. rmsd
   -2.09049e+02   -7.00704e+01    2.17172e-06


DD  step 2539999 load imb.: force 30.4%  pme mesh/force 0.431
           Step           Time
        2540000     5080.00000

   Energies (kJ/mol)
           Bond          Angle    Proper Dih. Per. Imp. Dih.          LJ-14
    6.51510e+01    1.83569e+02    1.95193e+02    6.27817e+00    1.01816e+02
     Coulomb-14        LJ (SR)  Disper. corr.   Coulomb (SR)   Coul. recip.
    7.99846e+02    1.49317e+04   -6.39109e+02   -9.44858e+04    4.10136e+02
      Potential    Kinetic En.   Total Energy  Conserved En.    Temperature
   -7.84312e+04    1.26735e+04   -6.57577e+04   -8.27842e+04    2.97187e+02
 Pres. DC (bar) Pressure (bar)   Constr. rmsd
   -2.08356e+02   -1.48588e+02    1.80467e-06


DD  step 2544999 load imb.: force 31.0%  pme mesh/force 0.460
           Step           Time
        2545000     5090.00000

   Energies (kJ/mol)
           Bond          Angle    Proper Dih. Per. Imp. Dih.          LJ-14
    8.08974e+01    2.20352e+02    2.03182e+02    4.01465e+00    1.03172e+02
     Coulomb-14        LJ (SR)  Disper. corr.   Coulomb (SR)   Coul. recip.
    8.41584e+02    1.51313e+04   -6.46447e+02   -9.46891e+04    4.16972e+02
      Potential    Kinetic En.   Total Energy  Conserved En.    Temperature
   -7.83340e+04    1.29650e+04   -6.53690e+04   -8.28440e+04    3.04023e+02
 Pres. DC (bar) Pressure (bar)   Constr. rmsd
   -2.13162e+02    8.76187e+01    2.59340e-06


DD  step 2549999 load imb.: force 29.0%  pme mesh/force 0.493
           Step           Time
        2550000     5100.00000

   Energies (kJ/mol)
           Bond          Angle    Proper Dih. Per. Imp. Dih.          LJ-14
    9.69194e+01    2.16676e+02    1.93269e+02    7.70884e+00    1.20466e+02
     Coulomb-14        LJ (SR)  Disper. corr.   Coulomb (SR)   Coul. recip.
    8.16735e+02    1.53209e+04   -6.41146e+02   -9.44666e+04    4.25934e+02
      Potential    Kinetic En.   Total Energy  Conserved En.    Temperature
   -7.79091e+04    1.28611e+04   -6.50481e+04   -8.28780e+04    3.01586e+02
 Pres. DC (bar) Pressure (bar)   Constr. rmsd
   -2.09685e+02    5.82683e+02    1.98372e-06


DD  step 2554999 load imb.: force 29.4%  pme mesh/force 0.497
           Step           Time
        2555000     5110.00000

   Energies (kJ/mol)
           Bond          Angle    Proper Dih. Per. Imp. Dih.          LJ-14
    7.46860e+01    2.11343e+02    1.98447e+02    1.31589e+01    1.03456e+02
     Coulomb-14        LJ (SR)  Disper. corr.   Coulomb (SR)   Coul. recip.
    8.22378e+02    1.51900e+04   -6.34467e+02   -9.45843e+04    4.46294e+02
      Potential    Kinetic En.   Total Energy  Conserved En.    Temperature
   -7.81590e+04    1.28720e+04   -6.52870e+04   -8.28989e+04    3.01842e+02
 Pres. DC (bar) Pressure (bar)   Constr. rmsd
   -2.05345e+02    1.15835e+00    3.60747e-06


DD  step 2559999 load imb.: force 29.8%  pme mesh/force 0.473
           Step           Time
        2560000     5120.00000

   Energies (kJ/mol)
           Bond          Angle    Proper Dih. Per. Imp. Dih.          LJ-14
    7.31370e+01    1.92309e+02    1.96968e+02    8.78332e+00    1.15353e+02
     Coulomb-14        LJ (SR)  Disper. corr.   Coulomb (SR)   Coul. recip.
    8.67552e+02    1.52986e+04   -6.38898e+02   -9.45858e+04    4.20396e+02
      Potential    Kinetic En.   Total Energy  Conserved En.    Temperature
   -7.80516e+04    1.29782e+04   -6.50734e+04   -8.29430e+04    3.04332e+02
 Pres. DC (bar) Pressure (bar)   Constr. rmsd
   -2.08219e+02    5.28049e+02    2.85743e-06


DD  step 2564999 load imb.: force 37.6%  pme mesh/force 0.475
           Step           Time
        2565000     5130.00000

   Energies (kJ/mol)
           Bond          Angle    Proper Dih. Per. Imp. Dih.          LJ-14
    6.58615e+01    1.81460e+02    2.05547e+02    1.18664e+01    1.11013e+02
     Coulomb-14        LJ (SR)  Disper. corr.   Coulomb (SR)   Coul. recip.
    8.38792e+02    1.51575e+04   -6.34738e+02   -9.49832e+04    4.46002e+02
      Potential    Kinetic En.   Total Energy  Conserved En.    Temperature
   -7.85999e+04    1.28381e+04   -6.57618e+04   -8.29825e+04    3.01046e+02
 Pres. DC (bar) Pressure (bar)   Constr. rmsd
   -2.05519e+02   -3.42726e+02    1.89825e-06


DD  step 2569999 load imb.: force 31.1%  pme mesh/force 0.467
           Step           Time
        2570000     5140.00000

   Energies (kJ/mol)
           Bond          Angle    Proper Dih. Per. Imp. Dih.          LJ-14
    4.99460e+01    1.86737e+02    1.92751e+02    9.32609e+00    1.09834e+02
     Coulomb-14        LJ (SR)  Disper. corr.   Coulomb (SR)   Coul. recip.
    8.18375e+02    1.49977e+04   -6.37264e+02   -9.40823e+04    4.14062e+02
      Potential    Kinetic En.   Total Energy  Conserved En.    Temperature
   -7.79408e+04    1.26665e+04   -6.52743e+04   -8.30273e+04    2.97023e+02
 Pres. DC (bar) Pressure (bar)   Constr. rmsd
   -2.07157e+02    1.15682e+01    2.59929e-06


DD  step 2574999 load imb.: force 32.2%  pme mesh/force 0.467
           Step           Time
        2575000     5150.00000

   Energies (kJ/mol)
           Bond          Angle    Proper Dih. Per. Imp. Dih.          LJ-14
    1.00544e+02    1.80581e+02    2.06269e+02    3.58381e+00    9.94887e+01
     Coulomb-14        LJ (SR)  Disper. corr.   Coulomb (SR)   Coul. recip.
    7.88773e+02    1.53246e+04   -6.39924e+02   -9.48157e+04    3.92659e+02
      Potential    Kinetic En.   Total Energy  Conserved En.    Temperature
   -7.83592e+04    1.28667e+04   -6.54925e+04   -8.30617e+04    3.01716e+02
 Pres. DC (bar) Pressure (bar)   Constr. rmsd
   -2.08888e+02    3.23005e+01    4.03473e-06


DD  step 2579999 load imb.: force 39.4%  pme mesh/force 0.421
           Step           Time
        2580000     5160.00000

   Energies (kJ/mol)
           Bond          Angle    Proper Dih. Per. Imp. Dih.          LJ-14
    6.45800e+01    2.21890e+02    2.22556e+02    1.28990e+01    9.82025e+01
     Coulomb-14        LJ (SR)  Disper. corr.   Coulomb (SR)   Coul. recip.
    8.09149e+02    1.57642e+04   -6.41269e+02   -9.51803e+04    3.91411e+02
      Potential    Kinetic En.   Total Energy  Conserved En.    Temperature
   -7.82367e+04    1.28613e+04   -6.53754e+04   -8.30603e+04    3.01591e+02
 Pres. DC (bar) Pressure (bar)   Constr. rmsd
   -2.09766e+02    7.55911e+02    4.61437e-06


DD  step 2584999 load imb.: force 35.3%  pme mesh/force 0.496
           Step           Time
        2585000     5170.00000

   Energies (kJ/mol)
           Bond          Angle    Proper Dih. Per. Imp. Dih.          LJ-14
    6.69747e+01    2.13742e+02    2.01796e+02    7.59129e+00    9.21002e+01
     Coulomb-14        LJ (SR)  Disper. corr.   Coulomb (SR)   Coul. recip.
    7.81977e+02    1.52722e+04   -6.33409e+02   -9.48186e+04    4.23378e+02
      Potential    Kinetic En.   Total Energy  Conserved En.    Temperature
   -7.83923e+04    1.28915e+04   -6.55007e+04   -8.30927e+04    3.02300e+02
 Pres. DC (bar) Pressure (bar)   Constr. rmsd
   -2.04661e+02    3.87299e+01    2.73496e-06


DD  step 2589999 load imb.: force 30.0%  pme mesh/force 0.499
           Step           Time
        2590000     5180.00000

   Energies (kJ/mol)
           Bond          Angle    Proper Dih. Per. Imp. Dih.          LJ-14
    6.42038e+01    1.88428e+02    2.15692e+02    9.16972e+00    9.66790e+01
     Coulomb-14        LJ (SR)  Disper. corr.   Coulomb (SR)   Coul. recip.
    8.22611e+02    1.47426e+04   -6.38453e+02   -9.39094e+04    4.26795e+02
      Potential    Kinetic En.   Total Energy  Conserved En.    Temperature
   -7.79817e+04    1.26528e+04   -6.53289e+04   -8.31447e+04    2.96701e+02
 Pres. DC (bar) Pressure (bar)   Constr. rmsd
   -2.07930e+02   -3.06906e+02    3.13639e-06


DD  step 2594999 load imb.: force 37.4%  pme mesh/force 0.433
           Step           Time
        2595000     5190.00000

   Energies (kJ/mol)
           Bond          Angle    Proper Dih. Per. Imp. Dih.          LJ-14
    5.87192e+01    1.71965e+02    2.00315e+02    5.34332e+00    1.17503e+02
     Coulomb-14        LJ (SR)  Disper. corr.   Coulomb (SR)   Coul. recip.
    8.39456e+02    1.49171e+04   -6.37806e+02   -9.44878e+04    4.22841e+02
      Potential    Kinetic En.   Total Energy  Conserved En.    Temperature
   -7.83923e+04    1.24071e+04   -6.59852e+04   -8.31676e+04    2.90939e+02
 Pres. DC (bar) Pressure (bar)   Constr. rmsd
   -2.07509e+02   -4.03539e+02    2.02118e-06


DD  step 2599999 load imb.: force 30.2%  pme mesh/force 0.470
           Step           Time
        2600000     5200.00000

   Energies (kJ/mol)
           Bond          Angle    Proper Dih. Per. Imp. Dih.          LJ-14
    5.21788e+01    1.94162e+02    2.19727e+02    9.52878e+00    1.02482e+02
     Coulomb-14        LJ (SR)  Disper. corr.   Coulomb (SR)   Coul. recip.
    8.17166e+02    1.53025e+04   -6.36563e+02   -9.49068e+04    4.13573e+02
      Potential    Kinetic En.   Total Energy  Conserved En.    Temperature
   -7.84321e+04    1.27207e+04   -6.57114e+04   -8.32030e+04    2.98294e+02
 Pres. DC (bar) Pressure (bar)   Constr. rmsd
   -2.06701e+02    1.61788e+02    4.11647e-06


DD  step 2604999 load imb.: force 33.8%  pme mesh/force 0.499
           Step           Time
        2605000     5210.00000

   Energies (kJ/mol)
           Bond          Angle    Proper Dih. Per. Imp. Dih.          LJ-14
    4.51011e+01    2.17947e+02    2.02638e+02    1.19200e+01    1.03035e+02
     Coulomb-14        LJ (SR)  Disper. corr.   Coulomb (SR)   Coul. recip.
    8.18594e+02    1.53864e+04   -6.34087e+02   -9.53309e+04    3.90811e+02
      Potential    Kinetic En.   Total Energy  Conserved En.    Temperature
   -7.87885e+04    1.29443e+04   -6.58442e+04   -8.32308e+04    3.03538e+02
 Pres. DC (bar) Pressure (bar)   Constr. rmsd
   -2.05099e+02   -3.49521e+01    2.76549e-06


DD  step 2609999 load imb.: force 21.0%  pme mesh/force 1.372
           Step           Time
        2610000     5220.00000

   Energies (kJ/mol)
           Bond          Angle    Proper Dih. Per. Imp. Dih.          LJ-14
    7.99650e+01    2.10223e+02    2.10143e+02    6.49620e+00    1.02111e+02
     Coulomb-14        LJ (SR)  Disper. corr.   Coulomb (SR)   Coul. recip.
    8.01764e+02    1.49535e+04   -6.43000e+02   -9.44175e+04    3.97014e+02
      Potential    Kinetic En.   Total Energy  Conserved En.    Temperature
   -7.82994e+04    1.31535e+04   -6.51458e+04   -8.32667e+04    3.08444e+02
 Pres. DC (bar) Pressure (bar)   Constr. rmsd
   -2.10898e+02   -4.53644e+01    2.59703e-06


DD  step 2614999 load imb.: force 37.4%  pme mesh/force 0.532
           Step           Time
        2615000     5230.00000

   Energies (kJ/mol)
           Bond          Angle    Proper Dih. Per. Imp. Dih.          LJ-14
    7.18787e+01    2.07655e+02    1.88000e+02    8.50654e+00    1.09393e+02
     Coulomb-14        LJ (SR)  Disper. corr.   Coulomb (SR)   Coul. recip.
    8.25316e+02    1.53733e+04   -6.41785e+02   -9.52315e+04    3.83871e+02
      Potential    Kinetic En.   Total Energy  Conserved En.    Temperature
   -7.87054e+04    1.27886e+04   -6.59167e+04   -8.33075e+04    2.99887e+02
 Pres. DC (bar) Pressure (bar)   Constr. rmsd
   -2.10103e+02    1.03579e+02    2.58659e-06


DD  step 2619999 load imb.: force 35.9%  pme mesh/force 0.421
           Step           Time
        2620000     5240.00000

   Energies (kJ/mol)
           Bond          Angle    Proper Dih. Per. Imp. Dih.          LJ-14
    6.89971e+01    1.91888e+02    2.15665e+02    7.90091e+00    1.16547e+02
     Coulomb-14        LJ (SR)  Disper. corr.   Coulomb (SR)   Coul. recip.
    8.12163e+02    1.49172e+04   -6.41470e+02   -9.42087e+04    3.91485e+02
      Potential    Kinetic En.   Total Energy  Conserved En.    Temperature
   -7.81282e+04    1.24829e+04   -6.56453e+04   -8.33338e+04    2.92719e+02
 Pres. DC (bar) Pressure (bar)   Constr. rmsd
   -2.09897e+02   -1.04271e+02    2.57133e-06


DD  step 2624999 load imb.: force 43.5%  pme mesh/force 0.399
           Step           Time
        2625000     5250.00000

   Energies (kJ/mol)
           Bond          Angle    Proper Dih. Per. Imp. Dih.          LJ-14
    4.86256e+01    1.91617e+02    2.08611e+02    1.19841e+01    1.15593e+02
     Coulomb-14        LJ (SR)  Disper. corr.   Coulomb (SR)   Coul. recip.
    8.26384e+02    1.55128e+04   -6.41153e+02   -9.51753e+04    4.09817e+02
      Potential    Kinetic En.   Total Energy  Conserved En.    Temperature
   -7.84910e+04    1.29712e+04   -6.55198e+04   -8.33814e+04    3.04168e+02
 Pres. DC (bar) Pressure (bar)   Constr. rmsd
   -2.09690e+02    6.06985e+02    2.27415e-06


DD  step 2629999 load imb.: force 110.0%  pme mesh/force 0.213
           Step           Time
        2630000     5260.00000

   Energies (kJ/mol)
           Bond          Angle    Proper Dih. Per. Imp. Dih.          LJ-14
    8.34489e+01    1.95412e+02    2.04968e+02    7.82087e+00    1.02372e+02
     Coulomb-14        LJ (SR)  Disper. corr.   Coulomb (SR)   Coul. recip.
    8.02428e+02    1.48913e+04   -6.39774e+02   -9.40073e+04    4.45459e+02
      Potential    Kinetic En.   Total Energy  Conserved En.    Temperature
   -7.79139e+04    1.28394e+04   -6.50745e+04   -8.34044e+04    3.01077e+02
 Pres. DC (bar) Pressure (bar)   Constr. rmsd
   -2.08790e+02    6.81377e+00    1.85316e-06


DD  step 2634999 load imb.: force 32.6%  pme mesh/force 0.442
           Step           Time
        2635000     5270.00000

   Energies (kJ/mol)
           Bond          Angle    Proper Dih. Per. Imp. Dih.          LJ-14
    7.72527e+01    1.83494e+02    1.83488e+02    9.73910e+00    1.08090e+02
     Coulomb-14        LJ (SR)  Disper. corr.   Coulomb (SR)   Coul. recip.
    7.78338e+02    1.53663e+04   -6.40885e+02   -9.49495e+04    4.31797e+02
      Potential    Kinetic En.   Total Energy  Conserved En.    Temperature
   -7.84518e+04    1.27850e+04   -6.56668e+04   -8.34238e+04    2.99803e+02
 Pres. DC (bar) Pressure (bar)   Constr. rmsd
   -2.09515e+02    5.06167e+02    2.76957e-06


DD  step 2639999 load imb.: force 31.7%  pme mesh/force 0.520
           Step           Time
        2640000     5280.00000

   Energies (kJ/mol)
           Bond          Angle    Proper Dih. Per. Imp. Dih.          LJ-14
    6.99979e+01    2.05421e+02    1.88741e+02    4.80647e+00    1.16968e+02
     Coulomb-14        LJ (SR)  Disper. corr.   Coulomb (SR)   Coul. recip.
    8.07096e+02    1.53020e+04   -6.43172e+02   -9.44504e+04    4.37515e+02
      Potential    Kinetic En.   Total Energy  Conserved En.    Temperature
   -7.79611e+04    1.26478e+04   -6.53133e+04   -8.34422e+04    2.96584e+02
 Pres. DC (bar) Pressure (bar)   Constr. rmsd
   -2.11011e+02    4.20772e+02    2.71756e-06


DD  step 2644999 load imb.: force 27.6%  pme mesh/force 0.497
           Step           Time
        2645000     5290.00000

   Energies (kJ/mol)
           Bond          Angle    Proper Dih. Per. Imp. Dih.          LJ-14
    1.03107e+02    2.09761e+02    1.98564e+02    8.56463e+00    9.81175e+01
     Coulomb-14        LJ (SR)  Disper. corr.   Coulomb (SR)   Coul. recip.
    7.92977e+02    1.51884e+04   -6.36544e+02   -9.48646e+04    3.87409e+02
      Potential    Kinetic En.   Total Energy  Conserved En.    Temperature
   -7.85143e+04    1.30477e+04   -6.54666e+04   -8.34643e+04    3.05961e+02
 Pres. DC (bar) Pressure (bar)   Constr. rmsd
   -2.06690e+02   -6.38412e+01    2.28544e-06


DD  step 2649999 load imb.: force 34.7%  pme mesh/force 0.451
           Step           Time
        2650000     5300.00000

   Energies (kJ/mol)
           Bond          Angle    Proper Dih. Per. Imp. Dih.          LJ-14
    9.34177e+01    1.96465e+02    2.16012e+02    1.42162e+01    9.59117e+01
     Coulomb-14        LJ (SR)  Disper. corr.   Coulomb (SR)   Coul. recip.
    8.12371e+02    1.49797e+04   -6.38795e+02   -9.47911e+04    4.00951e+02
      Potential    Kinetic En.   Total Energy  Conserved En.    Temperature
   -7.86209e+04    1.32866e+04   -6.53343e+04   -8.34562e+04    3.11563e+02
 Pres. DC (bar) Pressure (bar)   Constr. rmsd
   -2.08152e+02   -3.59983e+02    2.23770e-06


DD  step 2654999 load imb.: force 31.0%  pme mesh/force 0.482
           Step           Time
        2655000     5310.00000

   Energies (kJ/mol)
           Bond          Angle    Proper Dih. Per. Imp. Dih.          LJ-14
    8.97704e+01    2.62683e+02    2.03788e+02    1.30959e+01    1.05517e+02
     Coulomb-14        LJ (SR)  Disper. corr.   Coulomb (SR)   Coul. recip.
    8.11721e+02    1.52984e+04   -6.40953e+02   -9.47495e+04    4.23218e+02
      Potential    Kinetic En.   Total Energy  Conserved En.    Temperature
   -7.81822e+04    1.31957e+04   -6.49865e+04   -8.35162e+04    3.09433e+02
 Pres. DC (bar) Pressure (bar)   Constr. rmsd
   -2.09559e+02    3.07620e+02    3.05232e-06


DD  step 2659999 load imb.: force 31.7%  pme mesh/force 0.435
           Step           Time
        2660000     5320.00000

   Energies (kJ/mol)
           Bond          Angle    Proper Dih. Per. Imp. Dih.          LJ-14
    5.30042e+01    1.58091e+02    2.12389e+02    4.66733e+00    9.59567e+01
     Coulomb-14        LJ (SR)  Disper. corr.   Coulomb (SR)   Coul. recip.
    8.28227e+02    1.54258e+04   -6.42243e+02   -9.53287e+04    3.99353e+02
      Potential    Kinetic En.   Total Energy  Conserved En.    Temperature
   -7.87935e+04    1.27848e+04   -6.60087e+04   -8.35650e+04    2.99796e+02
 Pres. DC (bar) Pressure (bar)   Constr. rmsd
   -2.10403e+02   -4.40044e+01    2.02839e-06


DD  step 2664999 load imb.: force 34.0%  pme mesh/force 0.453
           Step           Time
        2665000     5330.00000

   Energies (kJ/mol)
           Bond          Angle    Proper Dih. Per. Imp. Dih.          LJ-14
    6.31818e+01    1.99755e+02    1.96531e+02    8.96285e+00    1.06926e+02
     Coulomb-14        LJ (SR)  Disper. corr.   Coulomb (SR)   Coul. recip.
    8.35317e+02    1.53308e+04   -6.40350e+02   -9.48463e+04    3.98277e+02
      Potential    Kinetic En.   Total Energy  Conserved En.    Temperature
   -7.83469e+04    1.23530e+04   -6.59939e+04   -8.35661e+04    2.89671e+02
 Pres. DC (bar) Pressure (bar)   Constr. rmsd
   -2.09165e+02    1.52151e+02    2.43361e-06


DD  step 2669999 load imb.: force 31.9%  pme mesh/force 0.434
           Step           Time
        2670000     5340.00000

   Energies (kJ/mol)
           Bond          Angle    Proper Dih. Per. Imp. Dih.          LJ-14
    5.93059e+01    1.90429e+02    2.00038e+02    1.05120e+01    1.10400e+02
     Coulomb-14        LJ (SR)  Disper. corr.   Coulomb (SR)   Coul. recip.
    8.09969e+02    1.55247e+04   -6.40085e+02   -9.49186e+04    3.80997e+02
      Potential    Kinetic En.   Total Energy  Conserved En.    Temperature
   -7.82724e+04    1.24452e+04   -6.58271e+04   -8.35974e+04    2.91834e+02
 Pres. DC (bar) Pressure (bar)   Constr. rmsd
   -2.08992e+02    5.65471e+02    1.70628e-06


DD  step 2674999 load imb.: force 38.0%  pme mesh/force 0.480
           Step           Time
        2675000     5350.00000

   Energies (kJ/mol)
           Bond          Angle    Proper Dih. Per. Imp. Dih.          LJ-14
    8.68656e+01    1.86323e+02    2.18695e+02    1.31245e+01    1.06942e+02
     Coulomb-14        LJ (SR)  Disper. corr.   Coulomb (SR)   Coul. recip.
    8.40216e+02    1.54797e+04   -6.41603e+02   -9.49731e+04    4.03068e+02
      Potential    Kinetic En.   Total Energy  Conserved En.    Temperature
   -7.82798e+04    1.27539e+04   -6.55259e+04   -8.36603e+04    2.99072e+02
 Pres. DC (bar) Pressure (bar)   Constr. rmsd
   -2.09984e+02    4.48601e+02    2.69881e-06


DD  step 2679999 load imb.: force 42.1%  pme mesh/force 0.407
           Step           Time
        2680000     5360.00000

   Energies (kJ/mol)
           Bond          Angle    Proper Dih. Per. Imp. Dih.          LJ-14
    7.80804e+01    1.78913e+02    2.12021e+02    8.34098e+00    1.01887e+02
     Coulomb-14        LJ (SR)  Disper. corr.   Coulomb (SR)   Coul. recip.
    8.26274e+02    1.51681e+04   -6.40521e+02   -9.47539e+04    4.30876e+02
      Potential    Kinetic En.   Total Energy  Conserved En.    Temperature
   -7.83900e+04    1.26367e+04   -6.57533e+04   -8.36872e+04    2.96324e+02
 Pres. DC (bar) Pressure (bar)   Constr. rmsd
   -2.09277e+02   -6.64104e+01    2.41854e-06


DD  step 2684999 load imb.: force 28.4%  pme mesh/force 0.475
           Step           Time
        2685000     5370.00000

   Energies (kJ/mol)
           Bond          Angle    Proper Dih. Per. Imp. Dih.          LJ-14
    8.93982e+01    1.81197e+02    2.17571e+02    7.34865e+00    1.07748e+02
     Coulomb-14        LJ (SR)  Disper. corr.   Coulomb (SR)   Coul. recip.
    8.15308e+02    1.52079e+04   -6.42469e+02   -9.48998e+04    4.15753e+02
      Potential    Kinetic En.   Total Energy  Conserved En.    Temperature
   -7.85000e+04    1.26080e+04   -6.58920e+04   -8.37055e+04    2.95652e+02
 Pres. DC (bar) Pressure (bar)   Constr. rmsd
   -2.10550e+02   -3.72105e+00    2.31797e-06


DD  step 2689999 load imb.: force 31.5%  pme mesh/force 0.469
           Step           Time
        2690000     5380.00000

   Energies (kJ/mol)
           Bond          Angle    Proper Dih. Per. Imp. Dih.          LJ-14
    5.77470e+01    2.05024e+02    1.92415e+02    3.86273e+00    1.11831e+02
     Coulomb-14        LJ (SR)  Disper. corr.   Coulomb (SR)   Coul. recip.
    8.29921e+02    1.49624e+04   -6.45616e+02   -9.41859e+04    4.06262e+02
      Potential    Kinetic En.   Total Energy  Conserved En.    Temperature
   -7.80621e+04    1.29138e+04   -6.51483e+04   -8.37448e+04    3.02823e+02
 Pres. DC (bar) Pressure (bar)   Constr. rmsd
   -2.12615e+02    2.41720e+02    2.85581e-06

Writing checkpoint, step 2692500 at Fri Jul 24 11:25:38 2026



DD  step 2694999 load imb.: force 30.2%  pme mesh/force 0.553
           Step           Time
        2695000     5390.00000

   Energies (kJ/mol)
           Bond          Angle    Proper Dih. Per. Imp. Dih.          LJ-14
    7.44534e+01    2.12097e+02    2.07266e+02    9.03337e+00    1.10507e+02
     Coulomb-14        LJ (SR)  Disper. corr.   Coulomb (SR)   Coul. recip.
    8.05913e+02    1.53412e+04   -6.41506e+02   -9.50088e+04    4.24195e+02
      Potential    Kinetic En.   Total Energy  Conserved En.    Temperature
   -7.84657e+04    1.31905e+04   -6.52752e+04   -8.37916e+04    3.09310e+02
 Pres. DC (bar) Pressure (bar)   Constr. rmsd
   -2.09920e+02    2.65063e+02    3.20433e-06


DD  step 2699999 load imb.: force 46.9%  pme mesh/force 0.826
           Step           Time
        2700000     5400.00000

   Energies (kJ/mol)
           Bond          Angle    Proper Dih. Per. Imp. Dih.          LJ-14
    5.09517e+01    1.85384e+02    2.45878e+02    1.32418e+01    9.59076e+01
     Coulomb-14        LJ (SR)  Disper. corr.   Coulomb (SR)   Coul. recip.
    8.05593e+02    1.55225e+04   -6.41262e+02   -9.51550e+04    4.31465e+02
      Potential    Kinetic En.   Total Energy  Conserved En.    Temperature
   -7.84453e+04    1.26480e+04   -6.57973e+04   -8.37959e+04    2.96588e+02
 Pres. DC (bar) Pressure (bar)   Constr. rmsd
   -2.09761e+02    2.95725e+02    2.36897e-06


DD  step 2704999 load imb.: force 27.0%  pme mesh/force 0.480
           Step           Time
        2705000     5410.00000

   Energies (kJ/mol)
           Bond          Angle    Proper Dih. Per. Imp. Dih.          LJ-14
    7.27979e+01    2.15783e+02    1.91910e+02    9.44031e+00    9.52358e+01
     Coulomb-14        LJ (SR)  Disper. corr.   Coulomb (SR)   Coul. recip.
    8.28818e+02    1.48794e+04   -6.41355e+02   -9.41505e+04    4.07131e+02
      Potential    Kinetic En.   Total Energy  Conserved En.    Temperature
   -7.80914e+04    1.30595e+04   -6.50319e+04   -8.38393e+04    3.06238e+02
 Pres. DC (bar) Pressure (bar)   Constr. rmsd
   -2.09822e+02   -2.75144e+02    2.95422e-06


DD  step 2709999 load imb.: force 27.2%  pme mesh/force 0.469
           Step           Time
        2710000     5420.00000

   Energies (kJ/mol)
           Bond          Angle    Proper Dih. Per. Imp. Dih.          LJ-14
    7.81385e+01    1.86406e+02    2.24110e+02    9.43620e+00    1.06417e+02
     Coulomb-14        LJ (SR)  Disper. corr.   Coulomb (SR)   Coul. recip.
    8.13092e+02    1.49946e+04   -6.38326e+02   -9.48909e+04    3.80729e+02
      Potential    Kinetic En.   Total Energy  Conserved En.    Temperature
   -7.87363e+04    1.30177e+04   -6.57186e+04   -8.38791e+04    3.05259e+02
 Pres. DC (bar) Pressure (bar)   Constr. rmsd
   -2.07847e+02   -3.37010e+02    2.62729e-06


DD  step 2714999 load imb.: force 40.3%  pme mesh/force 0.559
           Step           Time
        2715000     5430.00000

   Energies (kJ/mol)
           Bond          Angle    Proper Dih. Per. Imp. Dih.          LJ-14
    6.67066e+01    2.19492e+02    2.09870e+02    8.19159e+00    9.91730e+01
     Coulomb-14        LJ (SR)  Disper. corr.   Coulomb (SR)   Coul. recip.
    7.72608e+02    1.51742e+04   -6.43508e+02   -9.44815e+04    3.99363e+02
      Potential    Kinetic En.   Total Energy  Conserved En.    Temperature
   -7.81754e+04    1.26968e+04   -6.54787e+04   -8.39133e+04    2.97732e+02
 Pres. DC (bar) Pressure (bar)   Constr. rmsd
   -2.11231e+02    4.67098e+01    3.53651e-06


DD  step 2719999 load imb.: force 44.6%  pme mesh/force 0.456
           Step           Time
        2720000     5440.00000

   Energies (kJ/mol)
           Bond          Angle    Proper Dih. Per. Imp. Dih.          LJ-14
    6.90574e+01    1.73313e+02    2.00704e+02    1.06578e+01    1.08430e+02
     Coulomb-14        LJ (SR)  Disper. corr.   Coulomb (SR)   Coul. recip.
    8.13497e+02    1.49355e+04   -6.37072e+02   -9.44841e+04    4.23937e+02
      Potential    Kinetic En.   Total Energy  Conserved En.    Temperature
   -7.83861e+04    1.24955e+04   -6.58905e+04   -8.39232e+04    2.93014e+02
 Pres. DC (bar) Pressure (bar)   Constr. rmsd
   -2.07032e+02   -2.99966e+02    1.98137e-06


DD  step 2724999 load imb.: force 29.3%  pme mesh/force 0.440
           Step           Time
        2725000     5450.00000

   Energies (kJ/mol)
           Bond          Angle    Proper Dih. Per. Imp. Dih.          LJ-14
    7.02221e+01    2.09043e+02    1.92871e+02    5.16962e+00    8.79530e+01
     Coulomb-14        LJ (SR)  Disper. corr.   Coulomb (SR)   Coul. recip.
    8.08288e+02    1.52678e+04   -6.38295e+02   -9.47304e+04    3.80314e+02
      Potential    Kinetic En.   Total Energy  Conserved En.    Temperature
   -7.83471e+04    1.31779e+04   -6.51691e+04   -8.39794e+04    3.09016e+02
 Pres. DC (bar) Pressure (bar)   Constr. rmsd
   -2.07827e+02   -4.25301e+01    4.64643e-06


DD  step 2729999 load imb.: force 38.2%  pme mesh/force 0.435
           Step           Time
        2730000     5460.00000

   Energies (kJ/mol)
           Bond          Angle    Proper Dih. Per. Imp. Dih.          LJ-14
    5.43351e+01    2.04406e+02    2.08049e+02    3.57920e+00    1.12258e+02
     Coulomb-14        LJ (SR)  Disper. corr.   Coulomb (SR)   Coul. recip.
    8.26119e+02    1.51087e+04   -6.39513e+02   -9.41401e+04    4.27361e+02
      Potential    Kinetic En.   Total Energy  Conserved En.    Temperature
   -7.78348e+04    1.27869e+04   -6.50479e+04   -8.40074e+04    2.99846e+02
 Pres. DC (bar) Pressure (bar)   Constr. rmsd
   -2.08620e+02    3.67723e+02    2.83700e-06


DD  step 2734999 load imb.: force 29.9%  pme mesh/force 0.561
           Step           Time
        2735000     5470.00000

   Energies (kJ/mol)
           Bond          Angle    Proper Dih. Per. Imp. Dih.          LJ-14
    9.37772e+01    2.09034e+02    1.86114e+02    4.32314e+00    9.12986e+01
     Coulomb-14        LJ (SR)  Disper. corr.   Coulomb (SR)   Coul. recip.
    8.08396e+02    1.52588e+04   -6.38398e+02   -9.44598e+04    4.02494e+02
      Potential    Kinetic En.   Total Energy  Conserved En.    Temperature
   -7.80440e+04    1.29913e+04   -6.50527e+04   -8.40246e+04    3.04640e+02
 Pres. DC (bar) Pressure (bar)   Constr. rmsd
   -2.07894e+02    1.00880e+02    2.92739e-06


DD  step 2739999 load imb.: force 29.5%  pme mesh/force 0.548
           Step           Time
        2740000     5480.00000

   Energies (kJ/mol)
           Bond          Angle    Proper Dih. Per. Imp. Dih.          LJ-14
    6.64597e+01    1.77042e+02    1.92787e+02    5.55358e+00    9.35248e+01
     Coulomb-14        LJ (SR)  Disper. corr.   Coulomb (SR)   Coul. recip.
    8.19355e+02    1.49086e+04   -6.43755e+02   -9.41098e+04    3.96660e+02
      Potential    Kinetic En.   Total Energy  Conserved En.    Temperature
   -7.80936e+04    1.25728e+04   -6.55209e+04   -8.40621e+04    2.94825e+02
 Pres. DC (bar) Pressure (bar)   Constr. rmsd
   -2.11393e+02   -1.33246e+02    3.15032e-06


DD  step 2744999 load imb.: force 43.9%  pme mesh/force 0.728
           Step           Time
        2745000     5490.00000

   Energies (kJ/mol)
           Bond          Angle    Proper Dih. Per. Imp. Dih.          LJ-14
    6.85020e+01    1.93073e+02    2.08342e+02    3.35512e+00    9.82193e+01
     Coulomb-14        LJ (SR)  Disper. corr.   Coulomb (SR)   Coul. recip.
    8.32439e+02    1.52962e+04   -6.38318e+02   -9.47303e+04    4.25828e+02
      Potential    Kinetic En.   Total Energy  Conserved En.    Temperature
   -7.82427e+04    1.27461e+04   -6.54966e+04   -8.40911e+04    2.98888e+02
 Pres. DC (bar) Pressure (bar)   Constr. rmsd
   -2.07842e+02    9.23951e+01    2.27248e-06


DD  step 2749999 load imb.: force 27.5%  pme mesh/force 0.559
           Step           Time
        2750000     5500.00000

   Energies (kJ/mol)
           Bond          Angle    Proper Dih. Per. Imp. Dih.          LJ-14
    9.48284e+01    2.12858e+02    1.99664e+02    9.77830e+00    9.34980e+01
     Coulomb-14        LJ (SR)  Disper. corr.   Coulomb (SR)   Coul. recip.
    7.75892e+02    1.54916e+04   -6.36763e+02   -9.47271e+04    4.39582e+02
      Potential    Kinetic En.   Total Energy  Conserved En.    Temperature
   -7.80462e+04    1.26008e+04   -6.54454e+04   -8.40880e+04    2.95482e+02
 Pres. DC (bar) Pressure (bar)   Constr. rmsd
   -2.06831e+02    3.50175e+02    2.55411e-06


DD  step 2754999 load imb.: force 18.5%  pme mesh/force 1.936
           Step           Time
        2755000     5510.00000

   Energies (kJ/mol)
           Bond          Angle    Proper Dih. Per. Imp. Dih.          LJ-14
    8.18081e+01    1.85753e+02    2.27520e+02    1.28064e+01    8.22459e+01
     Coulomb-14        LJ (SR)  Disper. corr.   Coulomb (SR)   Coul. recip.
    8.17735e+02    1.57256e+04   -6.35278e+02   -9.54101e+04    3.77409e+02
      Potential    Kinetic En.   Total Energy  Conserved En.    Temperature
   -7.85345e+04    1.26283e+04   -6.59062e+04   -8.41160e+04    2.96128e+02
 Pres. DC (bar) Pressure (bar)   Constr. rmsd
   -2.05869e+02    2.02878e+02    2.13499e-06


DD  step 2759999 load imb.: force 28.8%  pme mesh/force 0.449
           Step           Time
        2760000     5520.00000

   Energies (kJ/mol)
           Bond          Angle    Proper Dih. Per. Imp. Dih.          LJ-14
    7.13463e+01    1.92409e+02    2.22475e+02    1.05245e+01    1.06753e+02
     Coulomb-14        LJ (SR)  Disper. corr.   Coulomb (SR)   Coul. recip.
    7.89326e+02    1.50866e+04   -6.40127e+02   -9.42066e+04    4.29403e+02
      Potential    Kinetic En.   Total Energy  Conserved En.    Temperature
   -7.79379e+04    1.26777e+04   -6.52602e+04   -8.41503e+04    2.97285e+02
 Pres. DC (bar) Pressure (bar)   Constr. rmsd
   -2.09020e+02    2.29254e+02    1.83607e-06


DD  step 2764999 load imb.: force 29.9%  pme mesh/force 0.496
           Step           Time
        2765000     5530.00000

   Energies (kJ/mol)
           Bond          Angle    Proper Dih. Per. Imp. Dih.          LJ-14
    7.87538e+01    1.74465e+02    2.19223e+02    9.43305e+00    1.07525e+02
     Coulomb-14        LJ (SR)  Disper. corr.   Coulomb (SR)   Coul. recip.
    8.04965e+02    1.52813e+04   -6.37978e+02   -9.46306e+04    3.96063e+02
      Potential    Kinetic En.   Total Energy  Conserved En.    Temperature
   -7.81969e+04    1.28080e+04   -6.53888e+04   -8.41781e+04    3.00341e+02
 Pres. DC (bar) Pressure (bar)   Constr. rmsd
   -2.07621e+02    1.91953e+02    1.93838e-06


DD  step 2769999 load imb.: force 32.6%  pme mesh/force 0.464
           Step           Time
        2770000     5540.00000

   Energies (kJ/mol)
           Bond          Angle    Proper Dih. Per. Imp. Dih.          LJ-14
    5.35789e+01    1.91547e+02    2.06669e+02    4.62885e+00    1.09342e+02
     Coulomb-14        LJ (SR)  Disper. corr.   Coulomb (SR)   Coul. recip.
    8.32178e+02    1.50026e+04   -6.37063e+02   -9.43216e+04    4.74714e+02
      Potential    Kinetic En.   Total Energy  Conserved En.    Temperature
   -7.80833e+04    1.29873e+04   -6.50960e+04   -8.42041e+04    3.04546e+02
 Pres. DC (bar) Pressure (bar)   Constr. rmsd
   -2.07026e+02    8.23412e+01    3.00741e-06


DD  step 2774999 load imb.: force 30.9%  pme mesh/force 0.749
           Step           Time
        2775000     5550.00000

   Energies (kJ/mol)
           Bond          Angle    Proper Dih. Per. Imp. Dih.          LJ-14
    8.39797e+01    2.23004e+02    2.03305e+02    1.24936e+01    9.52830e+01
     Coulomb-14        LJ (SR)  Disper. corr.   Coulomb (SR)   Coul. recip.
    7.80759e+02    1.57397e+04   -6.43580e+02   -9.50071e+04    4.03414e+02
      Potential    Kinetic En.   Total Energy  Conserved En.    Temperature
   -7.81088e+04    1.30031e+04   -6.51056e+04   -8.42264e+04    3.04917e+02
 Pres. DC (bar) Pressure (bar)   Constr. rmsd
   -2.11278e+02    8.96261e+02    2.79325e-06


DD  step 2779999 load imb.: force 26.6%  pme mesh/force 0.564
           Step           Time
        2780000     5560.00000

   Energies (kJ/mol)
           Bond          Angle    Proper Dih. Per. Imp. Dih.          LJ-14
    8.84762e+01    1.75714e+02    2.08641e+02    7.07946e+00    1.01925e+02
     Coulomb-14        LJ (SR)  Disper. corr.   Coulomb (SR)   Coul. recip.
    7.85515e+02    1.53191e+04   -6.36510e+02   -9.49934e+04    3.98304e+02
      Potential    Kinetic En.   Total Energy  Conserved En.    Temperature
   -7.85452e+04    1.26374e+04   -6.59078e+04   -8.42733e+04    2.96340e+02
 Pres. DC (bar) Pressure (bar)   Constr. rmsd
   -2.06667e+02   -2.20844e+02    1.81158e-06


DD  step 2784999 load imb.: force 35.4%  pme mesh/force 0.515
           Step           Time
        2785000     5570.00000

   Energies (kJ/mol)
           Bond          Angle    Proper Dih. Per. Imp. Dih.          LJ-14
    7.84085e+01    2.15833e+02    1.94926e+02    6.58173e+00    9.11553e+01
     Coulomb-14        LJ (SR)  Disper. corr.   Coulomb (SR)   Coul. recip.
    8.06565e+02    1.55916e+04   -6.39549e+02   -9.52346e+04    4.09500e+02
      Potential    Kinetic En.   Total Energy  Conserved En.    Temperature
   -7.84796e+04    1.29897e+04   -6.54899e+04   -8.43161e+04    3.04601e+02
 Pres. DC (bar) Pressure (bar)   Constr. rmsd
   -2.08643e+02    1.82465e+02    2.19592e-06


DD  step 2789999 load imb.: force 20.4%  pme mesh/force 1.672
           Step           Time
        2790000     5580.00000

   Energies (kJ/mol)
           Bond          Angle    Proper Dih. Per. Imp. Dih.          LJ-14
    7.53133e+01    1.54809e+02    2.17843e+02    7.39072e+00    1.03856e+02
     Coulomb-14        LJ (SR)  Disper. corr.   Coulomb (SR)   Coul. recip.
    8.58653e+02    1.54567e+04   -6.46504e+02   -9.50144e+04    4.23990e+02
      Potential    Kinetic En.   Total Energy  Conserved En.    Temperature
   -7.83623e+04    1.29644e+04   -6.53979e+04   -8.43278e+04    3.04009e+02
 Pres. DC (bar) Pressure (bar)   Constr. rmsd
   -2.13200e+02    3.61587e+02    3.30179e-06


DD  step 2794999 load imb.: force 39.1%  pme mesh/force 0.565
           Step           Time
        2795000     5590.00000

   Energies (kJ/mol)
           Bond          Angle    Proper Dih. Per. Imp. Dih.          LJ-14
    8.28719e+01    1.84125e+02    2.30415e+02    5.18896e+00    9.97018e+01
     Coulomb-14        LJ (SR)  Disper. corr.   Coulomb (SR)   Coul. recip.
    8.42671e+02    1.45916e+04   -6.34644e+02   -9.40075e+04    4.26767e+02
      Potential    Kinetic En.   Total Energy  Conserved En.    Temperature
   -7.81788e+04    1.27035e+04   -6.54753e+04   -8.43786e+04    2.97890e+02
 Pres. DC (bar) Pressure (bar)   Constr. rmsd
   -2.05459e+02   -6.53610e+02    1.89076e-06


DD  step 2799999 load imb.: force 29.9%  pme mesh/force 0.507
           Step           Time
        2800000     5600.00000

   Energies (kJ/mol)
           Bond          Angle    Proper Dih. Per. Imp. Dih.          LJ-14
    6.73220e+01    2.01843e+02    2.18730e+02    4.32642e+00    1.02533e+02
     Coulomb-14        LJ (SR)  Disper. corr.   Coulomb (SR)   Coul. recip.
    8.44709e+02    1.50024e+04   -6.45414e+02   -9.42395e+04    4.09998e+02
      Potential    Kinetic En.   Total Energy  Conserved En.    Temperature
   -7.80331e+04    1.27435e+04   -6.52896e+04   -8.43967e+04    2.98828e+02
 Pres. DC (bar) Pressure (bar)   Constr. rmsd
   -2.12483e+02    1.97606e+01    3.68758e-06


DD  step 2804999 load imb.: force 31.0%  pme mesh/force 0.462
           Step           Time
        2805000     5610.00000

   Energies (kJ/mol)
           Bond          Angle    Proper Dih. Per. Imp. Dih.          LJ-14
    6.22938e+01    1.79133e+02    2.14969e+02    1.22449e+01    1.01206e+02
     Coulomb-14        LJ (SR)  Disper. corr.   Coulomb (SR)   Coul. recip.
    8.40470e+02    1.54760e+04   -6.42097e+02   -9.54483e+04    4.19374e+02
      Potential    Kinetic En.   Total Energy  Conserved En.    Temperature
   -7.87847e+04    1.25166e+04   -6.62681e+04   -8.44275e+04    2.93507e+02
 Pres. DC (bar) Pressure (bar)   Constr. rmsd
   -2.10307e+02    1.76330e+02    3.92944e-06


DD  step 2809999 load imb.: force 30.7%  pme mesh/force 0.458
           Step           Time
        2810000     5620.00000

   Energies (kJ/mol)
           Bond          Angle    Proper Dih. Per. Imp. Dih.          LJ-14
    8.12981e+01    2.64856e+02    2.23448e+02    6.24926e+00    8.42212e+01
     Coulomb-14        LJ (SR)  Disper. corr.   Coulomb (SR)   Coul. recip.
    7.96980e+02    1.47779e+04   -6.42993e+02   -9.42050e+04    4.15564e+02
      Potential    Kinetic En.   Total Energy  Conserved En.    Temperature
   -7.81976e+04    1.27756e+04   -6.54220e+04   -8.44754e+04    2.99580e+02
 Pres. DC (bar) Pressure (bar)   Constr. rmsd
   -2.10893e+02   -3.95179e+02    3.59906e-06


DD  step 2814999 load imb.: force 34.6%  pme mesh/force 0.534
           Step           Time
        2815000     5630.00000

   Energies (kJ/mol)
           Bond          Angle    Proper Dih. Per. Imp. Dih.          LJ-14
    7.62912e+01    1.70495e+02    2.19348e+02    7.92903e+00    9.40288e+01
     Coulomb-14        LJ (SR)  Disper. corr.   Coulomb (SR)   Coul. recip.
    8.48477e+02    1.56026e+04   -6.38679e+02   -9.52021e+04    4.35307e+02
      Potential    Kinetic En.   Total Energy  Conserved En.    Temperature
   -7.83864e+04    1.26483e+04   -6.57381e+04   -8.44866e+04    2.96596e+02
 Pres. DC (bar) Pressure (bar)   Constr. rmsd
   -2.08076e+02    3.43625e+02    1.60227e-06


DD  step 2819999 load imb.: force 39.0%  pme mesh/force 0.433
           Step           Time
        2820000     5640.00000

   Energies (kJ/mol)
           Bond          Angle    Proper Dih. Per. Imp. Dih.          LJ-14
    6.93059e+01    1.61554e+02    2.43227e+02    1.12014e+01    1.03760e+02
     Coulomb-14        LJ (SR)  Disper. corr.   Coulomb (SR)   Coul. recip.
    8.75011e+02    1.53937e+04   -6.36436e+02   -9.51664e+04    3.96748e+02
      Potential    Kinetic En.   Total Energy  Conserved En.    Temperature
   -7.85483e+04    1.27597e+04   -6.57887e+04   -8.45514e+04    2.99207e+02
 Pres. DC (bar) Pressure (bar)   Constr. rmsd
   -2.06619e+02    1.42865e+02    3.77437e-06


DD  step 2824999 load imb.: force 139.0%  pme mesh/force 0.404
           Step           Time
        2825000     5650.00000

   Energies (kJ/mol)
           Bond          Angle    Proper Dih. Per. Imp. Dih.          LJ-14
    7.31873e+01    2.20661e+02    2.25162e+02    9.32370e+00    9.44785e+01
     Coulomb-14        LJ (SR)  Disper. corr.   Coulomb (SR)   Coul. recip.
    8.07751e+02    1.50194e+04   -6.36503e+02   -9.48009e+04    4.04740e+02
      Potential    Kinetic En.   Total Energy  Conserved En.    Temperature
   -7.85827e+04    1.27783e+04   -6.58045e+04   -8.45436e+04    2.99643e+02
 Pres. DC (bar) Pressure (bar)   Constr. rmsd
   -2.06663e+02   -2.68195e+02    1.99151e-06


DD  step 2829999 load imb.: force 39.2%  pme mesh/force 0.538
           Step           Time
        2830000     5660.00000

   Energies (kJ/mol)
           Bond          Angle    Proper Dih. Per. Imp. Dih.          LJ-14
    8.19349e+01    2.20989e+02    2.19016e+02    1.04840e+01    9.08051e+01
     Coulomb-14        LJ (SR)  Disper. corr.   Coulomb (SR)   Coul. recip.
    7.76020e+02    1.52804e+04   -6.37166e+02   -9.49124e+04    4.35042e+02
      Potential    Kinetic En.   Total Energy  Conserved En.    Temperature
   -7.84349e+04    1.27997e+04   -6.56352e+04   -8.45844e+04    3.00146e+02
 Pres. DC (bar) Pressure (bar)   Constr. rmsd
   -2.07093e+02   -1.84518e+02    2.62644e-06


DD  step 2834999 load imb.: force 21.5%  pme mesh/force 0.809
           Step           Time
        2835000     5670.00000

   Energies (kJ/mol)
           Bond          Angle    Proper Dih. Per. Imp. Dih.          LJ-14
    5.92595e+01    2.11063e+02    2.22748e+02    8.83619e+00    1.06062e+02
     Coulomb-14        LJ (SR)  Disper. corr.   Coulomb (SR)   Coul. recip.
    8.60112e+02    1.48228e+04   -6.39504e+02   -9.46169e+04    3.83254e+02
      Potential    Kinetic En.   Total Energy  Conserved En.    Temperature
   -7.85823e+04    1.31767e+04   -6.54056e+04   -8.46219e+04    3.08986e+02
 Pres. DC (bar) Pressure (bar)   Constr. rmsd
   -2.08614e+02   -4.16947e+02    1.55015e-06


DD  step 2839999 load imb.: force 34.0%  pme mesh/force 0.467
           Step           Time
        2840000     5680.00000

   Energies (kJ/mol)
           Bond          Angle    Proper Dih. Per. Imp. Dih.          LJ-14
    1.02834e+02    2.20806e+02    2.15124e+02    1.04735e+01    8.66493e+01
     Coulomb-14        LJ (SR)  Disper. corr.   Coulomb (SR)   Coul. recip.
    8.17488e+02    1.53893e+04   -6.38049e+02   -9.49516e+04    4.05694e+02
      Potential    Kinetic En.   Total Energy  Conserved En.    Temperature
   -7.83412e+04    1.29629e+04   -6.53783e+04   -8.46461e+04    3.03973e+02
 Pres. DC (bar) Pressure (bar)   Constr. rmsd
   -2.07667e+02    1.18082e+02    1.99343e-06


DD  step 2844999 load imb.: force 35.2%  pme mesh/force 0.410
           Step           Time
        2845000     5690.00000

   Energies (kJ/mol)
           Bond          Angle    Proper Dih. Per. Imp. Dih.          LJ-14
    8.34079e+01    2.23118e+02    2.22385e+02    1.03845e+01    1.01269e+02
     Coulomb-14        LJ (SR)  Disper. corr.   Coulomb (SR)   Coul. recip.
    8.07232e+02    1.49091e+04   -6.40570e+02   -9.43693e+04    3.95543e+02
      Potential    Kinetic En.   Total Energy  Conserved En.    Temperature
   -7.82575e+04    1.29626e+04   -6.52948e+04   -8.46852e+04    3.03967e+02
 Pres. DC (bar) Pressure (bar)   Constr. rmsd
   -2.09309e+02   -2.21780e+02    2.88556e-06


DD  step 2849999 load imb.: force 36.3%  pme mesh/force 0.471
           Step           Time
        2850000     5700.00000

   Energies (kJ/mol)
           Bond          Angle    Proper Dih. Per. Imp. Dih.          LJ-14
    5.53607e+01    1.76969e+02    2.27440e+02    1.30250e+01    1.21867e+02
     Coulomb-14        LJ (SR)  Disper. corr.   Coulomb (SR)   Coul. recip.
    8.26385e+02    1.52366e+04   -6.37098e+02   -9.49465e+04    4.22687e+02
      Potential    Kinetic En.   Total Energy  Conserved En.    Temperature
   -7.85033e+04    1.25833e+04   -6.59200e+04   -8.47255e+04    2.95071e+02
 Pres. DC (bar) Pressure (bar)   Constr. rmsd
   -2.07049e+02   -3.22852e+01    3.11630e-06


DD  step 2854999 load imb.: force 32.4%  pme mesh/force 0.474
           Step           Time
        2855000     5710.00000

   Energies (kJ/mol)
           Bond          Angle    Proper Dih. Per. Imp. Dih.          LJ-14
    6.79051e+01    2.24126e+02    2.11742e+02    7.85505e+00    9.26441e+01
     Coulomb-14        LJ (SR)  Disper. corr.   Coulomb (SR)   Coul. recip.
    8.45479e+02    1.53369e+04   -6.40633e+02   -9.48501e+04    4.18644e+02
      Potential    Kinetic En.   Total Energy  Conserved En.    Temperature
   -7.82853e+04    1.27011e+04   -6.55842e+04   -8.47467e+04    2.97835e+02
 Pres. DC (bar) Pressure (bar)   Constr. rmsd
   -2.09350e+02    1.51071e+02    3.22791e-06


DD  step 2859999 load imb.: force 31.0%  pme mesh/force 0.405
           Step           Time
        2860000     5720.00000

   Energies (kJ/mol)
           Bond          Angle    Proper Dih. Per. Imp. Dih.          LJ-14
    5.82122e+01    1.97842e+02    2.13747e+02    8.22147e+00    9.33389e+01
     Coulomb-14        LJ (SR)  Disper. corr.   Coulomb (SR)   Coul. recip.
    8.12598e+02    1.56698e+04   -6.40264e+02   -9.54258e+04    4.16187e+02
      Potential    Kinetic En.   Total Energy  Conserved En.    Temperature
   -7.85961e+04    1.29808e+04   -6.56153e+04   -8.48034e+04    3.04394e+02
 Pres. DC (bar) Pressure (bar)   Constr. rmsd
   -2.09109e+02    3.19863e+02    2.51868e-06


DD  step 2864999 load imb.: force 28.8%  pme mesh/force 0.476
           Step           Time
        2865000     5730.00000

   Energies (kJ/mol)
           Bond          Angle    Proper Dih. Per. Imp. Dih.          LJ-14
    9.30950e+01    1.76672e+02    2.27271e+02    1.45401e+01    9.42463e+01
     Coulomb-14        LJ (SR)  Disper. corr.   Coulomb (SR)   Coul. recip.
    8.10218e+02    1.50310e+04   -6.37323e+02   -9.42259e+04    3.96094e+02
      Potential    Kinetic En.   Total Energy  Conserved En.    Temperature
   -7.80201e+04    1.28182e+04   -6.52019e+04   -8.47998e+04    3.00580e+02
 Pres. DC (bar) Pressure (bar)   Constr. rmsd
   -2.07195e+02    1.24268e+01    2.65908e-06


DD  step 2869999 load imb.: force 33.5%  pme mesh/force 0.460
           Step           Time
        2870000     5740.00000

   Energies (kJ/mol)
           Bond          Angle    Proper Dih. Per. Imp. Dih.          LJ-14
    6.78550e+01    1.86076e+02    2.12569e+02    1.46521e+01    1.02916e+02
     Coulomb-14        LJ (SR)  Disper. corr.   Coulomb (SR)   Coul. recip.
    8.53819e+02    1.51688e+04   -6.36704e+02   -9.44733e+04    4.02283e+02
      Potential    Kinetic En.   Total Energy  Conserved En.    Temperature
   -7.81010e+04    1.27351e+04   -6.53659e+04   -8.48443e+04    2.98632e+02
 Pres. DC (bar) Pressure (bar)   Constr. rmsd
   -2.06793e+02    7.14500e+01    2.33129e-06


DD  step 2874999 load imb.: force 33.4%  pme mesh/force 0.453
           Step           Time
        2875000     5750.00000

   Energies (kJ/mol)
           Bond          Angle    Proper Dih. Per. Imp. Dih.          LJ-14
    5.39739e+01    1.84154e+02    2.22652e+02    8.23520e+00    1.02539e+02
     Coulomb-14        LJ (SR)  Disper. corr.   Coulomb (SR)   Coul. recip.
    8.54470e+02    1.54637e+04   -6.36967e+02   -9.50260e+04    4.43955e+02
      Potential    Kinetic En.   Total Energy  Conserved En.    Temperature
   -7.83293e+04    1.28257e+04   -6.55036e+04   -8.48675e+04    3.00756e+02
 Pres. DC (bar) Pressure (bar)   Constr. rmsd
   -2.06964e+02    1.59984e+02    2.68447e-06


DD  step 2879999 load imb.: force 36.6%  pme mesh/force 0.379
           Step           Time
        2880000     5760.00000

   Energies (kJ/mol)
           Bond          Angle    Proper Dih. Per. Imp. Dih.          LJ-14
    6.05535e+01    1.81363e+02    2.11083e+02    1.64763e+01    1.00651e+02
     Coulomb-14        LJ (SR)  Disper. corr.   Coulomb (SR)   Coul. recip.
    8.29827e+02    1.49146e+04   -6.37591e+02   -9.46156e+04    4.08984e+02
      Potential    Kinetic En.   Total Energy  Conserved En.    Temperature
   -7.85297e+04    1.25766e+04   -6.59532e+04   -8.49185e+04    2.94914e+02
 Pres. DC (bar) Pressure (bar)   Constr. rmsd
   -2.07369e+02   -3.61407e+02    2.91476e-06


DD  step 2884999 load imb.: force 35.5%  pme mesh/force 0.444
           Step           Time
        2885000     5770.00000

   Energies (kJ/mol)
           Bond          Angle    Proper Dih. Per. Imp. Dih.          LJ-14
    4.04103e+01    2.06891e+02    2.02143e+02    8.55631e+00    1.00851e+02
     Coulomb-14        LJ (SR)  Disper. corr.   Coulomb (SR)   Coul. recip.
    8.28272e+02    1.48194e+04   -6.36799e+02   -9.43336e+04    4.07530e+02
      Potential    Kinetic En.   Total Energy  Conserved En.    Temperature
   -7.83564e+04    1.29028e+04   -6.54536e+04   -8.49283e+04    3.02563e+02
 Pres. DC (bar) Pressure (bar)   Constr. rmsd
   -2.06855e+02   -3.29436e+02    2.14022e-06


DD  step 2889999 load imb.: force 38.2%  pme mesh/force 0.396
           Step           Time
        2890000     5780.00000

   Energies (kJ/mol)
           Bond          Angle    Proper Dih. Per. Imp. Dih.          LJ-14
    1.08718e+02    1.76708e+02    2.14785e+02    1.85087e+01    9.72808e+01
     Coulomb-14        LJ (SR)  Disper. corr.   Coulomb (SR)   Coul. recip.
    8.60580e+02    1.45461e+04   -6.37627e+02   -9.40150e+04    4.08474e+02
      Potential    Kinetic En.   Total Energy  Conserved En.    Temperature
   -7.82215e+04    1.30418e+04   -6.51797e+04   -8.49681e+04    3.05824e+02
 Pres. DC (bar) Pressure (bar)   Constr. rmsd
   -2.07392e+02   -6.69276e+02    2.99752e-06


DD  step 2894999 load imb.: force 36.6%  pme mesh/force 0.359
           Step           Time
        2895000     5790.00000

   Energies (kJ/mol)
           Bond          Angle    Proper Dih. Per. Imp. Dih.          LJ-14
    9.79448e+01    1.81179e+02    2.22928e+02    9.32971e+00    1.05732e+02
     Coulomb-14        LJ (SR)  Disper. corr.   Coulomb (SR)   Coul. recip.
    8.57870e+02    1.52513e+04   -6.33171e+02   -9.44494e+04    4.29219e+02
      Potential    Kinetic En.   Total Energy  Conserved En.    Temperature
   -7.79271e+04    1.27490e+04   -6.51781e+04   -8.49645e+04    2.98957e+02
 Pres. DC (bar) Pressure (bar)   Constr. rmsd
   -2.04507e+02    3.23887e+01    2.57645e-06


DD  step 2899999 load imb.: force 27.7%  pme mesh/force 0.467
           Step           Time
        2900000     5800.00000

   Energies (kJ/mol)
           Bond          Angle    Proper Dih. Per. Imp. Dih.          LJ-14
    7.45796e+01    1.82694e+02    2.12437e+02    6.76851e+00    1.04231e+02
     Coulomb-14        LJ (SR)  Disper. corr.   Coulomb (SR)   Coul. recip.
    8.16192e+02    1.45125e+04   -6.43114e+02   -9.40081e+04    4.09132e+02
      Potential    Kinetic En.   Total Energy  Conserved En.    Temperature
   -7.83326e+04    1.30034e+04   -6.53293e+04   -8.50231e+04    3.04922e+02
 Pres. DC (bar) Pressure (bar)   Constr. rmsd
   -2.10973e+02   -6.50820e+02    5.14555e-06


DD  step 2904999 load imb.: force 28.9%  pme mesh/force 0.479
           Step           Time
        2905000     5810.00000

   Energies (kJ/mol)
           Bond          Angle    Proper Dih. Per. Imp. Dih.          LJ-14
    8.27514e+01    1.68015e+02    2.11742e+02    1.05528e+01    9.86132e+01
     Coulomb-14        LJ (SR)  Disper. corr.   Coulomb (SR)   Coul. recip.
    8.13195e+02    1.50208e+04   -6.43001e+02   -9.42582e+04    4.05290e+02
      Potential    Kinetic En.   Total Energy  Conserved En.    Temperature
   -7.80903e+04    1.29441e+04   -6.51462e+04   -8.50575e+04    3.03532e+02
 Pres. DC (bar) Pressure (bar)   Constr. rmsd
   -2.10899e+02   -5.74376e+01    3.47307e-06


DD  step 2909999 load imb.: force 29.8%  pme mesh/force 0.468
           Step           Time
        2910000     5820.00000

   Energies (kJ/mol)
           Bond          Angle    Proper Dih. Per. Imp. Dih.          LJ-14
    7.39585e+01    1.59063e+02    2.24628e+02    9.02245e+00    9.08593e+01
     Coulomb-14        LJ (SR)  Disper. corr.   Coulomb (SR)   Coul. recip.
    8.09194e+02    1.45972e+04   -6.38159e+02   -9.38940e+04    4.19901e+02
      Potential    Kinetic En.   Total Energy  Conserved En.    Temperature
   -7.81484e+04    1.25795e+04   -6.55688e+04   -8.50957e+04    2.94983e+02
 Pres. DC (bar) Pressure (bar)   Constr. rmsd
   -2.07738e+02   -5.88146e+02    2.43970e-06


DD  step 2914999 load imb.: force 30.7%  pme mesh/force 0.461
           Step           Time
        2915000     5830.00000

   Energies (kJ/mol)
           Bond          Angle    Proper Dih. Per. Imp. Dih.          LJ-14
    7.93124e+01    1.52917e+02    2.12788e+02    1.40267e+01    9.70337e+01
     Coulomb-14        LJ (SR)  Disper. corr.   Coulomb (SR)   Coul. recip.
    8.32244e+02    1.53676e+04   -6.35374e+02   -9.49949e+04    4.21833e+02
      Potential    Kinetic En.   Total Energy  Conserved En.    Temperature
   -7.84525e+04    1.26653e+04   -6.57872e+04   -8.51425e+04    2.96995e+02
 Pres. DC (bar) Pressure (bar)   Constr. rmsd
   -2.05931e+02   -1.26242e+02    2.79111e-06


DD  step 2919999 load imb.: force 23.4%  pme mesh/force 0.447
           Step           Time
        2920000     5840.00000

   Energies (kJ/mol)
           Bond          Angle    Proper Dih. Per. Imp. Dih.          LJ-14
    8.53059e+01    1.66860e+02    2.13841e+02    1.11011e+01    9.53605e+01
     Coulomb-14        LJ (SR)  Disper. corr.   Coulomb (SR)   Coul. recip.
    8.06337e+02    1.55737e+04   -6.46241e+02   -9.53666e+04    3.95946e+02
      Potential    Kinetic En.   Total Energy  Conserved En.    Temperature
   -7.86644e+04    1.26385e+04   -6.60259e+04   -8.51304e+04    2.96367e+02
 Pres. DC (bar) Pressure (bar)   Constr. rmsd
   -2.13027e+02    6.19789e+02    2.24321e-06


DD  step 2924999 load imb.: force 29.9%  pme mesh/force 0.470
           Step           Time
        2925000     5850.00000

   Energies (kJ/mol)
           Bond          Angle    Proper Dih. Per. Imp. Dih.          LJ-14
    7.08373e+01    1.62680e+02    2.13322e+02    9.79663e+00    9.09357e+01
     Coulomb-14        LJ (SR)  Disper. corr.   Coulomb (SR)   Coul. recip.
    8.58681e+02    1.52561e+04   -6.36563e+02   -9.52103e+04    3.88185e+02
      Potential    Kinetic En.   Total Energy  Conserved En.    Temperature
   -7.87963e+04    1.25282e+04   -6.62682e+04   -8.51839e+04    2.93779e+02
 Pres. DC (bar) Pressure (bar)   Constr. rmsd
   -2.06702e+02   -2.52520e+02    1.40336e-06


DD  step 2929999 load imb.: force 32.7%  pme mesh/force 0.447
           Step           Time
        2930000     5860.00000

   Energies (kJ/mol)
           Bond          Angle    Proper Dih. Per. Imp. Dih.          LJ-14
    6.02677e+01    1.79367e+02    2.20708e+02    1.34487e+01    1.03425e+02
     Coulomb-14        LJ (SR)  Disper. corr.   Coulomb (SR)   Coul. recip.
    8.52737e+02    1.49431e+04   -6.40517e+02   -9.47809e+04    4.19477e+02
      Potential    Kinetic En.   Total Energy  Conserved En.    Temperature
   -7.86290e+04    1.28055e+04   -6.58234e+04   -8.52362e+04    3.00283e+02
 Pres. DC (bar) Pressure (bar)   Constr. rmsd
   -2.09274e+02   -4.10969e+02    2.51693e-06


DD  step 2934999 load imb.: force 33.4%  pme mesh/force 0.508
           Step           Time
        2935000     5870.00000

   Energies (kJ/mol)
           Bond          Angle    Proper Dih. Per. Imp. Dih.          LJ-14
    5.45721e+01    1.82786e+02    2.14060e+02    7.09954e+00    8.31790e+01
     Coulomb-14        LJ (SR)  Disper. corr.   Coulomb (SR)   Coul. recip.
    8.52793e+02    1.56788e+04   -6.33838e+02   -9.53050e+04    4.16284e+02
      Potential    Kinetic En.   Total Energy  Conserved En.    Temperature
   -7.84492e+04    1.24841e+04   -6.59651e+04   -8.52518e+04    2.92745e+02
 Pres. DC (bar) Pressure (bar)   Constr. rmsd
   -2.04938e+02    2.26049e+02    1.90663e-06


DD  step 2939999 load imb.: force 30.0%  pme mesh/force 0.443
           Step           Time
        2940000     5880.00000

   Energies (kJ/mol)
           Bond          Angle    Proper Dih. Per. Imp. Dih.          LJ-14
    5.92053e+01    1.73827e+02    2.06696e+02    4.31804e+00    8.31816e+01
     Coulomb-14        LJ (SR)  Disper. corr.   Coulomb (SR)   Coul. recip.
    8.23966e+02    1.53304e+04   -6.45939e+02   -9.49831e+04    4.31647e+02
      Potential    Kinetic En.   Total Energy  Conserved En.    Temperature
   -7.85158e+04    1.26049e+04   -6.59110e+04   -8.52997e+04    2.95577e+02
 Pres. DC (bar) Pressure (bar)   Constr. rmsd
   -2.12828e+02    2.28367e+02    2.01077e-06


DD  step 2944999 load imb.: force 35.6%  pme mesh/force 0.441
           Step           Time
        2945000     5890.00000

   Energies (kJ/mol)
           Bond          Angle    Proper Dih. Per. Imp. Dih.          LJ-14
    6.17819e+01    1.89077e+02    2.29042e+02    4.29472e+00    1.05052e+02
     Coulomb-14        LJ (SR)  Disper. corr.   Coulomb (SR)   Coul. recip.
    8.11077e+02    1.45940e+04   -6.38775e+02   -9.38911e+04    4.25901e+02
      Potential    Kinetic En.   Total Energy  Conserved En.    Temperature
   -7.81096e+04    1.29008e+04   -6.52088e+04   -8.53234e+04    3.02516e+02
 Pres. DC (bar) Pressure (bar)   Constr. rmsd
   -2.08139e+02   -3.87364e+02    3.46868e-06


DD  step 2949999 load imb.: force 30.6%  pme mesh/force 0.450
           Step           Time
        2950000     5900.00000

   Energies (kJ/mol)
           Bond          Angle    Proper Dih. Per. Imp. Dih.          LJ-14
    6.16696e+01    2.01506e+02    1.99348e+02    6.15548e+00    9.52766e+01
     Coulomb-14        LJ (SR)  Disper. corr.   Coulomb (SR)   Coul. recip.
    7.93573e+02    1.57382e+04   -6.44132e+02   -9.52350e+04    4.10817e+02
      Potential    Kinetic En.   Total Energy  Conserved En.    Temperature
   -7.83726e+04    1.25241e+04   -6.58485e+04   -8.53881e+04    2.93684e+02
 Pres. DC (bar) Pressure (bar)   Constr. rmsd
   -2.11640e+02    5.14490e+02    3.23876e-06


DD  step 2954999 load imb.: force 53.1%  pme mesh/force 0.439
           Step           Time
        2955000     5910.00000

   Energies (kJ/mol)
           Bond          Angle    Proper Dih. Per. Imp. Dih.          LJ-14
    9.82448e+01    2.23784e+02    2.09490e+02    6.03304e+00    8.39278e+01
     Coulomb-14        LJ (SR)  Disper. corr.   Coulomb (SR)   Coul. recip.
    8.01124e+02    1.50254e+04   -6.36736e+02   -9.47699e+04    3.97768e+02
      Potential    Kinetic En.   Total Energy  Conserved En.    Temperature
   -7.85609e+04    1.31129e+04   -6.54480e+04   -8.54031e+04    3.07490e+02
 Pres. DC (bar) Pressure (bar)   Constr. rmsd
   -2.06814e+02   -5.21588e+02    2.33690e-06


DD  step 2959999 load imb.: force 41.1%  pme mesh/force 0.411
           Step           Time
        2960000     5920.00000

   Energies (kJ/mol)
           Bond          Angle    Proper Dih. Per. Imp. Dih.          LJ-14
    7.04017e+01    1.92783e+02    2.10640e+02    7.22300e+00    9.82584e+01
     Coulomb-14        LJ (SR)  Disper. corr.   Coulomb (SR)   Coul. recip.
    8.22143e+02    1.48130e+04   -6.39349e+02   -9.45756e+04    3.92113e+02
      Potential    Kinetic En.   Total Energy  Conserved En.    Temperature
   -7.86084e+04    1.28253e+04   -6.57831e+04   -8.54199e+04    3.00746e+02
 Pres. DC (bar) Pressure (bar)   Constr. rmsd
   -2.08513e+02   -4.03177e+02    1.57707e-06


DD  step 2964999 load imb.: force 37.9%  pme mesh/force 0.397
           Step           Time
        2965000     5930.00000

   Energies (kJ/mol)
           Bond          Angle    Proper Dih. Per. Imp. Dih.          LJ-14
    7.32389e+01    2.03533e+02    2.16697e+02    1.21212e+01    9.39044e+01
     Coulomb-14        LJ (SR)  Disper. corr.   Coulomb (SR)   Coul. recip.
    8.18171e+02    1.49371e+04   -6.41657e+02   -9.41779e+04    4.37103e+02
      Potential    Kinetic En.   Total Energy  Conserved En.    Temperature
   -7.80277e+04    1.28080e+04   -6.52197e+04   -8.54527e+04    3.00341e+02
 Pres. DC (bar) Pressure (bar)   Constr. rmsd
   -2.10019e+02    3.24773e+01    1.87712e-06


DD  step 2969999 load imb.: force 32.1%  pme mesh/force 0.449
           Step           Time
        2970000     5940.00000

   Energies (kJ/mol)
           Bond          Angle    Proper Dih. Per. Imp. Dih.          LJ-14
    4.84284e+01    2.05352e+02    2.06157e+02    1.05969e+01    1.20875e+02
     Coulomb-14        LJ (SR)  Disper. corr.   Coulomb (SR)   Coul. recip.
    8.42932e+02    1.49088e+04   -6.44265e+02   -9.43201e+04    4.22656e+02
      Potential    Kinetic En.   Total Energy  Conserved En.    Temperature
   -7.81986e+04    1.28330e+04   -6.53656e+04   -8.55145e+04    3.00927e+02
 Pres. DC (bar) Pressure (bar)   Constr. rmsd
   -2.11728e+02    5.92212e+01    2.38283e-06


DD  step 2974999 load imb.: force 30.7%  pme mesh/force 0.448
           Step           Time
        2975000     5950.00000

   Energies (kJ/mol)
           Bond          Angle    Proper Dih. Per. Imp. Dih.          LJ-14
    6.32672e+01    1.46188e+02    2.08468e+02    9.08937e+00    1.02340e+02
     Coulomb-14        LJ (SR)  Disper. corr.   Coulomb (SR)   Coul. recip.
    8.14263e+02    1.51382e+04   -6.40807e+02   -9.46739e+04    4.17436e+02
      Potential    Kinetic En.   Total Energy  Conserved En.    Temperature
   -7.84155e+04    1.26122e+04   -6.58033e+04   -8.55465e+04    2.95750e+02
 Pres. DC (bar) Pressure (bar)   Constr. rmsd
   -2.09464e+02    2.20002e+01    2.83552e-06


DD  step 2979999 load imb.: force 32.5%  pme mesh/force 0.469
           Step           Time
        2980000     5960.00000

   Energies (kJ/mol)
           Bond          Angle    Proper Dih. Per. Imp. Dih.          LJ-14
    5.45632e+01    1.69698e+02    2.01892e+02    9.43917e+00    8.73472e+01
     Coulomb-14        LJ (SR)  Disper. corr.   Coulomb (SR)   Coul. recip.
    8.17922e+02    1.54042e+04   -6.39112e+02   -9.46943e+04    4.25223e+02
      Potential    Kinetic En.   Total Energy  Conserved En.    Temperature
   -7.81631e+04    1.27438e+04   -6.54193e+04   -8.55680e+04    2.98836e+02
 Pres. DC (bar) Pressure (bar)   Constr. rmsd
   -2.08358e+02    1.80161e+02    3.53137e-06


DD  step 2984999 load imb.: force 31.7%  pme mesh/force 0.451
           Step           Time
        2985000     5970.00000

   Energies (kJ/mol)
           Bond          Angle    Proper Dih. Per. Imp. Dih.          LJ-14
    4.91201e+01    1.75755e+02    2.12754e+02    6.45645e+00    9.83439e+01
     Coulomb-14        LJ (SR)  Disper. corr.   Coulomb (SR)   Coul. recip.
    7.90948e+02    1.50124e+04   -6.46240e+02   -9.46096e+04    4.00138e+02
      Potential    Kinetic En.   Total Energy  Conserved En.    Temperature
   -7.85099e+04    1.29748e+04   -6.55351e+04   -8.55850e+04    3.04252e+02
 Pres. DC (bar) Pressure (bar)   Constr. rmsd
   -2.13027e+02    3.23474e+01    1.89440e-06


DD  step 2989999 load imb.: force 32.6%  pme mesh/force 0.431
           Step           Time
        2990000     5980.00000

   Energies (kJ/mol)
           Bond          Angle    Proper Dih. Per. Imp. Dih.          LJ-14
    8.40538e+01    2.06685e+02    2.07174e+02    1.06798e+01    1.04220e+02
     Coulomb-14        LJ (SR)  Disper. corr.   Coulomb (SR)   Coul. recip.
    8.16408e+02    1.50360e+04   -6.43412e+02   -9.43378e+04    4.16561e+02
      Potential    Kinetic En.   Total Energy  Conserved En.    Temperature
   -7.80994e+04    1.28655e+04   -6.52339e+04   -8.56133e+04    3.01689e+02
 Pres. DC (bar) Pressure (bar)   Constr. rmsd
   -2.11168e+02    1.30281e+02    2.06078e-06


DD  step 2994999 load imb.: force 20.6%  pme mesh/force 0.362
           Step           Time
        2995000     5990.00000

   Energies (kJ/mol)
           Bond          Angle    Proper Dih. Per. Imp. Dih.          LJ-14
    5.65797e+01    1.95405e+02    2.20763e+02    1.93303e+01    9.87079e+01
     Coulomb-14        LJ (SR)  Disper. corr.   Coulomb (SR)   Coul. recip.
    8.31696e+02    1.49817e+04   -6.45267e+02   -9.43258e+04    4.14651e+02
      Potential    Kinetic En.   Total Energy  Conserved En.    Temperature
   -7.81522e+04    1.25712e+04   -6.55810e+04   -8.56480e+04    2.94788e+02
 Pres. DC (bar) Pressure (bar)   Constr. rmsd
   -2.12386e+02   -4.79820e+01    1.84846e-06


DD  step 2999999 load imb.: force 33.1%  pme mesh/force 0.422
           Step           Time
        3000000     6000.00000

   Energies (kJ/mol)
           Bond          Angle    Proper Dih. Per. Imp. Dih.          LJ-14
    7.87116e+01    1.82266e+02    2.13113e+02    9.48960e+00    1.01227e+02
     Coulomb-14        LJ (SR)  Disper. corr.   Coulomb (SR)   Coul. recip.
    7.93335e+02    1.50548e+04   -6.39832e+02   -9.47798e+04    4.05394e+02
      Potential    Kinetic En.   Total Energy  Conserved En.    Temperature
   -7.85813e+04    1.24849e+04   -6.60964e+04   -8.56924e+04    2.92764e+02
 Pres. DC (bar) Pressure (bar)   Constr. rmsd
   -2.08828e+02   -2.08282e+02    2.83045e-06


DD  step 3004999 load imb.: force 37.7%  pme mesh/force 0.393
           Step           Time
        3005000     6010.00000

   Energies (kJ/mol)
           Bond          Angle    Proper Dih. Per. Imp. Dih.          LJ-14
    7.89728e+01    1.65596e+02    2.17408e+02    6.52644e+00    9.41787e+01
     Coulomb-14        LJ (SR)  Disper. corr.   Coulomb (SR)   Coul. recip.
    7.88380e+02    1.56975e+04   -6.42479e+02   -9.51688e+04    4.51164e+02
      Potential    Kinetic En.   Total Energy  Conserved En.    Temperature
   -7.83115e+04    1.28989e+04   -6.54126e+04   -8.57457e+04    3.02473e+02
 Pres. DC (bar) Pressure (bar)   Constr. rmsd
   -2.10557e+02    4.82936e+02    2.37895e-06


DD  step 3009999 load imb.: force 28.1%  pme mesh/force 0.402
           Step           Time
        3010000     6020.00000

   Energies (kJ/mol)
           Bond          Angle    Proper Dih. Per. Imp. Dih.          LJ-14
    7.12679e+01    2.02300e+02    2.16218e+02    1.06809e+01    1.17198e+02
     Coulomb-14        LJ (SR)  Disper. corr.   Coulomb (SR)   Coul. recip.
    8.07712e+02    1.48904e+04   -6.39863e+02   -9.41353e+04    3.93703e+02
      Potential    Kinetic En.   Total Energy  Conserved En.    Temperature
   -7.80657e+04    1.25097e+04   -6.55560e+04   -8.57909e+04    2.93345e+02
 Pres. DC (bar) Pressure (bar)   Constr. rmsd
   -2.08848e+02   -2.87116e+02    2.11755e-06


DD  step 3014999 load imb.: force 25.3%  pme mesh/force 0.521
           Step           Time
        3015000     6030.00000

   Energies (kJ/mol)
           Bond          Angle    Proper Dih. Per. Imp. Dih.          LJ-14
    6.80859e+01    1.78846e+02    2.24477e+02    5.90839e+00    9.46986e+01
     Coulomb-14        LJ (SR)  Disper. corr.   Coulomb (SR)   Coul. recip.
    8.28448e+02    1.51301e+04   -6.41711e+02   -9.46111e+04    3.92070e+02
      Potential    Kinetic En.   Total Energy  Conserved En.    Temperature
   -7.83301e+04    1.28093e+04   -6.55209e+04   -8.58045e+04    3.00371e+02
 Pres. DC (bar) Pressure (bar)   Constr. rmsd
   -2.10054e+02    2.33413e+02    2.22684e-06


DD  step 3019999 load imb.: force 79.6%  pme mesh/force 0.274
           Step           Time
        3020000     6040.00000

   Energies (kJ/mol)
           Bond          Angle    Proper Dih. Per. Imp. Dih.          LJ-14
    6.60716e+01    1.69673e+02    2.14957e+02    3.96111e+00    9.89280e+01
     Coulomb-14        LJ (SR)  Disper. corr.   Coulomb (SR)   Coul. recip.
    8.21197e+02    1.47573e+04   -6.38949e+02   -9.36078e+04    4.20290e+02
      Potential    Kinetic En.   Total Energy  Conserved En.    Temperature
   -7.76944e+04    1.26691e+04   -6.50253e+04   -8.58308e+04    2.97083e+02
 Pres. DC (bar) Pressure (bar)   Constr. rmsd
   -2.08252e+02   -2.94830e+02    3.85432e-06


DD  step 3024999 load imb.: force 31.7%  pme mesh/force 0.433
           Step           Time
        3025000     6050.00000

   Energies (kJ/mol)
           Bond          Angle    Proper Dih. Per. Imp. Dih.          LJ-14
    6.44164e+01    2.24492e+02    2.31454e+02    1.14741e+01    9.99211e+01
     Coulomb-14        LJ (SR)  Disper. corr.   Coulomb (SR)   Coul. recip.
    8.38239e+02    1.50574e+04   -6.35528e+02   -9.42528e+04    4.34652e+02
      Potential    Kinetic En.   Total Energy  Conserved En.    Temperature
   -7.79263e+04    1.28366e+04   -6.50897e+04   -8.58629e+04    3.01011e+02
 Pres. DC (bar) Pressure (bar)   Constr. rmsd
   -2.06031e+02    7.83317e+00    3.08574e-06


DD  step 3029999 load imb.: force 33.3%  pme mesh/force 0.423
           Step           Time
        3030000     6060.00000

   Energies (kJ/mol)
           Bond          Angle    Proper Dih. Per. Imp. Dih.          LJ-14
    8.43414e+01    1.83254e+02    1.95444e+02    5.41076e+00    9.95941e+01
     Coulomb-14        LJ (SR)  Disper. corr.   Coulomb (SR)   Coul. recip.
    8.22691e+02    1.52692e+04   -6.36821e+02   -9.47886e+04    4.15492e+02
      Potential    Kinetic En.   Total Energy  Conserved En.    Temperature
   -7.83500e+04    1.28306e+04   -6.55194e+04   -8.59024e+04    3.00871e+02
 Pres. DC (bar) Pressure (bar)   Constr. rmsd
   -2.06869e+02   -4.99825e+01    3.51045e-06


DD  step 3034999 load imb.: force 31.2%  pme mesh/force 0.435
           Step           Time
        3035000     6070.00000

   Energies (kJ/mol)
           Bond          Angle    Proper Dih. Per. Imp. Dih.          LJ-14
    5.52623e+01    1.62242e+02    2.05882e+02    5.62088e+00    1.00742e+02
     Coulomb-14        LJ (SR)  Disper. corr.   Coulomb (SR)   Coul. recip.
    8.24231e+02    1.52359e+04   -6.48979e+02   -9.48902e+04    3.84948e+02
      Potential    Kinetic En.   Total Energy  Conserved En.    Temperature
   -7.85644e+04    1.24230e+04   -6.61414e+04   -8.59304e+04    2.91312e+02
 Pres. DC (bar) Pressure (bar)   Constr. rmsd
   -2.14834e+02    2.08847e+02    2.46662e-06


DD  step 3039999 load imb.: force 30.4%  pme mesh/force 0.472
           Step           Time
        3040000     6080.00000

   Energies (kJ/mol)
           Bond          Angle    Proper Dih. Per. Imp. Dih.          LJ-14
    9.10842e+01    1.73475e+02    2.15385e+02    7.89412e+00    1.01740e+02
     Coulomb-14        LJ (SR)  Disper. corr.   Coulomb (SR)   Coul. recip.
    8.15623e+02    1.50004e+04   -6.39848e+02   -9.40439e+04    4.45578e+02
      Potential    Kinetic En.   Total Energy  Conserved En.    Temperature
   -7.78326e+04    1.26342e+04   -6.51984e+04   -8.59568e+04    2.96265e+02
 Pres. DC (bar) Pressure (bar)   Constr. rmsd
   -2.08838e+02   -1.46662e+02    3.04375e-06


DD  step 3044999 load imb.: force 31.0%  pme mesh/force 0.522
           Step           Time
        3045000     6090.00000

   Energies (kJ/mol)
           Bond          Angle    Proper Dih. Per. Imp. Dih.          LJ-14
    4.66561e+01    1.94903e+02    2.00413e+02    7.14332e+00    1.00118e+02
     Coulomb-14        LJ (SR)  Disper. corr.   Coulomb (SR)   Coul. recip.
    8.33393e+02    1.50703e+04   -6.36017e+02   -9.45997e+04    4.13052e+02
      Potential    Kinetic En.   Total Energy  Conserved En.    Temperature
   -7.83698e+04    1.25940e+04   -6.57757e+04   -8.59975e+04    2.95323e+02
 Pres. DC (bar) Pressure (bar)   Constr. rmsd
   -2.06348e+02   -2.58051e+02    2.00777e-06


DD  step 3049999 load imb.: force 26.4%  pme mesh/force 0.466
           Step           Time
        3050000     6100.00000

   Energies (kJ/mol)
           Bond          Angle    Proper Dih. Per. Imp. Dih.          LJ-14
    7.07275e+01    1.75490e+02    2.11183e+02    5.86694e+00    9.75967e+01
     Coulomb-14        LJ (SR)  Disper. corr.   Coulomb (SR)   Coul. recip.
    7.52322e+02    1.50682e+04   -6.42542e+02   -9.44450e+04    4.27645e+02
      Potential    Kinetic En.   Total Energy  Conserved En.    Temperature
   -7.82786e+04    1.29009e+04   -6.53777e+04   -8.59969e+04    3.02519e+02
 Pres. DC (bar) Pressure (bar)   Constr. rmsd
   -2.10598e+02    1.09927e+02    3.02402e-06


DD  step 3054999 load imb.: force 28.7%  pme mesh/force 0.588
           Step           Time
        3055000     6110.00000

   Energies (kJ/mol)
           Bond          Angle    Proper Dih. Per. Imp. Dih.          LJ-14
    8.27451e+01    1.45986e+02    2.06301e+02    8.36432e+00    9.62884e+01
     Coulomb-14        LJ (SR)  Disper. corr.   Coulomb (SR)   Coul. recip.
    8.30675e+02    1.56256e+04   -6.43101e+02   -9.54071e+04    3.76123e+02
      Potential    Kinetic En.   Total Energy  Conserved En.    Temperature
   -7.86781e+04    1.28851e+04   -6.57930e+04   -8.60637e+04    3.02149e+02
 Pres. DC (bar) Pressure (bar)   Constr. rmsd
   -2.10964e+02    2.41721e+02    2.02711e-06


DD  step 3059999 load imb.: force 26.4%  pme mesh/force 0.470
           Step           Time
        3060000     6120.00000

   Energies (kJ/mol)
           Bond          Angle    Proper Dih. Per. Imp. Dih.          LJ-14
    1.11773e+02    1.75814e+02    2.06482e+02    1.04048e+01    8.08076e+01
     Coulomb-14        LJ (SR)  Disper. corr.   Coulomb (SR)   Coul. recip.
    7.87493e+02    1.50792e+04   -6.42453e+02   -9.48243e+04    4.10987e+02
      Potential    Kinetic En.   Total Energy  Conserved En.    Temperature
   -7.86038e+04    1.29583e+04   -6.56455e+04   -8.60750e+04    3.03865e+02
 Pres. DC (bar) Pressure (bar)   Constr. rmsd
   -2.10540e+02   -3.40627e+02    2.79061e-06


DD  step 3064999 load imb.: force 33.8%  pme mesh/force 0.468
           Step           Time
        3065000     6130.00000

   Energies (kJ/mol)
           Bond          Angle    Proper Dih. Per. Imp. Dih.          LJ-14
    8.67630e+01    2.13097e+02    2.16200e+02    2.63633e+00    9.63734e+01
     Coulomb-14        LJ (SR)  Disper. corr.   Coulomb (SR)   Coul. recip.
    8.16328e+02    1.51365e+04   -6.42979e+02   -9.50186e+04    4.09803e+02
      Potential    Kinetic En.   Total Energy  Conserved En.    Temperature
   -7.86839e+04    1.27108e+04   -6.59731e+04   -8.61020e+04    2.98061e+02
 Pres. DC (bar) Pressure (bar)   Constr. rmsd
   -2.10884e+02   -1.64690e+02    1.54301e-06


DD  step 3069999 load imb.: force 28.4%  pme mesh/force 0.459
           Step           Time
        3070000     6140.00000

   Energies (kJ/mol)
           Bond          Angle    Proper Dih. Per. Imp. Dih.          LJ-14
    8.79423e+01    1.80077e+02    2.13104e+02    7.26914e+00    9.05902e+01
     Coulomb-14        LJ (SR)  Disper. corr.   Coulomb (SR)   Coul. recip.
    8.21211e+02    1.49781e+04   -6.43804e+02   -9.48342e+04    4.61683e+02
      Potential    Kinetic En.   Total Energy  Conserved En.    Temperature
   -7.86380e+04    1.27345e+04   -6.59035e+04   -8.61187e+04    2.98618e+02
 Pres. DC (bar) Pressure (bar)   Constr. rmsd
   -2.11425e+02   -2.58579e+02    2.09661e-06


DD  step 3074999 load imb.: force 40.2%  pme mesh/force 0.582
           Step           Time
        3075000     6150.00000

   Energies (kJ/mol)
           Bond          Angle    Proper Dih. Per. Imp. Dih.          LJ-14
    8.08990e+01    1.80453e+02    2.04750e+02    4.51477e+00    1.08221e+02
     Coulomb-14        LJ (SR)  Disper. corr.   Coulomb (SR)   Coul. recip.
    8.23737e+02    1.49787e+04   -6.36547e+02   -9.47760e+04    4.36809e+02
      Potential    Kinetic En.   Total Energy  Conserved En.    Temperature
   -7.85945e+04    1.28157e+04   -6.57788e+04   -8.61739e+04    3.00522e+02
 Pres. DC (bar) Pressure (bar)   Constr. rmsd
   -2.06691e+02   -4.59606e+02    2.25022e-06


DD  step 3079999 load imb.: force 33.3%  pme mesh/force 0.446
           Step           Time
        3080000     6160.00000

   Energies (kJ/mol)
           Bond          Angle    Proper Dih. Per. Imp. Dih.          LJ-14
    8.30891e+01    2.17489e+02    1.96758e+02    6.15558e+00    8.08892e+01
     Coulomb-14        LJ (SR)  Disper. corr.   Coulomb (SR)   Coul. recip.
    8.22540e+02    1.51250e+04   -6.35383e+02   -9.44896e+04    4.08817e+02
      Potential    Kinetic En.   Total Energy  Conserved En.    Temperature
   -7.81843e+04    1.27494e+04   -6.54349e+04   -8.61994e+04    2.98967e+02
 Pres. DC (bar) Pressure (bar)   Constr. rmsd
   -2.05937e+02   -2.01142e+02    1.74233e-06


DD  step 3084999 load imb.: force 26.4%  pme mesh/force 0.484
           Step           Time
        3085000     6170.00000

   Energies (kJ/mol)
           Bond          Angle    Proper Dih. Per. Imp. Dih.          LJ-14
    7.53121e+01    1.74179e+02    2.14514e+02    8.51397e+00    9.82098e+01
     Coulomb-14        LJ (SR)  Disper. corr.   Coulomb (SR)   Coul. recip.
    8.08558e+02    1.52805e+04   -6.38923e+02   -9.45781e+04    4.10028e+02
      Potential    Kinetic En.   Total Energy  Conserved En.    Temperature
   -7.81473e+04    1.25441e+04   -6.56032e+04   -8.62307e+04    2.94152e+02
 Pres. DC (bar) Pressure (bar)   Constr. rmsd
   -2.08235e+02    1.91370e+02    2.15004e-06


DD  step 3089999 load imb.: force 52.9%  pme mesh/force 0.362
           Step           Time
        3090000     6180.00000

   Energies (kJ/mol)
           Bond          Angle    Proper Dih. Per. Imp. Dih.          LJ-14
    3.50661e+01    2.06241e+02    2.09519e+02    5.66488e+00    1.02376e+02
     Coulomb-14        LJ (SR)  Disper. corr.   Coulomb (SR)   Coul. recip.
    8.55917e+02    1.50387e+04   -6.42231e+02   -9.44428e+04    4.24965e+02
      Potential    Kinetic En.   Total Energy  Conserved En.    Temperature
   -7.82065e+04    1.27442e+04   -6.54623e+04   -8.63021e+04    2.98846e+02
 Pres. DC (bar) Pressure (bar)   Constr. rmsd
   -2.10394e+02    3.70234e+01    3.18168e-06


DD  step 3094999 load imb.: force 31.7%  pme mesh/force 0.456
           Step           Time
        3095000     6190.00000

   Energies (kJ/mol)
           Bond          Angle    Proper Dih. Per. Imp. Dih.          LJ-14
    5.31945e+01    1.89604e+02    2.18765e+02    8.54035e+00    1.04709e+02
     Coulomb-14        LJ (SR)  Disper. corr.   Coulomb (SR)   Coul. recip.
    7.99421e+02    1.49911e+04   -6.42068e+02   -9.45889e+04    4.16467e+02
      Potential    Kinetic En.   Total Energy  Conserved En.    Temperature
   -7.84491e+04    1.26974e+04   -6.57518e+04   -8.63390e+04    2.97747e+02
 Pres. DC (bar) Pressure (bar)   Constr. rmsd
   -2.10288e+02   -1.34082e+02    2.97001e-06


DD  step 3099999 load imb.: force 38.4%  pme mesh/force 0.417
           Step           Time
        3100000     6200.00000

   Energies (kJ/mol)
           Bond          Angle    Proper Dih. Per. Imp. Dih.          LJ-14
    6.41233e+01    1.91903e+02    2.15230e+02    1.11659e+01    9.19044e+01
     Coulomb-14        LJ (SR)  Disper. corr.   Coulomb (SR)   Coul. recip.
    8.11274e+02    1.56850e+04   -6.40020e+02   -9.50817e+04    4.02653e+02
      Potential    Kinetic En.   Total Energy  Conserved En.    Temperature
   -7.82485e+04    1.27403e+04   -6.55082e+04   -8.63389e+04    2.98753e+02
 Pres. DC (bar) Pressure (bar)   Constr. rmsd
   -2.08950e+02    4.78873e+02    2.89095e-06


DD  step 3104999 load imb.: force 22.2%  pme mesh/force 0.781
           Step           Time
        3105000     6210.00000

   Energies (kJ/mol)
           Bond          Angle    Proper Dih. Per. Imp. Dih.          LJ-14
    7.38726e+01    1.79228e+02    2.12431e+02    7.26363e+00    9.12936e+01
     Coulomb-14        LJ (SR)  Disper. corr.   Coulomb (SR)   Coul. recip.
    8.28313e+02    1.51867e+04   -6.34308e+02   -9.49618e+04    4.29791e+02
      Potential    Kinetic En.   Total Energy  Conserved En.    Temperature
   -7.85872e+04    1.27620e+04   -6.58252e+04   -8.63745e+04    2.99262e+02
 Pres. DC (bar) Pressure (bar)   Constr. rmsd
   -2.05241e+02   -2.26658e+02    3.67467e-06


DD  step 3109999 load imb.: force 32.4%  pme mesh/force 0.655
           Step           Time
        3110000     6220.00000

   Energies (kJ/mol)
           Bond          Angle    Proper Dih. Per. Imp. Dih.          LJ-14
    6.15416e+01    2.10497e+02    2.10850e+02    2.36414e+01    1.02290e+02
     Coulomb-14        LJ (SR)  Disper. corr.   Coulomb (SR)   Coul. recip.
    8.42150e+02    1.50583e+04   -6.35745e+02   -9.45509e+04    4.35932e+02
      Potential    Kinetic En.   Total Energy  Conserved En.    Temperature
   -7.82414e+04    1.29732e+04   -6.52682e+04   -8.64355e+04    3.04214e+02
 Pres. DC (bar) Pressure (bar)   Constr. rmsd
   -2.06171e+02   -1.26261e+02    1.51090e-06


DD  step 3114999 load imb.: force 29.9%  pme mesh/force 1.849
           Step           Time
        3115000     6230.00000

   Energies (kJ/mol)
           Bond          Angle    Proper Dih. Per. Imp. Dih.          LJ-14
    5.49499e+01    1.87260e+02    1.92808e+02    9.99049e+00    1.07244e+02
     Coulomb-14        LJ (SR)  Disper. corr.   Coulomb (SR)   Coul. recip.
    8.01062e+02    1.54415e+04   -6.35739e+02   -9.48115e+04    4.18944e+02
      Potential    Kinetic En.   Total Energy  Conserved En.    Temperature
   -7.82335e+04    1.24861e+04   -6.57474e+04   -8.64614e+04    2.92792e+02
 Pres. DC (bar) Pressure (bar)   Constr. rmsd
   -2.06167e+02    4.29559e+02    2.11773e-06


DD  step 3119999 load imb.: force 109.9%  pme mesh/force 0.231
           Step           Time
        3120000     6240.00000

   Energies (kJ/mol)
           Bond          Angle    Proper Dih. Per. Imp. Dih.          LJ-14
    6.05436e+01    2.16001e+02    1.98115e+02    7.84484e+00    1.04619e+02
     Coulomb-14        LJ (SR)  Disper. corr.   Coulomb (SR)   Coul. recip.
    8.54898e+02    1.46910e+04   -6.40112e+02   -9.40440e+04    4.24297e+02
      Potential    Kinetic En.   Total Energy  Conserved En.    Temperature
   -7.81268e+04    1.30434e+04   -6.50834e+04   -8.65095e+04    3.05861e+02
 Pres. DC (bar) Pressure (bar)   Constr. rmsd
   -2.09010e+02   -3.04654e+02    4.17394e-06


DD  step 3124999 load imb.: force 37.5%  pme mesh/force 0.429
           Step           Time
        3125000     6250.00000

   Energies (kJ/mol)
           Bond          Angle    Proper Dih. Per. Imp. Dih.          LJ-14
    8.89817e+01    1.76503e+02    1.91500e+02    5.95911e+00    9.51077e+01
     Coulomb-14        LJ (SR)  Disper. corr.   Coulomb (SR)   Coul. recip.
    8.42045e+02    1.57837e+04   -6.40896e+02   -9.57479e+04    3.99647e+02
      Potential    Kinetic En.   Total Energy  Conserved En.    Temperature
   -7.88054e+04    1.28657e+04   -6.59396e+04   -8.65458e+04    3.01695e+02
 Pres. DC (bar) Pressure (bar)   Constr. rmsd
   -2.09521e+02    5.00392e+02    2.40034e-06


DD  step 3129999 load imb.: force 28.2%  pme mesh/force 0.521
           Step           Time
        3130000     6260.00000

   Energies (kJ/mol)
           Bond          Angle    Proper Dih. Per. Imp. Dih.          LJ-14
    7.22718e+01    2.10173e+02    2.03174e+02    6.24921e+00    8.96871e+01
     Coulomb-14        LJ (SR)  Disper. corr.   Coulomb (SR)   Coul. recip.
    8.03892e+02    1.51174e+04   -6.42308e+02   -9.43332e+04    3.92572e+02
      Potential    Kinetic En.   Total Energy  Conserved En.    Temperature
   -7.80802e+04    1.26890e+04   -6.53911e+04   -8.66043e+04    2.97551e+02
 Pres. DC (bar) Pressure (bar)   Constr. rmsd
   -2.10445e+02   -1.50295e+02    2.82762e-06


DD  step 3134999 load imb.: force 36.2%  pme mesh/force 0.410
           Step           Time
        3135000     6270.00000

   Energies (kJ/mol)
           Bond          Angle    Proper Dih. Per. Imp. Dih.          LJ-14
    5.44214e+01    1.82627e+02    2.31582e+02    7.60967e+00    9.62579e+01
     Coulomb-14        LJ (SR)  Disper. corr.   Coulomb (SR)   Coul. recip.
    8.16012e+02    1.55450e+04   -6.40141e+02   -9.47260e+04    4.08481e+02
      Potential    Kinetic En.   Total Energy  Conserved En.    Temperature
   -7.80242e+04    1.25631e+04   -6.54610e+04   -8.66375e+04    2.94599e+02
 Pres. DC (bar) Pressure (bar)   Constr. rmsd
   -2.09029e+02    4.92002e+02    3.27125e-06


DD  step 3139999 load imb.: force 34.0%  pme mesh/force 0.477
           Step           Time
        3140000     6280.00000

   Energies (kJ/mol)
           Bond          Angle    Proper Dih. Per. Imp. Dih.          LJ-14
    6.87657e+01    2.36991e+02    2.32873e+02    7.80074e+00    1.05099e+02
     Coulomb-14        LJ (SR)  Disper. corr.   Coulomb (SR)   Coul. recip.
    8.13677e+02    1.52688e+04   -6.37837e+02   -9.47609e+04    4.39006e+02
      Potential    Kinetic En.   Total Energy  Conserved En.    Temperature
   -7.82258e+04    1.28186e+04   -6.54072e+04   -8.66597e+04    3.00590e+02
 Pres. DC (bar) Pressure (bar)   Constr. rmsd
   -2.07529e+02    2.19453e+02    3.43586e-06


DD  step 3144999 load imb.: force 31.3%  pme mesh/force 0.582
           Step           Time
        3145000     6290.00000

   Energies (kJ/mol)
           Bond          Angle    Proper Dih. Per. Imp. Dih.          LJ-14
    6.36086e+01    1.61056e+02    2.07713e+02    8.98985e+00    1.10752e+02
     Coulomb-14        LJ (SR)  Disper. corr.   Coulomb (SR)   Coul. recip.
    8.34797e+02    1.50901e+04   -6.41375e+02   -9.49727e+04    3.98166e+02
      Potential    Kinetic En.   Total Energy  Conserved En.    Temperature
   -7.87389e+04    1.28357e+04   -6.59032e+04   -8.66875e+04    3.00990e+02
 Pres. DC (bar) Pressure (bar)   Constr. rmsd
   -2.09835e+02   -3.69926e+01    2.52029e-06


DD  step 3149999 load imb.: force 31.7%  pme mesh/force 0.449
           Step           Time
        3150000     6300.00000

   Energies (kJ/mol)
           Bond          Angle    Proper Dih. Per. Imp. Dih.          LJ-14
    1.08861e+02    2.35395e+02    2.11416e+02    1.59385e+01    8.61708e+01
     Coulomb-14        LJ (SR)  Disper. corr.   Coulomb (SR)   Coul. recip.
    8.25612e+02    1.47874e+04   -6.33026e+02   -9.36426e+04    4.15811e+02
      Potential    Kinetic En.   Total Energy  Conserved En.    Temperature
   -7.75890e+04    1.28233e+04   -6.47657e+04   -8.67275e+04    3.00700e+02
 Pres. DC (bar) Pressure (bar)   Constr. rmsd
   -2.04413e+02   -4.00508e+02    2.44725e-06


DD  step 3154999 load imb.: force 33.5%  pme mesh/force 0.471
           Step           Time
        3155000     6310.00000

   Energies (kJ/mol)
           Bond          Angle    Proper Dih. Per. Imp. Dih.          LJ-14
    8.45616e+01    1.98404e+02    2.06212e+02    7.54906e+00    9.10365e+01
     Coulomb-14        LJ (SR)  Disper. corr.   Coulomb (SR)   Coul. recip.
    8.10991e+02    1.56436e+04   -6.39731e+02   -9.50656e+04    4.31437e+02
      Potential    Kinetic En.   Total Energy  Conserved En.    Temperature
   -7.82316e+04    1.28482e+04   -6.53834e+04   -8.67815e+04    3.01283e+02
 Pres. DC (bar) Pressure (bar)   Constr. rmsd
   -2.08762e+02    3.98842e+02    2.49807e-06


DD  step 3159999 load imb.: force 37.6%  pme mesh/force 0.446
           Step           Time
        3160000     6320.00000

   Energies (kJ/mol)
           Bond          Angle    Proper Dih. Per. Imp. Dih.          LJ-14
    7.43587e+01    2.16985e+02    1.97079e+02    1.11063e+01    9.13863e+01
     Coulomb-14        LJ (SR)  Disper. corr.   Coulomb (SR)   Coul. recip.
    8.34210e+02    1.50513e+04   -6.45485e+02   -9.44076e+04    3.96231e+02
      Potential    Kinetic En.   Total Energy  Conserved En.    Temperature
   -7.81804e+04    1.29240e+04   -6.52565e+04   -8.67945e+04    3.03060e+02
 Pres. DC (bar) Pressure (bar)   Constr. rmsd
   -2.12529e+02    1.24454e+01    2.60923e-06


DD  step 3164999 load imb.: force 29.5%  pme mesh/force 0.464
           Step           Time
        3165000     6330.00000

   Energies (kJ/mol)
           Bond          Angle    Proper Dih. Per. Imp. Dih.          LJ-14
    7.88505e+01    1.93153e+02    2.11568e+02    1.08909e+01    9.48504e+01
     Coulomb-14        LJ (SR)  Disper. corr.   Coulomb (SR)   Coul. recip.
    8.48765e+02    1.52949e+04   -6.39748e+02   -9.46360e+04    4.14983e+02
      Potential    Kinetic En.   Total Energy  Conserved En.    Temperature
   -7.81278e+04    1.25605e+04   -6.55673e+04   -8.68279e+04    2.94537e+02
 Pres. DC (bar) Pressure (bar)   Constr. rmsd
   -2.08773e+02    2.10850e+02    2.13078e-06


DD  step 3169999 load imb.: force 31.7%  pme mesh/force 0.474
           Step           Time
        3170000     6340.00000

   Energies (kJ/mol)
           Bond          Angle    Proper Dih. Per. Imp. Dih.          LJ-14
    4.96955e+01    1.77272e+02    2.14832e+02    1.18130e+01    1.02428e+02
     Coulomb-14        LJ (SR)  Disper. corr.   Coulomb (SR)   Coul. recip.
    8.36488e+02    1.55417e+04   -6.49222e+02   -9.57509e+04    4.25874e+02
      Potential    Kinetic En.   Total Energy  Conserved En.    Temperature
   -7.90400e+04    1.27780e+04   -6.62620e+04   -8.68555e+04    2.99638e+02
 Pres. DC (bar) Pressure (bar)   Constr. rmsd
   -2.14995e+02    4.09530e+02    2.19908e-06


DD  step 3174999 load imb.: force 30.2%  pme mesh/force 0.412
           Step           Time
        3175000     6350.00000

   Energies (kJ/mol)
           Bond          Angle    Proper Dih. Per. Imp. Dih.          LJ-14
    7.36320e+01    1.77066e+02    2.26844e+02    4.83218e+00    1.12288e+02
     Coulomb-14        LJ (SR)  Disper. corr.   Coulomb (SR)   Coul. recip.
    8.11533e+02    1.50147e+04   -6.35466e+02   -9.47110e+04    4.08409e+02
      Potential    Kinetic En.   Total Energy  Conserved En.    Temperature
   -7.85171e+04    1.28329e+04   -6.56842e+04   -8.68771e+04    3.00926e+02
 Pres. DC (bar) Pressure (bar)   Constr. rmsd
   -2.05991e+02   -1.59422e+02    2.54137e-06


DD  step 3179999 load imb.: force 31.1%  pme mesh/force 0.453
           Step           Time
        3180000     6360.00000

   Energies (kJ/mol)
           Bond          Angle    Proper Dih. Per. Imp. Dih.          LJ-14
    5.26927e+01    2.15793e+02    2.22293e+02    6.70389e+00    9.59423e+01
     Coulomb-14        LJ (SR)  Disper. corr.   Coulomb (SR)   Coul. recip.
    8.34556e+02    1.47977e+04   -6.38058e+02   -9.37230e+04    4.09674e+02
      Potential    Kinetic En.   Total Energy  Conserved En.    Temperature
   -7.77257e+04    1.25067e+04   -6.52190e+04   -8.69313e+04    2.93276e+02
 Pres. DC (bar) Pressure (bar)   Constr. rmsd
   -2.07672e+02   -8.85844e-01    3.16486e-06


DD  step 3184999 load imb.: force 34.2%  pme mesh/force 0.455
           Step           Time
        3185000     6370.00000

   Energies (kJ/mol)
           Bond          Angle    Proper Dih. Per. Imp. Dih.          LJ-14
    7.61197e+01    1.99046e+02    2.28565e+02    7.90870e+00    1.15471e+02
     Coulomb-14        LJ (SR)  Disper. corr.   Coulomb (SR)   Coul. recip.
    8.27136e+02    1.51937e+04   -6.38318e+02   -9.44647e+04    4.25377e+02
      Potential    Kinetic En.   Total Energy  Conserved En.    Temperature
   -7.80296e+04    1.27367e+04   -6.52929e+04   -8.69737e+04    2.98669e+02
 Pres. DC (bar) Pressure (bar)   Constr. rmsd
   -2.07842e+02    3.09094e+01    2.53168e-06


DD  step 3189999 load imb.: force 76.8%  pme mesh/force 0.172
           Step           Time
        3190000     6380.00000

   Energies (kJ/mol)
           Bond          Angle    Proper Dih. Per. Imp. Dih.          LJ-14
    1.02106e+02    1.48225e+02    2.31059e+02    5.47588e+00    1.01187e+02
     Coulomb-14        LJ (SR)  Disper. corr.   Coulomb (SR)   Coul. recip.
    8.51192e+02    1.51315e+04   -6.44811e+02   -9.42508e+04    4.40127e+02
      Potential    Kinetic En.   Total Energy  Conserved En.    Temperature
   -7.78847e+04    1.30851e+04   -6.47996e+04   -8.69715e+04    3.06838e+02
 Pres. DC (bar) Pressure (bar)   Constr. rmsd
   -2.12086e+02    2.63393e+02    4.21255e-06


DD  step 3194999 load imb.: force 33.6%  pme mesh/force 0.462
           Step           Time
        3195000     6390.00000

   Energies (kJ/mol)
           Bond          Angle    Proper Dih. Per. Imp. Dih.          LJ-14
    8.79134e+01    1.81165e+02    2.10406e+02    1.73203e+01    9.40242e+01
     Coulomb-14        LJ (SR)  Disper. corr.   Coulomb (SR)   Coul. recip.
    8.30626e+02    1.52221e+04   -6.41405e+02   -9.47787e+04    4.43004e+02
      Potential    Kinetic En.   Total Energy  Conserved En.    Temperature
   -7.83335e+04    1.26506e+04   -6.56829e+04   -8.70141e+04    2.96650e+02
 Pres. DC (bar) Pressure (bar)   Constr. rmsd
   -2.09855e+02   -2.30482e+02    2.19834e-06


DD  step 3199999 load imb.: force 32.8%  pme mesh/force 0.564
           Step           Time
        3200000     6400.00000

   Energies (kJ/mol)
           Bond          Angle    Proper Dih. Per. Imp. Dih.          LJ-14
    4.12961e+01    1.90168e+02    2.16470e+02    5.47068e+00    1.09417e+02
     Coulomb-14        LJ (SR)  Disper. corr.   Coulomb (SR)   Coul. recip.
    8.37715e+02    1.53252e+04   -6.45241e+02   -9.44909e+04    3.87345e+02
      Potential    Kinetic En.   Total Energy  Conserved En.    Temperature
   -7.80231e+04    1.25955e+04   -6.54275e+04   -8.70353e+04    2.95359e+02
 Pres. DC (bar) Pressure (bar)   Constr. rmsd
   -2.12369e+02    5.77262e+02    3.99961e-06


DD  step 3204999 load imb.: force 39.3%  pme mesh/force 0.424
           Step           Time
        3205000     6410.00000

   Energies (kJ/mol)
           Bond          Angle    Proper Dih. Per. Imp. Dih.          LJ-14
    8.02647e+01    1.90584e+02    2.24112e+02    7.89094e+00    9.56860e+01
     Coulomb-14        LJ (SR)  Disper. corr.   Coulomb (SR)   Coul. recip.
    8.31048e+02    1.50742e+04   -6.35664e+02   -9.45745e+04    4.21379e+02
      Potential    Kinetic En.   Total Energy  Conserved En.    Temperature
   -7.82850e+04    1.26889e+04   -6.55961e+04   -8.70850e+04    2.97548e+02
 Pres. DC (bar) Pressure (bar)   Constr. rmsd
   -2.06119e+02   -3.06630e+02    1.86626e-06


DD  step 3209999 load imb.: force 29.4%  pme mesh/force 0.444
           Step           Time
        3210000     6420.00000

   Energies (kJ/mol)
           Bond          Angle    Proper Dih. Per. Imp. Dih.          LJ-14
    6.58588e+01    1.61671e+02    2.17860e+02    1.02519e+01    1.00756e+02
     Coulomb-14        LJ (SR)  Disper. corr.   Coulomb (SR)   Coul. recip.
    8.62213e+02    1.49748e+04   -6.37767e+02   -9.44386e+04    4.20358e+02
      Potential    Kinetic En.   Total Energy  Conserved En.    Temperature
   -7.82625e+04    1.27618e+04   -6.55007e+04   -8.71093e+04    2.99258e+02
 Pres. DC (bar) Pressure (bar)   Constr. rmsd
   -2.07483e+02   -6.00343e+01    2.84312e-06


DD  step 3214999 load imb.: force 32.4%  pme mesh/force 0.470
           Step           Time
        3215000     6430.00000

   Energies (kJ/mol)
           Bond          Angle    Proper Dih. Per. Imp. Dih.          LJ-14
    5.63211e+01    1.92573e+02    2.21805e+02    5.96445e+00    1.08061e+02
     Coulomb-14        LJ (SR)  Disper. corr.   Coulomb (SR)   Coul. recip.
    7.84591e+02    1.51801e+04   -6.43517e+02   -9.47944e+04    4.03002e+02
      Potential    Kinetic En.   Total Energy  Conserved En.    Temperature
   -7.84854e+04    1.29853e+04   -6.55001e+04   -8.71478e+04    3.04499e+02
 Pres. DC (bar) Pressure (bar)   Constr. rmsd
   -2.11237e+02    8.80962e+01    4.72666e-06


DD  step 3219999 load imb.: force 36.3%  pme mesh/force 0.459
           Step           Time
        3220000     6440.00000

   Energies (kJ/mol)
           Bond          Angle    Proper Dih. Per. Imp. Dih.          LJ-14
    6.49152e+01    1.64719e+02    2.28790e+02    8.59254e+00    9.64657e+01
     Coulomb-14        LJ (SR)  Disper. corr.   Coulomb (SR)   Coul. recip.
    8.47174e+02    1.54644e+04   -6.38483e+02   -9.51828e+04    3.67960e+02
      Potential    Kinetic En.   Total Energy  Conserved En.    Temperature
   -7.85782e+04    1.27195e+04   -6.58587e+04   -8.71710e+04    2.98267e+02
 Pres. DC (bar) Pressure (bar)   Constr. rmsd
   -2.07949e+02    2.66612e+02    2.51927e-06


DD  step 3224999 load imb.: force 33.2%  pme mesh/force 0.437
           Step           Time
        3225000     6450.00000

   Energies (kJ/mol)
           Bond          Angle    Proper Dih. Per. Imp. Dih.          LJ-14
    5.86682e+01    2.04229e+02    2.24052e+02    1.72701e+01    1.12407e+02
     Coulomb-14        LJ (SR)  Disper. corr.   Coulomb (SR)   Coul. recip.
    8.42727e+02    1.48802e+04   -6.40743e+02   -9.41998e+04    4.32439e+02
      Potential    Kinetic En.   Total Energy  Conserved En.    Temperature
   -7.80686e+04    1.30920e+04   -6.49766e+04   -8.72269e+04    3.06999e+02
 Pres. DC (bar) Pressure (bar)   Constr. rmsd
   -2.09422e+02   -2.14678e+02    2.15872e-06


DD  step 3229999 load imb.: force 29.4%  pme mesh/force 0.468
           Step           Time
        3230000     6460.00000

   Energies (kJ/mol)
           Bond          Angle    Proper Dih. Per. Imp. Dih.          LJ-14
    7.66003e+01    1.84238e+02    1.89255e+02    4.92051e+00    9.90046e+01
     Coulomb-14        LJ (SR)  Disper. corr.   Coulomb (SR)   Coul. recip.
    8.34481e+02    1.51706e+04   -6.42739e+02   -9.49924e+04    4.09826e+02
      Potential    Kinetic En.   Total Energy  Conserved En.    Temperature
   -7.86662e+04    1.27992e+04   -6.58671e+04   -8.72692e+04    3.00134e+02
 Pres. DC (bar) Pressure (bar)   Constr. rmsd
   -2.10727e+02    4.41536e+01    2.46157e-06


DD  step 3234999 load imb.: force 33.4%  pme mesh/force 0.363
           Step           Time
        3235000     6470.00000

   Energies (kJ/mol)
           Bond          Angle    Proper Dih. Per. Imp. Dih.          LJ-14
    6.08898e+01    1.94544e+02    2.12117e+02    1.17114e+01    8.94634e+01
     Coulomb-14        LJ (SR)  Disper. corr.   Coulomb (SR)   Coul. recip.
    8.19216e+02    1.55098e+04   -6.47804e+02   -9.50804e+04    4.13160e+02
      Potential    Kinetic En.   Total Energy  Conserved En.    Temperature
   -7.84173e+04    1.26772e+04   -6.57401e+04   -8.72823e+04    2.97274e+02
 Pres. DC (bar) Pressure (bar)   Constr. rmsd
   -2.14057e+02    3.99974e+02    3.55175e-06


DD  step 3239999 load imb.: force 38.3%  pme mesh/force 0.977
           Step           Time
        3240000     6480.00000

   Energies (kJ/mol)
           Bond          Angle    Proper Dih. Per. Imp. Dih.          LJ-14
    6.58558e+01    1.90747e+02    2.05366e+02    2.62255e+00    9.55268e+01
     Coulomb-14        LJ (SR)  Disper. corr.   Coulomb (SR)   Coul. recip.
    8.16407e+02    1.50191e+04   -6.32472e+02   -9.42761e+04    4.11273e+02
      Potential    Kinetic En.   Total Energy  Conserved En.    Temperature
   -7.81017e+04    1.30907e+04   -6.50110e+04   -8.73651e+04    3.06970e+02
 Pres. DC (bar) Pressure (bar)   Constr. rmsd
   -2.04057e+02   -3.06891e+02    3.25971e-06


DD  step 3244999 load imb.: force 26.0%  pme mesh/force 0.294
           Step           Time
        3245000     6490.00000

   Energies (kJ/mol)
           Bond          Angle    Proper Dih. Per. Imp. Dih.          LJ-14
    7.55488e+01    2.22357e+02    2.29657e+02    7.49327e+00    1.02667e+02
     Coulomb-14        LJ (SR)  Disper. corr.   Coulomb (SR)   Coul. recip.
    8.36969e+02    1.45823e+04   -6.33624e+02   -9.34197e+04    4.34844e+02
      Potential    Kinetic En.   Total Energy  Conserved En.    Temperature
   -7.75615e+04    1.29695e+04   -6.45920e+04   -8.73757e+04    3.04127e+02
 Pres. DC (bar) Pressure (bar)   Constr. rmsd
   -2.04800e+02   -4.09815e+02    2.52102e-06


DD  step 3249999 load imb.: force 34.8%  pme mesh/force 0.546
           Step           Time
        3250000     6500.00000

   Energies (kJ/mol)
           Bond          Angle    Proper Dih. Per. Imp. Dih.          LJ-14
    7.68746e+01    1.89989e+02    2.23671e+02    1.22394e+01    1.09191e+02
     Coulomb-14        LJ (SR)  Disper. corr.   Coulomb (SR)   Coul. recip.
    7.91966e+02    1.49722e+04   -6.36454e+02   -9.43920e+04    4.31578e+02
      Potential    Kinetic En.   Total Energy  Conserved En.    Temperature
   -7.82208e+04    1.26499e+04   -6.55709e+04   -8.74375e+04    2.96633e+02
 Pres. DC (bar) Pressure (bar)   Constr. rmsd
   -2.06631e+02   -3.02299e+02    3.78825e-06


DD  step 3254999 load imb.: force 33.6%  pme mesh/force 0.459
           Step           Time
        3255000     6510.00000

   Energies (kJ/mol)
           Bond          Angle    Proper Dih. Per. Imp. Dih.          LJ-14
    5.10874e+01    1.62760e+02    2.34094e+02    1.15237e+01    1.09248e+02
     Coulomb-14        LJ (SR)  Disper. corr.   Coulomb (SR)   Coul. recip.
    8.78305e+02    1.52039e+04   -6.44097e+02   -9.52203e+04    3.83915e+02
      Potential    Kinetic En.   Total Energy  Conserved En.    Temperature
   -7.88296e+04    1.28199e+04   -6.60097e+04   -8.74611e+04    3.00619e+02
 Pres. DC (bar) Pressure (bar)   Constr. rmsd
   -2.11617e+02   -5.35675e+01    1.60666e-06


DD  step 3259999 load imb.: force 27.6%  pme mesh/force 0.420
           Step           Time
        3260000     6520.00000

   Energies (kJ/mol)
           Bond          Angle    Proper Dih. Per. Imp. Dih.          LJ-14
    4.91057e+01    2.17513e+02    2.08565e+02    4.11615e+00    9.55280e+01
     Coulomb-14        LJ (SR)  Disper. corr.   Coulomb (SR)   Coul. recip.
    8.14513e+02    1.54651e+04   -6.41406e+02   -9.51753e+04    3.73675e+02
      Potential    Kinetic En.   Total Energy  Conserved En.    Temperature
   -7.85886e+04    1.30088e+04   -6.55798e+04   -8.74675e+04    3.05049e+02
 Pres. DC (bar) Pressure (bar)   Constr. rmsd
   -2.09855e+02    3.77008e+02    2.98439e-06


DD  step 3264999 load imb.: force 30.5%  pme mesh/force 0.554
           Step           Time
        3265000     6530.00000

   Energies (kJ/mol)
           Bond          Angle    Proper Dih. Per. Imp. Dih.          LJ-14
    6.05599e+01    2.22490e+02    2.19238e+02    8.98093e+00    1.14146e+02
     Coulomb-14        LJ (SR)  Disper. corr.   Coulomb (SR)   Coul. recip.
    8.22062e+02    1.51512e+04   -6.37054e+02   -9.46312e+04    4.09889e+02
      Potential    Kinetic En.   Total Energy  Conserved En.    Temperature
   -7.82597e+04    1.28446e+04   -6.54151e+04   -8.75715e+04    3.01198e+02
 Pres. DC (bar) Pressure (bar)   Constr. rmsd
   -2.07020e+02    8.26209e+01    3.14985e-06


DD  step 3269999 load imb.: force 32.1%  pme mesh/force 0.588
           Step           Time
        3270000     6540.00000

   Energies (kJ/mol)
           Bond          Angle    Proper Dih. Per. Imp. Dih.          LJ-14
    8.81612e+01    2.14620e+02    2.04735e+02    8.67924e+00    9.53471e+01
     Coulomb-14        LJ (SR)  Disper. corr.   Coulomb (SR)   Coul. recip.
    8.12108e+02    1.51200e+04   -6.42145e+02   -9.45999e+04    3.94310e+02
      Potential    Kinetic En.   Total Energy  Conserved En.    Temperature
   -7.83041e+04    1.27203e+04   -6.55838e+04   -8.75929e+04    2.98284e+02
 Pres. DC (bar) Pressure (bar)   Constr. rmsd
   -2.10338e+02   -1.07970e+02    2.33500e-06


DD  step 3274999 load imb.: force 29.6%  pme mesh/force 0.444
           Step           Time
        3275000     6550.00000

   Energies (kJ/mol)
           Bond          Angle    Proper Dih. Per. Imp. Dih.          LJ-14
    6.60734e+01    1.94425e+02    2.32924e+02    9.34014e+00    1.05707e+02
     Coulomb-14        LJ (SR)  Disper. corr.   Coulomb (SR)   Coul. recip.
    8.15825e+02    1.47954e+04   -6.39819e+02   -9.37357e+04    4.35277e+02
      Potential    Kinetic En.   Total Energy  Conserved En.    Temperature
   -7.77205e+04    1.26688e+04   -6.50518e+04   -8.76246e+04    2.97076e+02
 Pres. DC (bar) Pressure (bar)   Constr. rmsd
   -2.08819e+02   -8.16681e+01    4.00284e-06


DD  step 3279999 load imb.: force 35.2%  pme mesh/force 0.445
           Step           Time
        3280000     6560.00000

   Energies (kJ/mol)
           Bond          Angle    Proper Dih. Per. Imp. Dih.          LJ-14
    9.47599e+01    1.73815e+02    2.00977e+02    5.34013e+00    9.81181e+01
     Coulomb-14        LJ (SR)  Disper. corr.   Coulomb (SR)   Coul. recip.
    8.00274e+02    1.51868e+04   -6.39032e+02   -9.48286e+04    4.20845e+02
      Potential    Kinetic En.   Total Energy  Conserved En.    Temperature
   -7.84867e+04    1.29231e+04   -6.55636e+04   -8.76500e+04    3.03040e+02
 Pres. DC (bar) Pressure (bar)   Constr. rmsd
   -2.08306e+02   -1.42001e+02    4.67306e-06


DD  step 3284999 load imb.: force 27.6%  pme mesh/force 0.651
           Step           Time
        3285000     6570.00000

   Energies (kJ/mol)
           Bond          Angle    Proper Dih. Per. Imp. Dih.          LJ-14
    4.75490e+01    1.86541e+02    2.00261e+02    8.94350e+00    9.12884e+01
     Coulomb-14        LJ (SR)  Disper. corr.   Coulomb (SR)   Coul. recip.
    8.36128e+02    1.51776e+04   -6.40570e+02   -9.45599e+04    4.01150e+02
      Potential    Kinetic En.   Total Energy  Conserved En.    Temperature
   -7.82510e+04    1.23622e+04   -6.58888e+04   -8.76735e+04    2.89887e+02
 Pres. DC (bar) Pressure (bar)   Constr. rmsd
   -2.09309e+02    6.94626e+00    2.25246e-06


DD  step 3289999 load imb.: force 30.2%  pme mesh/force 0.478
           Step           Time
        3290000     6580.00000

   Energies (kJ/mol)
           Bond          Angle    Proper Dih. Per. Imp. Dih.          LJ-14
    6.28217e+01    1.61088e+02    2.25789e+02    3.70500e+00    9.82697e+01
     Coulomb-14        LJ (SR)  Disper. corr.   Coulomb (SR)   Coul. recip.
    8.19303e+02    1.53195e+04   -6.45757e+02   -9.47393e+04    4.04730e+02
      Potential    Kinetic En.   Total Energy  Conserved En.    Temperature
   -7.82899e+04    1.26078e+04   -6.56821e+04   -8.76956e+04    2.95646e+02
 Pres. DC (bar) Pressure (bar)   Constr. rmsd
   -2.12709e+02    2.51338e+02    1.97389e-06


DD  step 3294999 load imb.: force 34.6%  pme mesh/force 0.443
           Step           Time
        3295000     6590.00000

   Energies (kJ/mol)
           Bond          Angle    Proper Dih. Per. Imp. Dih.          LJ-14
    7.30738e+01    1.93604e+02    2.31063e+02    9.24619e+00    1.17307e+02
     Coulomb-14        LJ (SR)  Disper. corr.   Coulomb (SR)   Coul. recip.
    8.25304e+02    1.47276e+04   -6.45148e+02   -9.38386e+04    4.27771e+02
      Potential    Kinetic En.   Total Energy  Conserved En.    Temperature
   -7.78787e+04    1.28534e+04   -6.50253e+04   -8.77595e+04    3.01405e+02
 Pres. DC (bar) Pressure (bar)   Constr. rmsd
   -2.12308e+02   -1.05574e+02    3.46872e-06


DD  step 3299999 load imb.: force 31.0%  pme mesh/force 0.473
           Step           Time
        3300000     6600.00000

   Energies (kJ/mol)
           Bond          Angle    Proper Dih. Per. Imp. Dih.          LJ-14
    6.35771e+01    1.70216e+02    2.15139e+02    6.48570e+00    9.23744e+01
     Coulomb-14        LJ (SR)  Disper. corr.   Coulomb (SR)   Coul. recip.
    8.12278e+02    1.54662e+04   -6.43928e+02   -9.49680e+04    3.90504e+02
      Potential    Kinetic En.   Total Energy  Conserved En.    Temperature
   -7.83951e+04    1.27569e+04   -6.56383e+04   -8.77742e+04    2.99142e+02
 Pres. DC (bar) Pressure (bar)   Constr. rmsd
   -2.11507e+02    2.25164e+02    1.83133e-06


DD  step 3304999 load imb.: force 34.4%  pme mesh/force 0.441
           Step           Time
        3305000     6610.00000

   Energies (kJ/mol)
           Bond          Angle    Proper Dih. Per. Imp. Dih.          LJ-14
    7.38652e+01    1.83085e+02    2.12035e+02    1.21618e+01    9.24201e+01
     Coulomb-14        LJ (SR)  Disper. corr.   Coulomb (SR)   Coul. recip.
    7.96073e+02    1.54985e+04   -6.42641e+02   -9.52998e+04    4.32892e+02
      Potential    Kinetic En.   Total Energy  Conserved En.    Temperature
   -7.86415e+04    1.27629e+04   -6.58785e+04   -8.77880e+04    2.99284e+02
 Pres. DC (bar) Pressure (bar)   Constr. rmsd
   -2.10663e+02    1.46265e+02    3.42863e-06


DD  step 3309999 load imb.: force 32.6%  pme mesh/force 0.464
           Step           Time
        3310000     6620.00000

   Energies (kJ/mol)
           Bond          Angle    Proper Dih. Per. Imp. Dih.          LJ-14
    8.97130e+01    1.75136e+02    1.93779e+02    1.01226e+01    1.04690e+02
     Coulomb-14        LJ (SR)  Disper. corr.   Coulomb (SR)   Coul. recip.
    7.99555e+02    1.57065e+04   -6.46499e+02   -9.55084e+04    4.10281e+02
      Potential    Kinetic En.   Total Energy  Conserved En.    Temperature
   -7.86651e+04    1.29997e+04   -6.56654e+04   -8.78380e+04    3.04837e+02
 Pres. DC (bar) Pressure (bar)   Constr. rmsd
   -2.13197e+02    7.39036e+02    1.95008e-06


DD  step 3314999 load imb.: force 33.0%  pme mesh/force 0.451
           Step           Time
        3315000     6630.00000

   Energies (kJ/mol)
           Bond          Angle    Proper Dih. Per. Imp. Dih.          LJ-14
    8.02665e+01    2.01282e+02    1.96601e+02    7.25910e+00    9.51322e+01
     Coulomb-14        LJ (SR)  Disper. corr.   Coulomb (SR)   Coul. recip.
    7.93600e+02    1.54061e+04   -6.40283e+02   -9.47838e+04    4.14268e+02
      Potential    Kinetic En.   Total Energy  Conserved En.    Temperature
   -7.82295e+04    1.30245e+04   -6.52050e+04   -8.78699e+04    3.05417e+02
 Pres. DC (bar) Pressure (bar)   Constr. rmsd
   -2.09122e+02    2.50843e+02    2.66509e-06


DD  step 3319999 load imb.: force 35.8%  pme mesh/force 0.584
           Step           Time
        3320000     6640.00000

   Energies (kJ/mol)
           Bond          Angle    Proper Dih. Per. Imp. Dih.          LJ-14
    7.66149e+01    1.94544e+02    2.18304e+02    1.44689e+01    1.08948e+02
     Coulomb-14        LJ (SR)  Disper. corr.   Coulomb (SR)   Coul. recip.
    8.11722e+02    1.47396e+04   -6.41888e+02   -9.42260e+04    4.23548e+02
      Potential    Kinetic En.   Total Energy  Conserved En.    Temperature
   -7.82802e+04    1.27355e+04   -6.55447e+04   -8.79182e+04    2.98641e+02
 Pres. DC (bar) Pressure (bar)   Constr. rmsd
   -2.10170e+02   -3.43064e+02    3.54994e-06


DD  step 3324999 load imb.: force 29.5%  pme mesh/force 0.470
           Step           Time
        3325000     6650.00000

   Energies (kJ/mol)
           Bond          Angle    Proper Dih. Per. Imp. Dih.          LJ-14
    1.03168e+02    1.72654e+02    2.26343e+02    1.78328e+01    1.03017e+02
     Coulomb-14        LJ (SR)  Disper. corr.   Coulomb (SR)   Coul. recip.
    7.99189e+02    1.56544e+04   -6.33687e+02   -9.53608e+04    3.90637e+02
      Potential    Kinetic En.   Total Energy  Conserved En.    Temperature
   -7.85272e+04    1.28302e+04   -6.56970e+04   -8.79783e+04    3.00861e+02
 Pres. DC (bar) Pressure (bar)   Constr. rmsd
   -2.04840e+02    9.14456e+01    1.97843e-06


DD  step 3329999 load imb.: force 34.8%  pme mesh/force 0.454
           Step           Time
        3330000     6660.00000

   Energies (kJ/mol)
           Bond          Angle    Proper Dih. Per. Imp. Dih.          LJ-14
    8.00680e+01    1.93692e+02    2.24389e+02    8.31583e+00    9.56158e+01
     Coulomb-14        LJ (SR)  Disper. corr.   Coulomb (SR)   Coul. recip.
    8.23274e+02    1.52513e+04   -6.45283e+02   -9.47982e+04    4.26177e+02
      Potential    Kinetic En.   Total Energy  Conserved En.    Temperature
   -7.83407e+04    1.25475e+04   -6.57931e+04   -8.79975e+04    2.94233e+02
 Pres. DC (bar) Pressure (bar)   Constr. rmsd
   -2.12396e+02    1.51368e+02    3.18103e-06


DD  step 3334999 load imb.: force 35.0%  pme mesh/force 0.439
           Step           Time
        3335000     6670.00000

   Energies (kJ/mol)
           Bond          Angle    Proper Dih. Per. Imp. Dih.          LJ-14
    1.08586e+02    1.93836e+02    1.91164e+02    5.98755e+00    9.40873e+01
     Coulomb-14        LJ (SR)  Disper. corr.   Coulomb (SR)   Coul. recip.
    8.14744e+02    1.49722e+04   -6.38975e+02   -9.41276e+04    4.16448e+02
      Potential    Kinetic En.   Total Energy  Conserved En.    Temperature
   -7.79696e+04    1.26584e+04   -6.53111e+04   -8.80226e+04    2.96834e+02
 Pres. DC (bar) Pressure (bar)   Constr. rmsd
   -2.08269e+02   -1.71089e+02    2.82496e-06


DD  step 3339999 load imb.: force 33.3%  pme mesh/force 0.443
           Step           Time
        3340000     6680.00000

   Energies (kJ/mol)
           Bond          Angle    Proper Dih. Per. Imp. Dih.          LJ-14
    6.72418e+01    2.12277e+02    2.15583e+02    1.61867e+01    1.03758e+02
     Coulomb-14        LJ (SR)  Disper. corr.   Coulomb (SR)   Coul. recip.
    8.08666e+02    1.48167e+04   -6.38661e+02   -9.38360e+04    4.55223e+02
      Potential    Kinetic En.   Total Energy  Conserved En.    Temperature
   -7.77790e+04    1.27641e+04   -6.50150e+04   -8.80461e+04    2.99310e+02
 Pres. DC (bar) Pressure (bar)   Constr. rmsd
   -2.08064e+02   -4.61946e+01    2.53385e-06


DD  step 3344999 load imb.: force 36.7%  pme mesh/force 0.441
           Step           Time
        3345000     6690.00000

   Energies (kJ/mol)
           Bond          Angle    Proper Dih. Per. Imp. Dih.          LJ-14
    8.63748e+01    2.41719e+02    2.18272e+02    1.40959e+01    1.01190e+02
     Coulomb-14        LJ (SR)  Disper. corr.   Coulomb (SR)   Coul. recip.
    8.46318e+02    1.50959e+04   -6.39266e+02   -9.47235e+04    4.06179e+02
      Potential    Kinetic En.   Total Energy  Conserved En.    Temperature
   -7.83527e+04    1.30570e+04   -6.52957e+04   -8.80930e+04    3.06181e+02
 Pres. DC (bar) Pressure (bar)   Constr. rmsd
   -2.08459e+02   -1.94422e+02    1.97066e-06


DD  step 3349999 load imb.: force 32.6%  pme mesh/force 0.439
           Step           Time
        3350000     6700.00000

   Energies (kJ/mol)
           Bond          Angle    Proper Dih. Per. Imp. Dih.          LJ-14
    7.36907e+01    1.77109e+02    2.38269e+02    1.47711e+01    1.06178e+02
     Coulomb-14        LJ (SR)  Disper. corr.   Coulomb (SR)   Coul. recip.
    8.02341e+02    1.49843e+04   -6.46758e+02   -9.43262e+04    4.10112e+02
      Potential    Kinetic En.   Total Energy  Conserved En.    Temperature
   -7.81662e+04    1.28216e+04   -6.53446e+04   -8.81336e+04    3.00659e+02
 Pres. DC (bar) Pressure (bar)   Constr. rmsd
   -2.13368e+02    3.40503e+01    2.59985e-06


DD  step 3354999 load imb.: force 37.3%  pme mesh/force 0.435
           Step           Time
        3355000     6710.00000

   Energies (kJ/mol)
           Bond          Angle    Proper Dih. Per. Imp. Dih.          LJ-14
    1.00199e+02    1.40214e+02    2.12649e+02    2.72860e+00    9.86212e+01
     Coulomb-14        LJ (SR)  Disper. corr.   Coulomb (SR)   Coul. recip.
    8.27197e+02    1.48925e+04   -6.37035e+02   -9.45704e+04    3.93236e+02
      Potential    Kinetic En.   Total Energy  Conserved En.    Temperature
   -7.85401e+04    1.24527e+04   -6.60874e+04   -8.81601e+04    2.92009e+02
 Pres. DC (bar) Pressure (bar)   Constr. rmsd
   -2.07008e+02   -4.75720e+02    4.32655e-06


DD  step 3359999 load imb.: force 38.2%  pme mesh/force 0.528
           Step           Time
        3360000     6720.00000

   Energies (kJ/mol)
           Bond          Angle    Proper Dih. Per. Imp. Dih.          LJ-14
    6.70645e+01    1.85302e+02    1.98060e+02    1.02609e+01    8.40120e+01
     Coulomb-14        LJ (SR)  Disper. corr.   Coulomb (SR)   Coul. recip.
    8.12346e+02    1.61530e+04   -6.39823e+02   -9.62379e+04    3.98498e+02
      Potential    Kinetic En.   Total Energy  Conserved En.    Temperature
   -7.89692e+04    1.26186e+04   -6.63506e+04   -8.82187e+04    2.95900e+02
 Pres. DC (bar) Pressure (bar)   Constr. rmsd
   -2.08821e+02    5.17256e+02    2.54388e-06


DD  step 3364999 load imb.: force 37.7%  pme mesh/force 0.554
           Step           Time
        3365000     6730.00000

   Energies (kJ/mol)
           Bond          Angle    Proper Dih. Per. Imp. Dih.          LJ-14
    1.03306e+02    2.13543e+02    2.24249e+02    1.49900e+01    1.06523e+02
     Coulomb-14        LJ (SR)  Disper. corr.   Coulomb (SR)   Coul. recip.
    8.14491e+02    1.47230e+04   -6.36488e+02   -9.34242e+04    4.06346e+02
      Potential    Kinetic En.   Total Energy  Conserved En.    Temperature
   -7.74542e+04    1.27193e+04   -6.47349e+04   -8.82259e+04    2.98262e+02
 Pres. DC (bar) Pressure (bar)   Constr. rmsd
   -2.06653e+02    7.18494e+01    2.53851e-06


DD  step 3369999 load imb.: force 29.8%  pme mesh/force 0.454
           Step           Time
        3370000     6740.00000

   Energies (kJ/mol)
           Bond          Angle    Proper Dih. Per. Imp. Dih.          LJ-14
    7.51898e+01    2.39381e+02    2.14228e+02    9.17949e+00    9.54312e+01
     Coulomb-14        LJ (SR)  Disper. corr.   Coulomb (SR)   Coul. recip.
    8.49502e+02    1.51932e+04   -6.36465e+02   -9.41577e+04    4.19218e+02
      Potential    Kinetic En.   Total Energy  Conserved En.    Temperature
   -7.76989e+04    1.30015e+04   -6.46974e+04   -8.82708e+04    3.04877e+02
 Pres. DC (bar) Pressure (bar)   Constr. rmsd
   -2.06638e+02    1.66643e+02    4.52855e-06


DD  step 3374999 load imb.: force 40.2%  pme mesh/force 0.429
           Step           Time
        3375000     6750.00000

   Energies (kJ/mol)
           Bond          Angle    Proper Dih. Per. Imp. Dih.          LJ-14
    6.18011e+01    2.06904e+02    2.04521e+02    5.60143e+00    1.03757e+02
     Coulomb-14        LJ (SR)  Disper. corr.   Coulomb (SR)   Coul. recip.
    7.71751e+02    1.53571e+04   -6.44307e+02   -9.46091e+04    4.29293e+02
      Potential    Kinetic En.   Total Energy  Conserved En.    Temperature
   -7.81126e+04    1.29718e+04   -6.51408e+04   -8.83307e+04    3.04182e+02
 Pres. DC (bar) Pressure (bar)   Constr. rmsd
   -2.11755e+02    5.77282e+02    2.50718e-06


DD  step 3379999 load imb.: force 38.8%  pme mesh/force 0.438
           Step           Time
        3380000     6760.00000

   Energies (kJ/mol)
           Bond          Angle    Proper Dih. Per. Imp. Dih.          LJ-14
    6.30654e+01    2.16174e+02    2.11966e+02    4.57130e+00    1.03766e+02
     Coulomb-14        LJ (SR)  Disper. corr.   Coulomb (SR)   Coul. recip.
    8.07615e+02    1.50638e+04   -6.38209e+02   -9.41767e+04    4.11824e+02
      Potential    Kinetic En.   Total Energy  Conserved En.    Temperature
   -7.79321e+04    1.28292e+04   -6.51028e+04   -8.83547e+04    3.00839e+02
 Pres. DC (bar) Pressure (bar)   Constr. rmsd
   -2.07771e+02   -4.06249e+01    2.49685e-06


DD  step 3384999 load imb.: force 32.6%  pme mesh/force 0.460
           Step           Time
        3385000     6770.00000

   Energies (kJ/mol)
           Bond          Angle    Proper Dih. Per. Imp. Dih.          LJ-14
    8.76960e+01    1.72236e+02    2.02135e+02    9.96042e+00    1.01727e+02
     Coulomb-14        LJ (SR)  Disper. corr.   Coulomb (SR)   Coul. recip.
    7.93738e+02    1.49292e+04   -6.41803e+02   -9.43009e+04    3.88170e+02
      Potential    Kinetic En.   Total Energy  Conserved En.    Temperature
   -7.82578e+04    1.27792e+04   -6.54786e+04   -8.83712e+04    2.99667e+02
 Pres. DC (bar) Pressure (bar)   Constr. rmsd
   -2.10114e+02   -1.54933e+02    4.43496e-06


DD  step 3389999 load imb.: force 32.2%  pme mesh/force 0.447
           Step           Time
        3390000     6780.00000

   Energies (kJ/mol)
           Bond          Angle    Proper Dih. Per. Imp. Dih.          LJ-14
    6.55285e+01    1.41648e+02    1.95331e+02    1.54851e+01    1.05111e+02
     Coulomb-14        LJ (SR)  Disper. corr.   Coulomb (SR)   Coul. recip.
    8.02903e+02    1.51917e+04   -6.37285e+02   -9.45886e+04    4.25493e+02
      Potential    Kinetic En.   Total Energy  Conserved En.    Temperature
   -7.82827e+04    1.27145e+04   -6.55682e+04   -8.84263e+04    2.98147e+02
 Pres. DC (bar) Pressure (bar)   Constr. rmsd
   -2.07170e+02    8.99256e+01    1.48008e-06


DD  step 3394999 load imb.: force 30.3%  pme mesh/force 0.435
           Step           Time
        3395000     6790.00000

   Energies (kJ/mol)
           Bond          Angle    Proper Dih. Per. Imp. Dih.          LJ-14
    5.73870e+01    2.26545e+02    2.20167e+02    2.30775e+01    9.58203e+01
     Coulomb-14        LJ (SR)  Disper. corr.   Coulomb (SR)   Coul. recip.
    8.10492e+02    1.51751e+04   -6.35628e+02   -9.43523e+04    4.24949e+02
      Potential    Kinetic En.   Total Energy  Conserved En.    Temperature
   -7.79545e+04    1.30158e+04   -6.49387e+04   -8.84626e+04    3.05213e+02
 Pres. DC (bar) Pressure (bar)   Constr. rmsd
   -2.06095e+02    2.98787e+01    3.11070e-06


DD  step 3399999 load imb.: force 103.4%  pme mesh/force 0.200
           Step           Time
        3400000     6800.00000

   Energies (kJ/mol)
           Bond          Angle    Proper Dih. Per. Imp. Dih.          LJ-14
    8.82008e+01    1.96499e+02    2.17561e+02    1.10364e+01    1.00533e+02
     Coulomb-14        LJ (SR)  Disper. corr.   Coulomb (SR)   Coul. recip.
    8.21678e+02    1.47569e+04   -6.40524e+02   -9.44453e+04    4.33268e+02
      Potential    Kinetic En.   Total Energy  Conserved En.    Temperature
   -7.84602e+04    1.27935e+04   -6.56666e+04   -8.84724e+04    3.00001e+02
 Pres. DC (bar) Pressure (bar)   Constr. rmsd
   -2.09279e+02   -6.41372e+02    3.27385e-06


DD  step 3404999 load imb.: force 32.1%  pme mesh/force 0.570
           Step           Time
        3405000     6810.00000

   Energies (kJ/mol)
           Bond          Angle    Proper Dih. Per. Imp. Dih.          LJ-14
    7.38868e+01    2.22221e+02    2.09368e+02    7.27250e+00    1.04914e+02
     Coulomb-14        LJ (SR)  Disper. corr.   Coulomb (SR)   Coul. recip.
    7.78108e+02    1.52792e+04   -6.37882e+02   -9.46383e+04    4.02564e+02
      Potential    Kinetic En.   Total Energy  Conserved En.    Temperature
   -7.81986e+04    1.27717e+04   -6.54270e+04   -8.85249e+04    2.99489e+02
 Pres. DC (bar) Pressure (bar)   Constr. rmsd
   -2.07558e+02    3.15835e+00    2.99435e-06


DD  step 3409999 load imb.: force 30.3%  pme mesh/force 0.577
           Step           Time
        3410000     6820.00000

   Energies (kJ/mol)
           Bond          Angle    Proper Dih. Per. Imp. Dih.          LJ-14
    7.46205e+01    1.49491e+02    2.26936e+02    1.14416e+01    1.10320e+02
     Coulomb-14        LJ (SR)  Disper. corr.   Coulomb (SR)   Coul. recip.
    7.61474e+02    1.51159e+04   -6.37552e+02   -9.47839e+04    4.28470e+02
      Potential    Kinetic En.   Total Energy  Conserved En.    Temperature
   -7.85428e+04    1.28578e+04   -6.56850e+04   -8.85507e+04    3.01509e+02
 Pres. DC (bar) Pressure (bar)   Constr. rmsd
   -2.07344e+02   -1.29107e+02    2.06526e-06


DD  step 3414999 load imb.: force 31.6%  pme mesh/force 0.470
           Step           Time
        3415000     6830.00000

   Energies (kJ/mol)
           Bond          Angle    Proper Dih. Per. Imp. Dih.          LJ-14
    5.91654e+01    1.99823e+02    2.05981e+02    7.48135e+00    1.12584e+02
     Coulomb-14        LJ (SR)  Disper. corr.   Coulomb (SR)   Coul. recip.
    8.06274e+02    1.49809e+04   -6.42990e+02   -9.46815e+04    4.12353e+02
      Potential    Kinetic En.   Total Energy  Conserved En.    Temperature
   -7.85399e+04    1.30456e+04   -6.54943e+04   -8.86254e+04    3.05913e+02
 Pres. DC (bar) Pressure (bar)   Constr. rmsd
   -2.10892e+02   -1.33017e+02    2.11499e-06


DD  step 3419999 load imb.: force 27.8%  pme mesh/force 0.619
           Step           Time
        3420000     6840.00000

   Energies (kJ/mol)
           Bond          Angle    Proper Dih. Per. Imp. Dih.          LJ-14
    5.84842e+01    1.84982e+02    2.18322e+02    1.37571e+01    1.08739e+02
     Coulomb-14        LJ (SR)  Disper. corr.   Coulomb (SR)   Coul. recip.
    8.31038e+02    1.49658e+04   -6.38578e+02   -9.45065e+04    4.30945e+02
      Potential    Kinetic En.   Total Energy  Conserved En.    Temperature
   -7.83331e+04    1.28236e+04   -6.55095e+04   -8.86235e+04    3.00706e+02
 Pres. DC (bar) Pressure (bar)   Constr. rmsd
   -2.08010e+02   -5.86655e+01    4.63293e-06


DD  step 3424999 load imb.: force 29.6%  pme mesh/force 0.593
           Step           Time
        3425000     6850.00000

   Energies (kJ/mol)
           Bond          Angle    Proper Dih. Per. Imp. Dih.          LJ-14
    1.10200e+02    1.71573e+02    2.13449e+02    8.49174e+00    9.72219e+01
     Coulomb-14        LJ (SR)  Disper. corr.   Coulomb (SR)   Coul. recip.
    7.79906e+02    1.50308e+04   -6.39919e+02   -9.47231e+04    4.21616e+02
      Potential    Kinetic En.   Total Energy  Conserved En.    Temperature
   -7.85298e+04    1.28631e+04   -6.56668e+04   -8.86666e+04    3.01632e+02
 Pres. DC (bar) Pressure (bar)   Constr. rmsd
   -2.08884e+02   -2.86332e+02    1.98950e-06


DD  step 3429999 load imb.: force 37.4%  pme mesh/force 0.496
           Step           Time
        3430000     6860.00000

   Energies (kJ/mol)
           Bond          Angle    Proper Dih. Per. Imp. Dih.          LJ-14
    5.73141e+01    1.82408e+02    2.08886e+02    8.01785e+00    1.17807e+02
     Coulomb-14        LJ (SR)  Disper. corr.   Coulomb (SR)   Coul. recip.
    8.04432e+02    1.50342e+04   -6.41650e+02   -9.48156e+04    4.27841e+02
      Potential    Kinetic En.   Total Energy  Conserved En.    Temperature
   -7.86163e+04    1.28594e+04   -6.57569e+04   -8.86851e+04    3.01546e+02
 Pres. DC (bar) Pressure (bar)   Constr. rmsd
   -2.10014e+02   -4.04606e+01    2.54277e-06


DD  step 3434999 load imb.: force 18.2%  pme mesh/force 1.699
           Step           Time
        3435000     6870.00000

   Energies (kJ/mol)
           Bond          Angle    Proper Dih. Per. Imp. Dih.          LJ-14
    6.65214e+01    1.73068e+02    2.16523e+02    3.84062e+00    1.08999e+02
     Coulomb-14        LJ (SR)  Disper. corr.   Coulomb (SR)   Coul. recip.
    8.05838e+02    1.60048e+04   -6.39348e+02   -9.55833e+04    4.02240e+02
      Potential    Kinetic En.   Total Energy  Conserved En.    Temperature
   -7.84408e+04    1.28638e+04   -6.55770e+04   -8.87390e+04    3.01650e+02
 Pres. DC (bar) Pressure (bar)   Constr. rmsd
   -2.08512e+02    9.39491e+02    4.86475e-06


DD  step 3439999 load imb.: force 32.3%  pme mesh/force 0.674
           Step           Time
        3440000     6880.00000

   Energies (kJ/mol)
           Bond          Angle    Proper Dih. Per. Imp. Dih.          LJ-14
    1.08148e+02    2.06328e+02    1.92822e+02    7.29620e+00    8.60215e+01
     Coulomb-14        LJ (SR)  Disper. corr.   Coulomb (SR)   Coul. recip.
    7.84746e+02    1.50160e+04   -6.37539e+02   -9.42722e+04    3.98699e+02
      Potential    Kinetic En.   Total Energy  Conserved En.    Temperature
   -7.81096e+04    1.31405e+04   -6.49691e+04   -8.87621e+04    3.08138e+02
 Pres. DC (bar) Pressure (bar)   Constr. rmsd
   -2.07335e+02   -2.48517e+02    1.99308e-06


DD  step 3444999 load imb.: force 35.8%  pme mesh/force 0.399
           Step           Time
        3445000     6890.00000

   Energies (kJ/mol)
           Bond          Angle    Proper Dih. Per. Imp. Dih.          LJ-14
    7.32463e+01    1.97748e+02    2.23114e+02    1.80380e+01    1.03290e+02
     Coulomb-14        LJ (SR)  Disper. corr.   Coulomb (SR)   Coul. recip.
    7.85007e+02    1.48623e+04   -6.38151e+02   -9.41826e+04    4.09726e+02
      Potential    Kinetic En.   Total Energy  Conserved En.    Temperature
   -7.81483e+04    1.28280e+04   -6.53203e+04   -8.87956e+04    3.00810e+02
 Pres. DC (bar) Pressure (bar)   Constr. rmsd
   -2.07733e+02   -3.11336e+02    2.31639e-06


DD  step 3449999 load imb.: force 31.3%  pme mesh/force 0.626
           Step           Time
        3450000     6900.00000

   Energies (kJ/mol)
           Bond          Angle    Proper Dih. Per. Imp. Dih.          LJ-14
    7.62927e+01    1.98585e+02    2.22629e+02    9.90684e+00    1.11305e+02
     Coulomb-14        LJ (SR)  Disper. corr.   Coulomb (SR)   Coul. recip.
    7.73246e+02    1.50941e+04   -6.37256e+02   -9.43670e+04    4.16068e+02
      Potential    Kinetic En.   Total Energy  Conserved En.    Temperature
   -7.81021e+04    1.26085e+04   -6.54936e+04   -8.87939e+04    2.95664e+02
 Pres. DC (bar) Pressure (bar)   Constr. rmsd
   -2.07152e+02   -8.40101e+01    2.85466e-06


DD  step 3454999 load imb.: force 35.7%  pme mesh/force 0.519
           Step           Time
        3455000     6910.00000

   Energies (kJ/mol)
           Bond          Angle    Proper Dih. Per. Imp. Dih.          LJ-14
    7.67246e+01    2.11698e+02    2.25799e+02    4.93358e+00    1.16277e+02
     Coulomb-14        LJ (SR)  Disper. corr.   Coulomb (SR)   Coul. recip.
    8.23568e+02    1.51569e+04   -6.36817e+02   -9.44375e+04    3.92176e+02
      Potential    Kinetic En.   Total Energy  Conserved En.    Temperature
   -7.80662e+04    1.31184e+04   -6.49478e+04   -8.88422e+04    3.07620e+02
 Pres. DC (bar) Pressure (bar)   Constr. rmsd
   -2.06866e+02    5.81985e+01    4.05224e-06


DD  step 3459999 load imb.: force 110.7%  pme mesh/force 0.218
           Step           Time
        3460000     6920.00000

   Energies (kJ/mol)
           Bond          Angle    Proper Dih. Per. Imp. Dih.          LJ-14
    6.30104e+01    1.43591e+02    2.10855e+02    1.33261e+01    1.22237e+02
     Coulomb-14        LJ (SR)  Disper. corr.   Coulomb (SR)   Coul. recip.
    8.40501e+02    1.51267e+04   -6.41239e+02   -9.47889e+04    4.21169e+02
      Potential    Kinetic En.   Total Energy  Conserved En.    Temperature
   -7.84887e+04    1.25753e+04   -6.59134e+04   -8.88587e+04    2.94884e+02
 Pres. DC (bar) Pressure (bar)   Constr. rmsd
   -2.09746e+02    4.43620e+01    2.71725e-06


DD  step 3464999 load imb.: force 42.2%  pme mesh/force 0.481
           Step           Time
        3465000     6930.00000

   Energies (kJ/mol)
           Bond          Angle    Proper Dih. Per. Imp. Dih.          LJ-14
    7.08745e+01    2.05146e+02    2.11955e+02    9.00292e+00    1.14584e+02
     Coulomb-14        LJ (SR)  Disper. corr.   Coulomb (SR)   Coul. recip.
    8.07897e+02    1.51327e+04   -6.48427e+02   -9.43210e+04    4.42450e+02
      Potential    Kinetic En.   Total Energy  Conserved En.    Temperature
   -7.79748e+04    1.28497e+04   -6.51251e+04   -8.89081e+04    3.01320e+02
 Pres. DC (bar) Pressure (bar)   Constr. rmsd
   -2.14469e+02    2.81649e+02    4.12952e-06


DD  step 3469999 load imb.: force 32.2%  pme mesh/force 0.529
           Step           Time
        3470000     6940.00000

   Energies (kJ/mol)
           Bond          Angle    Proper Dih. Per. Imp. Dih.          LJ-14
    7.12665e+01    1.95780e+02    2.19040e+02    6.40627e+00    1.20149e+02
     Coulomb-14        LJ (SR)  Disper. corr.   Coulomb (SR)   Coul. recip.
    7.82825e+02    1.55773e+04   -6.38970e+02   -9.45929e+04    4.31364e+02
      Potential    Kinetic En.   Total Energy  Conserved En.    Temperature
   -7.78277e+04    1.31413e+04   -6.46864e+04   -8.89242e+04    3.08156e+02
 Pres. DC (bar) Pressure (bar)   Constr. rmsd
   -2.08266e+02    9.38148e+02    2.88188e-06


DD  step 3474999 load imb.: force 26.0%  pme mesh/force 0.434
           Step           Time
        3475000     6950.00000

   Energies (kJ/mol)
           Bond          Angle    Proper Dih. Per. Imp. Dih.          LJ-14
    6.40746e+01    2.16880e+02    1.90321e+02    5.62436e+00    1.13916e+02
     Coulomb-14        LJ (SR)  Disper. corr.   Coulomb (SR)   Coul. recip.
    8.02573e+02    1.50185e+04   -6.39101e+02   -9.47588e+04    4.19973e+02
      Potential    Kinetic En.   Total Energy  Conserved En.    Temperature
   -7.85661e+04    1.26464e+04   -6.59197e+04   -8.89780e+04    2.96552e+02
 Pres. DC (bar) Pressure (bar)   Constr. rmsd
   -2.08351e+02   -2.13471e+02    2.42304e-06


DD  step 3479999 load imb.: force 29.0%  pme mesh/force 0.547
           Step           Time
        3480000     6960.00000

   Energies (kJ/mol)
           Bond          Angle    Proper Dih. Per. Imp. Dih.          LJ-14
    5.26858e+01    1.92606e+02    1.97060e+02    1.65158e+01    1.10445e+02
     Coulomb-14        LJ (SR)  Disper. corr.   Coulomb (SR)   Coul. recip.
    7.77351e+02    1.51333e+04   -6.39363e+02   -9.46487e+04    3.94334e+02
      Potential    Kinetic En.   Total Energy  Conserved En.    Temperature
   -7.84137e+04    1.27582e+04   -6.56555e+04   -8.89918e+04    2.99174e+02
 Pres. DC (bar) Pressure (bar)   Constr. rmsd
   -2.08522e+02   -5.65639e+01    2.65102e-06


DD  step 3484999 load imb.: force 26.0%  pme mesh/force 0.254
           Step           Time
        3485000     6970.00000

   Energies (kJ/mol)
           Bond          Angle    Proper Dih. Per. Imp. Dih.          LJ-14
    7.28424e+01    2.08553e+02    2.04780e+02    8.56214e+00    1.07795e+02
     Coulomb-14        LJ (SR)  Disper. corr.   Coulomb (SR)   Coul. recip.
    7.81044e+02    1.52314e+04   -6.43777e+02   -9.45041e+04    4.29497e+02
      Potential    Kinetic En.   Total Energy  Conserved En.    Temperature
   -7.81033e+04    1.34434e+04   -6.46600e+04   -8.90524e+04    3.15240e+02
 Pres. DC (bar) Pressure (bar)   Constr. rmsd
   -2.11408e+02    2.64846e+02    3.35747e-06


DD  step 3489999 load imb.: force 43.4%  pme mesh/force 0.424
           Step           Time
        3490000     6980.00000

   Energies (kJ/mol)
           Bond          Angle    Proper Dih. Per. Imp. Dih.          LJ-14
    7.14469e+01    1.82192e+02    1.99964e+02    6.60891e+00    1.09387e+02
     Coulomb-14        LJ (SR)  Disper. corr.   Coulomb (SR)   Coul. recip.
    8.23285e+02    1.49603e+04   -6.38300e+02   -9.40317e+04    4.02884e+02
      Potential    Kinetic En.   Total Energy  Conserved En.    Temperature
   -7.79140e+04    1.28538e+04   -6.50602e+04   -8.90454e+04    3.01414e+02
 Pres. DC (bar) Pressure (bar)   Constr. rmsd
   -2.07830e+02    9.65336e+01    1.94882e-06


DD  step 3494999 load imb.: force 89.1%  pme mesh/force 0.210
           Step           Time
        3495000     6990.00000

   Energies (kJ/mol)
           Bond          Angle    Proper Dih. Per. Imp. Dih.          LJ-14
    7.58472e+01    2.13509e+02    1.89743e+02    1.50361e+01    9.31999e+01
     Coulomb-14        LJ (SR)  Disper. corr.   Coulomb (SR)   Coul. recip.
    7.60930e+02    1.49248e+04   -6.44930e+02   -9.43185e+04    4.46402e+02
      Potential    Kinetic En.   Total Energy  Conserved En.    Temperature
   -7.82440e+04    1.29306e+04   -6.53134e+04   -8.91149e+04    3.03217e+02
 Pres. DC (bar) Pressure (bar)   Constr. rmsd
   -2.12165e+02   -2.39623e+02    2.36531e-06


DD  step 3499999 load imb.: force 31.3%  pme mesh/force 0.539
           Step           Time
        3500000     7000.00000

   Energies (kJ/mol)
           Bond          Angle    Proper Dih. Per. Imp. Dih.          LJ-14
    7.68256e+01    1.75976e+02    2.12525e+02    8.10348e+00    1.07653e+02
     Coulomb-14        LJ (SR)  Disper. corr.   Coulomb (SR)   Coul. recip.
    8.42118e+02    1.54417e+04   -6.43383e+02   -9.52513e+04    4.14879e+02
      Potential    Kinetic En.   Total Energy  Conserved En.    Temperature
   -7.86149e+04    1.29429e+04   -6.56720e+04   -8.91361e+04    3.03504e+02
 Pres. DC (bar) Pressure (bar)   Constr. rmsd
   -2.11149e+02    4.38044e+01    1.89895e-06


DD  step 3504999 load imb.: force 31.6%  pme mesh/force 0.449
           Step           Time
        3505000     7010.00000

   Energies (kJ/mol)
           Bond          Angle    Proper Dih. Per. Imp. Dih.          LJ-14
    6.99859e+01    2.00388e+02    2.08913e+02    1.01196e+01    9.26260e+01
     Coulomb-14        LJ (SR)  Disper. corr.   Coulomb (SR)   Coul. recip.
    8.17009e+02    1.51156e+04   -6.41268e+02   -9.46790e+04    4.15872e+02
      Potential    Kinetic En.   Total Energy  Conserved En.    Temperature
   -7.83897e+04    1.25797e+04   -6.58100e+04   -8.91562e+04    2.94987e+02
 Pres. DC (bar) Pressure (bar)   Constr. rmsd
   -2.09765e+02   -2.52290e+02    2.64761e-06


DD  step 3509999 load imb.: force 32.4%  pme mesh/force 0.482
           Step           Time
        3510000     7020.00000

   Energies (kJ/mol)
           Bond          Angle    Proper Dih. Per. Imp. Dih.          LJ-14
    1.06132e+02    2.10090e+02    1.97008e+02    1.06825e+01    1.01958e+02
     Coulomb-14        LJ (SR)  Disper. corr.   Coulomb (SR)   Coul. recip.
    7.95735e+02    1.50199e+04   -6.33325e+02   -9.45897e+04    4.18955e+02
      Potential    Kinetic En.   Total Energy  Conserved En.    Temperature
   -7.83626e+04    1.27063e+04   -6.56562e+04   -8.91804e+04    2.97957e+02
 Pres. DC (bar) Pressure (bar)   Constr. rmsd
   -2.04606e+02   -3.63500e+02    1.94803e-06


DD  step 3514999 load imb.: force 35.1%  pme mesh/force 0.449
           Step           Time
        3515000     7030.00000

   Energies (kJ/mol)
           Bond          Angle    Proper Dih. Per. Imp. Dih.          LJ-14
    6.61856e+01    2.17650e+02    1.96205e+02    5.01960e+00    1.02915e+02
     Coulomb-14        LJ (SR)  Disper. corr.   Coulomb (SR)   Coul. recip.
    8.48116e+02    1.51513e+04   -6.42318e+02   -9.42548e+04    4.04989e+02
      Potential    Kinetic En.   Total Energy  Conserved En.    Temperature
   -7.79048e+04    1.25648e+04   -6.53399e+04   -8.91936e+04    2.94639e+02
 Pres. DC (bar) Pressure (bar)   Constr. rmsd
   -2.10451e+02    2.53770e+02    3.13527e-06


DD  step 3519999 load imb.: force 33.0%  pme mesh/force 1.474
           Step           Time
        3520000     7040.00000

   Energies (kJ/mol)
           Bond          Angle    Proper Dih. Per. Imp. Dih.          LJ-14
    8.20056e+01    1.42226e+02    1.99166e+02    7.85598e+00    1.02518e+02
     Coulomb-14        LJ (SR)  Disper. corr.   Coulomb (SR)   Coul. recip.
    8.09198e+02    1.50501e+04   -6.45915e+02   -9.46743e+04    3.77478e+02
      Potential    Kinetic En.   Total Energy  Conserved En.    Temperature
   -7.85497e+04    1.26821e+04   -6.58676e+04   -8.92297e+04    2.97388e+02
 Pres. DC (bar) Pressure (bar)   Constr. rmsd
   -2.12812e+02   -1.24804e+02    2.79499e-06


DD  step 3524999 load imb.: force 32.9%  pme mesh/force 0.654
           Step           Time
        3525000     7050.00000

   Energies (kJ/mol)
           Bond          Angle    Proper Dih. Per. Imp. Dih.          LJ-14
    7.04916e+01    2.12377e+02    1.94010e+02    3.65457e+00    1.01147e+02
     Coulomb-14        LJ (SR)  Disper. corr.   Coulomb (SR)   Coul. recip.
    8.11190e+02    1.48725e+04   -6.42010e+02   -9.42309e+04    4.54338e+02
      Potential    Kinetic En.   Total Energy  Conserved En.    Temperature
   -7.81532e+04    1.27179e+04   -6.54353e+04   -8.92582e+04    2.98228e+02
 Pres. DC (bar) Pressure (bar)   Constr. rmsd
   -2.10250e+02   -1.58139e+02    3.40786e-06


DD  step 3529999 load imb.: force 37.6%  pme mesh/force 0.423
           Step           Time
        3530000     7060.00000

   Energies (kJ/mol)
           Bond          Angle    Proper Dih. Per. Imp. Dih.          LJ-14
    7.63556e+01    2.31985e+02    1.97524e+02    7.62635e+00    1.09924e+02
     Coulomb-14        LJ (SR)  Disper. corr.   Coulomb (SR)   Coul. recip.
    8.26287e+02    1.56806e+04   -6.43248e+02   -9.52558e+04    4.25861e+02
      Potential    Kinetic En.   Total Energy  Conserved En.    Temperature
   -7.83428e+04    1.26976e+04   -6.56453e+04   -8.92892e+04    2.97751e+02
 Pres. DC (bar) Pressure (bar)   Constr. rmsd
   -2.11061e+02    4.84694e+02    1.70274e-06


DD  step 3534999 load imb.: force 32.1%  pme mesh/force 0.448
           Step           Time
        3535000     7070.00000

   Energies (kJ/mol)
           Bond          Angle    Proper Dih. Per. Imp. Dih.          LJ-14
    7.01760e+01    1.99433e+02    2.22619e+02    8.24906e+00    9.55550e+01
     Coulomb-14        LJ (SR)  Disper. corr.   Coulomb (SR)   Coul. recip.
    8.08972e+02    1.54967e+04   -6.34384e+02   -9.51621e+04    4.20454e+02
      Potential    Kinetic En.   Total Energy  Conserved En.    Temperature
   -7.84743e+04    1.27531e+04   -6.57212e+04   -8.93550e+04    2.99054e+02
 Pres. DC (bar) Pressure (bar)   Constr. rmsd
   -2.05290e+02    1.41647e+02    2.54945e-06


DD  step 3539999 load imb.: force 33.0%  pme mesh/force 0.454
           Step           Time
        3540000     7080.00000

   Energies (kJ/mol)
           Bond          Angle    Proper Dih. Per. Imp. Dih.          LJ-14
    7.99300e+01    1.91608e+02    1.95875e+02    1.27629e+01    1.06895e+02
     Coulomb-14        LJ (SR)  Disper. corr.   Coulomb (SR)   Coul. recip.
    7.87933e+02    1.53355e+04   -6.44853e+02   -9.49714e+04    3.91485e+02
      Potential    Kinetic En.   Total Energy  Conserved En.    Temperature
   -7.85142e+04    1.26792e+04   -6.58350e+04   -8.94068e+04    2.97320e+02
 Pres. DC (bar) Pressure (bar)   Constr. rmsd
   -2.12114e+02    1.73334e+02    3.45241e-06


DD  step 3544999 load imb.: force 39.3%  pme mesh/force 0.391
           Step           Time
        3545000     7090.00000

   Energies (kJ/mol)
           Bond          Angle    Proper Dih. Per. Imp. Dih.          LJ-14
    8.91146e+01    1.93798e+02    2.04324e+02    9.59582e+00    1.16504e+02
     Coulomb-14        LJ (SR)  Disper. corr.   Coulomb (SR)   Coul. recip.
    8.09378e+02    1.50349e+04   -6.41827e+02   -9.45409e+04    4.29822e+02
      Potential    Kinetic En.   Total Energy  Conserved En.    Temperature
   -7.82953e+04    1.31699e+04   -6.51254e+04   -8.94116e+04    3.08828e+02
 Pres. DC (bar) Pressure (bar)   Constr. rmsd
   -2.10130e+02   -3.12400e+01    2.36790e-06


DD  step 3549999 load imb.: force 38.4%  pme mesh/force 0.398
           Step           Time
        3550000     7100.00000

   Energies (kJ/mol)
           Bond          Angle    Proper Dih. Per. Imp. Dih.          LJ-14
    6.77767e+01    1.78565e+02    2.24445e+02    1.34367e+01    9.56199e+01
     Coulomb-14        LJ (SR)  Disper. corr.   Coulomb (SR)   Coul. recip.
    8.11537e+02    1.51243e+04   -6.39997e+02   -9.42217e+04    3.89320e+02
      Potential    Kinetic En.   Total Energy  Conserved En.    Temperature
   -7.79567e+04    1.27751e+04   -6.51816e+04   -8.94698e+04    2.99570e+02
 Pres. DC (bar) Pressure (bar)   Constr. rmsd
   -2.08935e+02    5.78790e+01    2.42381e-06


DD  step 3554999 load imb.: force 28.8%  pme mesh/force 0.450
           Step           Time
        3555000     7110.00000

   Energies (kJ/mol)
           Bond          Angle    Proper Dih. Per. Imp. Dih.          LJ-14
    4.86544e+01    2.05783e+02    2.31011e+02    1.28429e+01    1.20776e+02
     Coulomb-14        LJ (SR)  Disper. corr.   Coulomb (SR)   Coul. recip.
    8.19626e+02    1.49099e+04   -6.38311e+02   -9.39822e+04    3.96298e+02
      Potential    Kinetic En.   Total Energy  Conserved En.    Temperature
   -7.78756e+04    1.31442e+04   -6.47314e+04   -8.94877e+04    3.08226e+02
 Pres. DC (bar) Pressure (bar)   Constr. rmsd
   -2.07837e+02    8.93301e+01    1.97412e-06


DD  step 3559999 load imb.: force 45.4%  pme mesh/force 0.415
           Step           Time
        3560000     7120.00000

   Energies (kJ/mol)
           Bond          Angle    Proper Dih. Per. Imp. Dih.          LJ-14
    8.79540e+01    1.97510e+02    2.18770e+02    9.56175e+00    1.08843e+02
     Coulomb-14        LJ (SR)  Disper. corr.   Coulomb (SR)   Coul. recip.
    8.27659e+02    1.49519e+04   -6.35021e+02   -9.39814e+04    4.20633e+02
      Potential    Kinetic En.   Total Energy  Conserved En.    Temperature
   -7.77936e+04    1.27065e+04   -6.50870e+04   -8.95368e+04    2.97962e+02
 Pres. DC (bar) Pressure (bar)   Constr. rmsd
   -2.05702e+02   -4.17937e+01    3.98790e-06


DD  step 3564999 load imb.: force 24.1%  pme mesh/force 0.250
           Step           Time
        3565000     7130.00000

   Energies (kJ/mol)
           Bond          Angle    Proper Dih. Per. Imp. Dih.          LJ-14
    7.78479e+01    1.73917e+02    1.94587e+02    1.03589e+01    1.06669e+02
     Coulomb-14        LJ (SR)  Disper. corr.   Coulomb (SR)   Coul. recip.
    8.18713e+02    1.47140e+04   -6.35613e+02   -9.40447e+04    4.05744e+02
      Potential    Kinetic En.   Total Energy  Conserved En.    Temperature
   -7.81784e+04    1.28345e+04   -6.53439e+04   -8.95460e+04    3.00962e+02
 Pres. DC (bar) Pressure (bar)   Constr. rmsd
   -2.06086e+02   -6.36877e+02    3.57278e-06


DD  step 3569999 load imb.: force 31.4%  pme mesh/force 0.442
           Step           Time
        3570000     7140.00000

   Energies (kJ/mol)
           Bond          Angle    Proper Dih. Per. Imp. Dih.          LJ-14
    8.46501e+01    2.03583e+02    2.14169e+02    1.08454e+01    1.05497e+02
     Coulomb-14        LJ (SR)  Disper. corr.   Coulomb (SR)   Coul. recip.
    8.40076e+02    1.57255e+04   -6.39025e+02   -9.51212e+04    4.08968e+02
      Potential    Kinetic En.   Total Energy  Conserved En.    Temperature
   -7.81669e+04    1.28601e+04   -6.53069e+04   -8.95874e+04    3.01562e+02
 Pres. DC (bar) Pressure (bar)   Constr. rmsd
   -2.08302e+02    6.82040e+02    1.73231e-06


DD  step 3574999 load imb.: force 35.0%  pme mesh/force 0.562
           Step           Time
        3575000     7150.00000

   Energies (kJ/mol)
           Bond          Angle    Proper Dih. Per. Imp. Dih.          LJ-14
    8.06914e+01    2.02626e+02    2.03774e+02    3.54177e+00    1.00583e+02
     Coulomb-14        LJ (SR)  Disper. corr.   Coulomb (SR)   Coul. recip.
    7.94529e+02    1.49014e+04   -6.35197e+02   -9.47212e+04    4.16889e+02
      Potential    Kinetic En.   Total Energy  Conserved En.    Temperature
   -7.86524e+04    1.28370e+04   -6.58154e+04   -8.96071e+04    3.01022e+02
 Pres. DC (bar) Pressure (bar)   Constr. rmsd
   -2.05816e+02   -4.92784e+02    3.03428e-06


DD  step 3579999 load imb.: force 34.4%  pme mesh/force 0.436
           Step           Time
        3580000     7160.00000

   Energies (kJ/mol)
           Bond          Angle    Proper Dih. Per. Imp. Dih.          LJ-14
    6.14269e+01    2.55712e+02    2.24410e+02    8.55673e+00    1.06992e+02
     Coulomb-14        LJ (SR)  Disper. corr.   Coulomb (SR)   Coul. recip.
    8.29365e+02    1.51482e+04   -6.35128e+02   -9.43424e+04    4.05850e+02
      Potential    Kinetic En.   Total Energy  Conserved En.    Temperature
   -7.79369e+04    1.31357e+04   -6.48012e+04   -8.96645e+04    3.08026e+02
 Pres. DC (bar) Pressure (bar)   Constr. rmsd
   -2.05772e+02    1.53204e+02    3.17489e-06


DD  step 3584999 load imb.: force 102.3%  pme mesh/force 0.174
           Step           Time
        3585000     7170.00000

   Energies (kJ/mol)
           Bond          Angle    Proper Dih. Per. Imp. Dih.          LJ-14
    7.37637e+01    1.73164e+02    2.07074e+02    1.09055e+01    1.12057e+02
     Coulomb-14        LJ (SR)  Disper. corr.   Coulomb (SR)   Coul. recip.
    8.37235e+02    1.52180e+04   -6.38407e+02   -9.42773e+04    3.89646e+02
      Potential    Kinetic En.   Total Energy  Conserved En.    Temperature
   -7.78939e+04    1.28308e+04   -6.50631e+04   -8.96875e+04    3.00876e+02
 Pres. DC (bar) Pressure (bar)   Constr. rmsd
   -2.07899e+02    2.08181e+02    5.70197e-06


DD  step 3589999 load imb.: force 31.3%  pme mesh/force 0.409
           Step           Time
        3590000     7180.00000

   Energies (kJ/mol)
           Bond          Angle    Proper Dih. Per. Imp. Dih.          LJ-14
    7.35651e+01    1.99545e+02    2.09307e+02    2.94112e+00    9.40421e+01
     Coulomb-14        LJ (SR)  Disper. corr.   Coulomb (SR)   Coul. recip.
    7.92949e+02    1.50710e+04   -6.40294e+02   -9.46497e+04    4.57161e+02
      Potential    Kinetic En.   Total Energy  Conserved En.    Temperature
   -7.83895e+04    1.24834e+04   -6.59061e+04   -8.97045e+04    2.92730e+02
 Pres. DC (bar) Pressure (bar)   Constr. rmsd
   -2.09129e+02   -3.06546e+02    3.02284e-06


DD  step 3594999 load imb.: force 31.7%  pme mesh/force 0.604
           Step           Time
        3595000     7190.00000

   Energies (kJ/mol)
           Bond          Angle    Proper Dih. Per. Imp. Dih.          LJ-14
    6.69641e+01    1.86183e+02    2.32240e+02    9.20140e+00    1.09707e+02
     Coulomb-14        LJ (SR)  Disper. corr.   Coulomb (SR)   Coul. recip.
    8.11098e+02    1.51969e+04   -6.45895e+02   -9.44795e+04    3.97747e+02
      Potential    Kinetic En.   Total Energy  Conserved En.    Temperature
   -7.81154e+04    1.30285e+04   -6.50869e+04   -8.97438e+04    3.05511e+02
 Pres. DC (bar) Pressure (bar)   Constr. rmsd
   -2.12799e+02    2.87463e+02    3.48097e-06


DD  step 3599999 load imb.: force 36.3%  pme mesh/force 0.523
           Step           Time
        3600000     7200.00000

   Energies (kJ/mol)
           Bond          Angle    Proper Dih. Per. Imp. Dih.          LJ-14
    7.94397e+01    2.08437e+02    2.01477e+02    9.82637e+00    9.46568e+01
     Coulomb-14        LJ (SR)  Disper. corr.   Coulomb (SR)   Coul. recip.
    8.26988e+02    1.46443e+04   -6.38543e+02   -9.38393e+04    4.27034e+02
      Potential    Kinetic En.   Total Energy  Conserved En.    Temperature
   -7.79857e+04    1.28009e+04   -6.51848e+04   -8.97746e+04    3.00174e+02
 Pres. DC (bar) Pressure (bar)   Constr. rmsd
   -2.07988e+02   -3.55270e+02    3.46685e-06


DD  step 3604999 load imb.: force 32.9%  pme mesh/force 0.454
           Step           Time
        3605000     7210.00000

   Energies (kJ/mol)
           Bond          Angle    Proper Dih. Per. Imp. Dih.          LJ-14
    8.90770e+01    2.17314e+02    2.15673e+02    1.01955e+01    8.69475e+01
     Coulomb-14        LJ (SR)  Disper. corr.   Coulomb (SR)   Coul. recip.
    7.99062e+02    1.46809e+04   -6.38886e+02   -9.36824e+04    3.82377e+02
      Potential    Kinetic En.   Total Energy  Conserved En.    Temperature
   -7.78397e+04    1.29660e+04   -6.48737e+04   -8.98000e+04    3.04045e+02
 Pres. DC (bar) Pressure (bar)   Constr. rmsd
   -2.08211e+02   -3.62305e+02    2.50257e-06


DD  step 3609999 load imb.: force 36.6%  pme mesh/force 0.421
           Step           Time
        3610000     7220.00000

   Energies (kJ/mol)
           Bond          Angle    Proper Dih. Per. Imp. Dih.          LJ-14
    5.92587e+01    1.99356e+02    2.03622e+02    1.43941e+01    1.08278e+02
     Coulomb-14        LJ (SR)  Disper. corr.   Coulomb (SR)   Coul. recip.
    8.13290e+02    1.46921e+04   -6.38061e+02   -9.37822e+04    4.10697e+02
      Potential    Kinetic En.   Total Energy  Conserved En.    Temperature
   -7.79194e+04    1.30084e+04   -6.49110e+04   -8.98517e+04    3.05039e+02
 Pres. DC (bar) Pressure (bar)   Constr. rmsd
   -2.07674e+02   -1.00214e+02    2.75112e-06


DD  step 3614999 load imb.: force 36.4%  pme mesh/force 0.417
           Step           Time
        3615000     7230.00000

   Energies (kJ/mol)
           Bond          Angle    Proper Dih. Per. Imp. Dih.          LJ-14
    8.04568e+01    1.69979e+02    2.20775e+02    9.30802e+00    1.21574e+02
     Coulomb-14        LJ (SR)  Disper. corr.   Coulomb (SR)   Coul. recip.
    8.51891e+02    1.48933e+04   -6.40204e+02   -9.43436e+04    4.25591e+02
      Potential    Kinetic En.   Total Energy  Conserved En.    Temperature
   -7.82110e+04    1.29804e+04   -6.52306e+04   -8.98576e+04    3.04383e+02
 Pres. DC (bar) Pressure (bar)   Constr. rmsd
   -2.09070e+02   -1.05295e+02    2.68683e-06


DD  step 3619999 load imb.: force 29.1%  pme mesh/force 0.408
           Step           Time
        3620000     7240.00000

   Energies (kJ/mol)
           Bond          Angle    Proper Dih. Per. Imp. Dih.          LJ-14
    8.06665e+01    1.82738e+02    2.07003e+02    7.02811e+00    1.05177e+02
     Coulomb-14        LJ (SR)  Disper. corr.   Coulomb (SR)   Coul. recip.
    8.22675e+02    1.50146e+04   -6.39128e+02   -9.44978e+04    4.24930e+02
      Potential    Kinetic En.   Total Energy  Conserved En.    Temperature
   -7.82920e+04    1.25688e+04   -6.57233e+04   -8.98723e+04    2.94731e+02
 Pres. DC (bar) Pressure (bar)   Constr. rmsd
   -2.08369e+02   -1.53769e+02    2.27451e-06


DD  step 3624999 load imb.: force 33.0%  pme mesh/force 0.449
           Step           Time
        3625000     7250.00000

   Energies (kJ/mol)
           Bond          Angle    Proper Dih. Per. Imp. Dih.          LJ-14
    4.77312e+01    2.17274e+02    2.13319e+02    1.48504e+01    1.06991e+02
     Coulomb-14        LJ (SR)  Disper. corr.   Coulomb (SR)   Coul. recip.
    8.07432e+02    1.56180e+04   -6.42880e+02   -9.53517e+04    4.48753e+02
      Potential    Kinetic En.   Total Energy  Conserved En.    Temperature
   -7.85203e+04    1.27277e+04   -6.57926e+04   -8.98930e+04    2.98457e+02
 Pres. DC (bar) Pressure (bar)   Constr. rmsd
   -2.10819e+02    6.11009e+02    1.87347e-06


DD  step 3629999 load imb.: force 27.0%  pme mesh/force 0.467
           Step           Time
        3630000     7260.00000

   Energies (kJ/mol)
           Bond          Angle    Proper Dih. Per. Imp. Dih.          LJ-14
    5.03190e+01    1.97693e+02    2.20585e+02    6.38907e+00    1.15037e+02
     Coulomb-14        LJ (SR)  Disper. corr.   Coulomb (SR)   Coul. recip.
    8.59181e+02    1.52088e+04   -6.38324e+02   -9.47903e+04    4.00442e+02
      Potential    Kinetic En.   Total Energy  Conserved En.    Temperature
   -7.83702e+04    1.26389e+04   -6.57313e+04   -8.99514e+04    2.96375e+02
 Pres. DC (bar) Pressure (bar)   Constr. rmsd
   -2.07845e+02   -1.85227e+01    1.73182e-06


DD  step 3634999 load imb.: force 29.0%  pme mesh/force 0.555
           Step           Time
        3635000     7270.00000

   Energies (kJ/mol)
           Bond          Angle    Proper Dih. Per. Imp. Dih.          LJ-14
    5.86321e+01    1.26111e+02    1.97744e+02    4.86597e+00    1.12632e+02
     Coulomb-14        LJ (SR)  Disper. corr.   Coulomb (SR)   Coul. recip.
    8.35747e+02    1.51081e+04   -6.38747e+02   -9.48082e+04    4.04244e+02
      Potential    Kinetic En.   Total Energy  Conserved En.    Temperature
   -7.85989e+04    1.27276e+04   -6.58713e+04   -8.99978e+04    2.98457e+02
 Pres. DC (bar) Pressure (bar)   Constr. rmsd
   -2.08121e+02   -2.22884e+02    2.89277e-06


DD  step 3639999 load imb.: force 34.7%  pme mesh/force 0.473
           Step           Time
        3640000     7280.00000

   Energies (kJ/mol)
           Bond          Angle    Proper Dih. Per. Imp. Dih.          LJ-14
    7.22710e+01    2.02076e+02    1.96055e+02    3.94663e+00    8.80621e+01
     Coulomb-14        LJ (SR)  Disper. corr.   Coulomb (SR)   Coul. recip.
    7.83395e+02    1.46645e+04   -6.39156e+02   -9.46597e+04    4.09316e+02
      Potential    Kinetic En.   Total Energy  Conserved En.    Temperature
   -7.88792e+04    1.30223e+04   -6.58569e+04   -9.00137e+04    3.05366e+02
 Pres. DC (bar) Pressure (bar)   Constr. rmsd
   -2.08387e+02   -7.61237e+02    2.97629e-06


DD  step 3644999 load imb.: force 34.3%  pme mesh/force 0.536
           Step           Time
        3645000     7290.00000

   Energies (kJ/mol)
           Bond          Angle    Proper Dih. Per. Imp. Dih.          LJ-14
    7.76358e+01    1.81479e+02    1.82089e+02    3.39828e+00    1.07226e+02
     Coulomb-14        LJ (SR)  Disper. corr.   Coulomb (SR)   Coul. recip.
    8.40049e+02    1.52544e+04   -6.41075e+02   -9.52773e+04    3.96796e+02
      Potential    Kinetic En.   Total Energy  Conserved En.    Temperature
   -7.88753e+04    1.25468e+04   -6.63286e+04   -9.00425e+04    2.94215e+02
 Pres. DC (bar) Pressure (bar)   Constr. rmsd
   -2.09639e+02   -6.94603e+01    2.90366e-06


DD  step 3649999 load imb.: force 35.3%  pme mesh/force 0.464
           Step           Time
        3650000     7300.00000

   Energies (kJ/mol)
           Bond          Angle    Proper Dih. Per. Imp. Dih.          LJ-14
    7.33051e+01    1.55115e+02    2.16141e+02    4.34889e+00    1.21405e+02
     Coulomb-14        LJ (SR)  Disper. corr.   Coulomb (SR)   Coul. recip.
    8.13593e+02    1.50242e+04   -6.41487e+02   -9.47230e+04    4.09541e+02
      Potential    Kinetic En.   Total Energy  Conserved En.    Temperature
   -7.85469e+04    1.28833e+04   -6.56636e+04   -9.01163e+04    3.02106e+02
 Pres. DC (bar) Pressure (bar)   Constr. rmsd
   -2.09908e+02   -2.10880e+02    3.99527e-06


DD  step 3654999 load imb.: force 47.3%  pme mesh/force 0.419
           Step           Time
        3655000     7310.00000

   Energies (kJ/mol)
           Bond          Angle    Proper Dih. Per. Imp. Dih.          LJ-14
    7.55013e+01    1.77834e+02    2.27222e+02    1.08459e+01    1.18442e+02
     Coulomb-14        LJ (SR)  Disper. corr.   Coulomb (SR)   Coul. recip.
    8.46965e+02    1.51730e+04   -6.42197e+02   -9.45454e+04    4.28903e+02
      Potential    Kinetic En.   Total Energy  Conserved En.    Temperature
   -7.81288e+04    1.25062e+04   -6.56226e+04   -9.01137e+04    2.93264e+02
 Pres. DC (bar) Pressure (bar)   Constr. rmsd
   -2.10372e+02    3.42041e+02    1.68868e-06


DD  step 3659999 load imb.: force 31.6%  pme mesh/force 0.540
           Step           Time
        3660000     7320.00000

   Energies (kJ/mol)
           Bond          Angle    Proper Dih. Per. Imp. Dih.          LJ-14
    8.24038e+01    2.03254e+02    2.10937e+02    7.42231e+00    1.23194e+02
     Coulomb-14        LJ (SR)  Disper. corr.   Coulomb (SR)   Coul. recip.
    8.81175e+02    1.49473e+04   -6.37509e+02   -9.43136e+04    3.92025e+02
      Potential    Kinetic En.   Total Energy  Conserved En.    Temperature
   -7.81034e+04    1.31105e+04   -6.49928e+04   -9.01629e+04    3.07435e+02
 Pres. DC (bar) Pressure (bar)   Constr. rmsd
   -2.07316e+02    2.67156e+01    2.00388e-06


DD  step 3664999 load imb.: force 35.0%  pme mesh/force 0.373
           Step           Time
        3665000     7330.00000

   Energies (kJ/mol)
           Bond          Angle    Proper Dih. Per. Imp. Dih.          LJ-14
    7.89357e+01    1.81478e+02    1.94920e+02    1.05672e+01    1.00780e+02
     Coulomb-14        LJ (SR)  Disper. corr.   Coulomb (SR)   Coul. recip.
    7.98791e+02    1.50777e+04   -6.41145e+02   -9.44816e+04    3.96203e+02
      Potential    Kinetic En.   Total Energy  Conserved En.    Temperature
   -7.82833e+04    1.28432e+04   -6.54401e+04   -9.01804e+04    3.01166e+02
 Pres. DC (bar) Pressure (bar)   Constr. rmsd
   -2.09684e+02    5.03657e+01    3.51460e-06


DD  step 3669999 load imb.: force 27.5%  pme mesh/force 0.506
           Step           Time
        3670000     7340.00000

   Energies (kJ/mol)
           Bond          Angle    Proper Dih. Per. Imp. Dih.          LJ-14
    7.10597e+01    2.12813e+02    2.04711e+02    3.19336e+00    1.03085e+02
     Coulomb-14        LJ (SR)  Disper. corr.   Coulomb (SR)   Coul. recip.
    8.05538e+02    1.56136e+04   -6.39434e+02   -9.49593e+04    4.18954e+02
      Potential    Kinetic En.   Total Energy  Conserved En.    Temperature
   -7.81658e+04    1.29678e+04   -6.51979e+04   -9.02105e+04    3.04089e+02
 Pres. DC (bar) Pressure (bar)   Constr. rmsd
   -2.08568e+02    4.08961e+02    1.91546e-06


DD  step 3674999 load imb.: force 30.2%  pme mesh/force 0.509
           Step           Time
        3675000     7350.00000

   Energies (kJ/mol)
           Bond          Angle    Proper Dih. Per. Imp. Dih.          LJ-14
    7.38523e+01    2.34316e+02    2.16312e+02    1.24533e+01    1.12709e+02
     Coulomb-14        LJ (SR)  Disper. corr.   Coulomb (SR)   Coul. recip.
    8.11604e+02    1.47783e+04   -6.42764e+02   -9.39205e+04    3.87787e+02
      Potential    Kinetic En.   Total Energy  Conserved En.    Temperature
   -7.79359e+04    1.28265e+04   -6.51094e+04   -9.02391e+04    3.00776e+02
 Pres. DC (bar) Pressure (bar)   Constr. rmsd
   -2.10743e+02   -1.30293e+02    2.79114e-06


DD  step 3679999 load imb.: force 29.2%  pme mesh/force 0.482
           Step           Time
        3680000     7360.00000

   Energies (kJ/mol)
           Bond          Angle    Proper Dih. Per. Imp. Dih.          LJ-14
    4.76645e+01    1.47365e+02    1.94957e+02    2.18209e+00    1.10145e+02
     Coulomb-14        LJ (SR)  Disper. corr.   Coulomb (SR)   Coul. recip.
    8.11214e+02    1.49859e+04   -6.36569e+02   -9.44427e+04    3.68760e+02
      Potential    Kinetic En.   Total Energy  Conserved En.    Temperature
   -7.84111e+04    1.25212e+04   -6.58899e+04   -9.02374e+04    2.93616e+02
 Pres. DC (bar) Pressure (bar)   Constr. rmsd
   -2.06706e+02   -2.14447e+02    3.93435e-06


DD  step 3684999 load imb.: force 33.5%  pme mesh/force 0.467
           Step           Time
        3685000     7370.00000

   Energies (kJ/mol)
           Bond          Angle    Proper Dih. Per. Imp. Dih.          LJ-14
    8.23950e+01    1.88593e+02    2.33430e+02    6.55404e+00    1.08209e+02
     Coulomb-14        LJ (SR)  Disper. corr.   Coulomb (SR)   Coul. recip.
    8.16188e+02    1.52551e+04   -6.43048e+02   -9.45113e+04    4.14859e+02
      Potential    Kinetic En.   Total Energy  Conserved En.    Temperature
   -7.80490e+04    1.31159e+04   -6.49330e+04   -9.02772e+04    3.07562e+02
 Pres. DC (bar) Pressure (bar)   Constr. rmsd
   -2.10930e+02    3.14492e+02    3.71537e-06


DD  step 3689999 load imb.: force 40.1%  pme mesh/force 0.455
           Step           Time
        3690000     7380.00000

   Energies (kJ/mol)
           Bond          Angle    Proper Dih. Per. Imp. Dih.          LJ-14
    6.98337e+01    2.04026e+02    2.25043e+02    9.68308e+00    9.83298e+01
     Coulomb-14        LJ (SR)  Disper. corr.   Coulomb (SR)   Coul. recip.
    7.99052e+02    1.52658e+04   -6.39495e+02   -9.50221e+04    4.15776e+02
      Potential    Kinetic En.   Total Energy  Conserved En.    Temperature
   -7.85740e+04    1.29912e+04   -6.55829e+04   -9.03415e+04    3.04636e+02
 Pres. DC (bar) Pressure (bar)   Constr. rmsd
   -2.08608e+02   -1.96402e+02    2.81219e-06


DD  step 3694999 load imb.: force 29.9%  pme mesh/force 0.468
           Step           Time
        3695000     7390.00000

   Energies (kJ/mol)
           Bond          Angle    Proper Dih. Per. Imp. Dih.          LJ-14
    9.03052e+01    1.97655e+02    2.13889e+02    1.93600e+01    1.07204e+02
     Coulomb-14        LJ (SR)  Disper. corr.   Coulomb (SR)   Coul. recip.
    8.01413e+02    1.52761e+04   -6.43357e+02   -9.50063e+04    4.20507e+02
      Potential    Kinetic En.   Total Energy  Conserved En.    Temperature
   -7.85231e+04    1.29727e+04   -6.55504e+04   -9.03688e+04    3.04203e+02
 Pres. DC (bar) Pressure (bar)   Constr. rmsd
   -2.11132e+02    1.07299e+02    2.36673e-06


DD  step 3699999 load imb.: force 33.3%  pme mesh/force 0.513
           Step           Time
        3700000     7400.00000

   Energies (kJ/mol)
           Bond          Angle    Proper Dih. Per. Imp. Dih.          LJ-14
    9.41003e+01    1.91375e+02    2.05145e+02    1.62468e+01    9.94931e+01
     Coulomb-14        LJ (SR)  Disper. corr.   Coulomb (SR)   Coul. recip.
    8.07426e+02    1.51302e+04   -6.46042e+02   -9.44820e+04    3.97536e+02
      Potential    Kinetic En.   Total Energy  Conserved En.    Temperature
   -7.81866e+04    1.27632e+04   -6.54234e+04   -9.03864e+04    2.99291e+02
 Pres. DC (bar) Pressure (bar)   Constr. rmsd
   -2.12896e+02    1.72701e+02    1.83209e-06


DD  step 3704999 load imb.: force 32.8%  pme mesh/force 0.516
           Step           Time
        3705000     7410.00000

   Energies (kJ/mol)
           Bond          Angle    Proper Dih. Per. Imp. Dih.          LJ-14
    7.97848e+01    1.94717e+02    2.19288e+02    5.87040e+00    1.17986e+02
     Coulomb-14        LJ (SR)  Disper. corr.   Coulomb (SR)   Coul. recip.
    8.24111e+02    1.57157e+04   -6.46990e+02   -9.49373e+04    4.09675e+02
      Potential    Kinetic En.   Total Energy  Conserved En.    Temperature
   -7.80172e+04    1.27464e+04   -6.52707e+04   -9.04386e+04    2.98897e+02
 Pres. DC (bar) Pressure (bar)   Constr. rmsd
   -2.13520e+02    8.80550e+02    3.64128e-06


DD  step 3709999 load imb.: force 31.6%  pme mesh/force 0.465
           Step           Time
        3710000     7420.00000

   Energies (kJ/mol)
           Bond          Angle    Proper Dih. Per. Imp. Dih.          LJ-14
    8.31009e+01    1.62016e+02    2.20666e+02    1.55125e+01    1.00624e+02
     Coulomb-14        LJ (SR)  Disper. corr.   Coulomb (SR)   Coul. recip.
    7.93742e+02    1.49577e+04   -6.40542e+02   -9.43795e+04    4.23079e+02
      Potential    Kinetic En.   Total Energy  Conserved En.    Temperature
   -7.82637e+04    1.25296e+04   -6.57341e+04   -9.04755e+04    2.93812e+02
 Pres. DC (bar) Pressure (bar)   Constr. rmsd
   -2.09291e+02   -2.51105e+02    2.30230e-06


DD  step 3714999 load imb.: force 29.5%  pme mesh/force 0.479
           Step           Time
        3715000     7430.00000

   Energies (kJ/mol)
           Bond          Angle    Proper Dih. Per. Imp. Dih.          LJ-14
    6.88421e+01    2.08110e+02    1.92492e+02    3.96127e+00    1.06876e+02
     Coulomb-14        LJ (SR)  Disper. corr.   Coulomb (SR)   Coul. recip.
    7.85699e+02    1.51680e+04   -6.38741e+02   -9.49613e+04    3.79474e+02
      Potential    Kinetic En.   Total Energy  Conserved En.    Temperature
   -7.86865e+04    1.29141e+04   -6.57725e+04   -9.04929e+04    3.02829e+02
 Pres. DC (bar) Pressure (bar)   Constr. rmsd
   -2.08117e+02    6.93022e+00    2.10587e-06


DD  step 3719999 load imb.: force 37.9%  pme mesh/force 0.430
           Step           Time
        3720000     7440.00000

   Energies (kJ/mol)
           Bond          Angle    Proper Dih. Per. Imp. Dih.          LJ-14
    1.01925e+02    2.09074e+02    1.98667e+02    2.66678e+00    9.88277e+01
     Coulomb-14        LJ (SR)  Disper. corr.   Coulomb (SR)   Coul. recip.
    7.98959e+02    1.49542e+04   -6.43826e+02   -9.42050e+04    3.91743e+02
      Potential    Kinetic En.   Total Energy  Conserved En.    Temperature
   -7.80928e+04    1.26156e+04   -6.54772e+04   -9.05290e+04    2.95828e+02
 Pres. DC (bar) Pressure (bar)   Constr. rmsd
   -2.11439e+02    4.87239e+01    2.54839e-06


DD  step 3724999 load imb.: force 34.3%  pme mesh/force 0.483
           Step           Time
        3725000     7450.00000

   Energies (kJ/mol)
           Bond          Angle    Proper Dih. Per. Imp. Dih.          LJ-14
    5.83595e+01    1.71051e+02    2.09132e+02    6.22287e+00    1.20875e+02
     Coulomb-14        LJ (SR)  Disper. corr.   Coulomb (SR)   Coul. recip.
    8.02585e+02    1.50551e+04   -6.43225e+02   -9.43528e+04    3.72069e+02
      Potential    Kinetic En.   Total Energy  Conserved En.    Temperature
   -7.82006e+04    1.28826e+04   -6.53181e+04   -9.05806e+04    3.02089e+02
 Pres. DC (bar) Pressure (bar)   Constr. rmsd
   -2.11045e+02    1.68230e+02    3.77240e-06


DD  step 3729999 load imb.: force 38.3%  pme mesh/force 0.453
           Step           Time
        3730000     7460.00000

   Energies (kJ/mol)
           Bond          Angle    Proper Dih. Per. Imp. Dih.          LJ-14
    6.98364e+01    2.23109e+02    2.20029e+02    1.91808e+01    1.05728e+02
     Coulomb-14        LJ (SR)  Disper. corr.   Coulomb (SR)   Coul. recip.
    7.97654e+02    1.51348e+04   -6.41790e+02   -9.44945e+04    4.24368e+02
      Potential    Kinetic En.   Total Energy  Conserved En.    Temperature
   -7.81416e+04    1.31604e+04   -6.49812e+04   -9.06281e+04    3.08604e+02
 Pres. DC (bar) Pressure (bar)   Constr. rmsd
   -2.10106e+02    1.78141e+02    2.84430e-06


DD  step 3734999 load imb.: force 52.1%  pme mesh/force 0.320
           Step           Time
        3735000     7470.00000

   Energies (kJ/mol)
           Bond          Angle    Proper Dih. Per. Imp. Dih.          LJ-14
    5.08764e+01    1.87130e+02    2.06395e+02    1.23168e+01    1.14799e+02
     Coulomb-14        LJ (SR)  Disper. corr.   Coulomb (SR)   Coul. recip.
    8.12726e+02    1.45812e+04   -6.42648e+02   -9.35619e+04    4.26376e+02
      Potential    Kinetic En.   Total Energy  Conserved En.    Temperature
   -7.78127e+04    1.26265e+04   -6.51862e+04   -9.06379e+04    2.96085e+02
 Pres. DC (bar) Pressure (bar)   Constr. rmsd
   -2.10667e+02   -1.78370e+02    1.67494e-06


DD  step 3739999 load imb.: force 37.5%  pme mesh/force 0.416
           Step           Time
        3740000     7480.00000

   Energies (kJ/mol)
           Bond          Angle    Proper Dih. Per. Imp. Dih.          LJ-14
    5.55056e+01    1.74849e+02    2.27637e+02    6.69488e+00    1.10298e+02
     Coulomb-14        LJ (SR)  Disper. corr.   Coulomb (SR)   Coul. recip.
    8.36481e+02    1.52024e+04   -6.32996e+02   -9.48394e+04    4.22065e+02
      Potential    Kinetic En.   Total Energy  Conserved En.    Temperature
   -7.84364e+04    1.27100e+04   -6.57264e+04   -9.06623e+04    2.98043e+02
 Pres. DC (bar) Pressure (bar)   Constr. rmsd
   -2.04395e+02    2.03281e+01    2.18030e-06


DD  step 3744999 load imb.: force 29.1%  pme mesh/force 0.471
           Step           Time
        3745000     7490.00000

   Energies (kJ/mol)
           Bond          Angle    Proper Dih. Per. Imp. Dih.          LJ-14
    8.44962e+01    1.78985e+02    2.09118e+02    6.28982e+00    8.99129e+01
     Coulomb-14        LJ (SR)  Disper. corr.   Coulomb (SR)   Coul. recip.
    8.03941e+02    1.56680e+04   -6.41442e+02   -9.50613e+04    4.01031e+02
      Potential    Kinetic En.   Total Energy  Conserved En.    Temperature
   -7.82609e+04    1.24992e+04   -6.57617e+04   -9.06979e+04    2.93100e+02
 Pres. DC (bar) Pressure (bar)   Constr. rmsd
   -2.09879e+02    3.85035e+02    2.82065e-06


DD  step 3749999 load imb.: force 41.9%  pme mesh/force 0.390
           Step           Time
        3750000     7500.00000

   Energies (kJ/mol)
           Bond          Angle    Proper Dih. Per. Imp. Dih.          LJ-14
    6.88761e+01    2.21646e+02    2.05637e+02    7.84427e+00    1.08074e+02
     Coulomb-14        LJ (SR)  Disper. corr.   Coulomb (SR)   Coul. recip.
    7.82672e+02    1.50723e+04   -6.37060e+02   -9.43996e+04    4.16076e+02
      Potential    Kinetic En.   Total Energy  Conserved En.    Temperature
   -7.81535e+04    1.30477e+04   -6.51058e+04   -9.07461e+04    3.05963e+02
 Pres. DC (bar) Pressure (bar)   Constr. rmsd
   -2.07024e+02   -9.51064e+00    3.78475e-06


DD  step 3754999 load imb.: force 29.6%  pme mesh/force 0.486
           Step           Time
        3755000     7510.00000

   Energies (kJ/mol)
           Bond          Angle    Proper Dih. Per. Imp. Dih.          LJ-14
    5.07260e+01    2.00537e+02    2.14565e+02    4.28512e+00    1.07840e+02
     Coulomb-14        LJ (SR)  Disper. corr.   Coulomb (SR)   Coul. recip.
    7.84998e+02    1.51380e+04   -6.42487e+02   -9.43873e+04    3.84502e+02
      Potential    Kinetic En.   Total Energy  Conserved En.    Temperature
   -7.81444e+04    1.29976e+04   -6.51468e+04   -9.07865e+04    3.04786e+02
 Pres. DC (bar) Pressure (bar)   Constr. rmsd
   -2.10562e+02    2.73821e+02    3.33472e-06


DD  step 3759999 load imb.: force 38.2%  pme mesh/force 0.416
           Step           Time
        3760000     7520.00000

   Energies (kJ/mol)
           Bond          Angle    Proper Dih. Per. Imp. Dih.          LJ-14
    5.72790e+01    1.88829e+02    2.00768e+02    1.09744e+01    1.10009e+02
     Coulomb-14        LJ (SR)  Disper. corr.   Coulomb (SR)   Coul. recip.
    7.83975e+02    1.55662e+04   -6.46135e+02   -9.50501e+04    3.96121e+02
      Potential    Kinetic En.   Total Energy  Conserved En.    Temperature
   -7.83821e+04    1.25016e+04   -6.58804e+04   -9.07955e+04    2.93156e+02
 Pres. DC (bar) Pressure (bar)   Constr. rmsd
   -2.12957e+02    6.29723e+02    2.08379e-06


DD  step 3764999 load imb.: force 34.5%  pme mesh/force 0.443
           Step           Time
        3765000     7530.00000

   Energies (kJ/mol)
           Bond          Angle    Proper Dih. Per. Imp. Dih.          LJ-14
    4.83292e+01    2.23068e+02    2.12803e+02    1.05056e+01    1.09817e+02
     Coulomb-14        LJ (SR)  Disper. corr.   Coulomb (SR)   Coul. recip.
    7.73948e+02    1.52219e+04   -6.39912e+02   -9.48726e+04    4.18713e+02
      Potential    Kinetic En.   Total Energy  Conserved En.    Temperature
   -7.84935e+04    1.27133e+04   -6.57801e+04   -9.08489e+04    2.98120e+02
 Pres. DC (bar) Pressure (bar)   Constr. rmsd
   -2.08880e+02    1.28009e+02    1.76990e-06


DD  step 3769999 load imb.: force 29.5%  pme mesh/force 0.456
           Step           Time
        3770000     7540.00000

   Energies (kJ/mol)
           Bond          Angle    Proper Dih. Per. Imp. Dih.          LJ-14
    8.05884e+01    1.90393e+02    2.04683e+02    1.43803e+01    1.08994e+02
     Coulomb-14        LJ (SR)  Disper. corr.   Coulomb (SR)   Coul. recip.
    7.80607e+02    1.48135e+04   -6.38719e+02   -9.43275e+04    3.84575e+02
      Potential    Kinetic En.   Total Energy  Conserved En.    Temperature
   -7.83885e+04    1.27222e+04   -6.56663e+04   -9.08951e+04    2.98329e+02
 Pres. DC (bar) Pressure (bar)   Constr. rmsd
   -2.08102e+02   -4.79042e+02    2.31361e-06


DD  step 3774999 load imb.: force 33.2%  pme mesh/force 0.461
           Step           Time
        3775000     7550.00000

   Energies (kJ/mol)
           Bond          Angle    Proper Dih. Per. Imp. Dih.          LJ-14
    6.25891e+01    2.16148e+02    2.12034e+02    1.04795e+01    1.16591e+02
     Coulomb-14        LJ (SR)  Disper. corr.   Coulomb (SR)   Coul. recip.
    8.14338e+02    1.50941e+04   -6.44119e+02   -9.41642e+04    4.03944e+02
      Potential    Kinetic En.   Total Energy  Conserved En.    Temperature
   -7.78781e+04    1.27532e+04   -6.51248e+04   -9.09117e+04    2.99056e+02
 Pres. DC (bar) Pressure (bar)   Constr. rmsd
   -2.11632e+02    1.91185e+02    2.19249e-06


DD  step 3779999 load imb.: force 27.7%  pme mesh/force 0.607
           Step           Time
        3780000     7560.00000

   Energies (kJ/mol)
           Bond          Angle    Proper Dih. Per. Imp. Dih.          LJ-14
    7.83549e+01    1.83445e+02    2.27368e+02    1.22737e+01    1.17554e+02
     Coulomb-14        LJ (SR)  Disper. corr.   Coulomb (SR)   Coul. recip.
    7.76874e+02    1.49482e+04   -6.37029e+02   -9.38203e+04    4.38783e+02
      Potential    Kinetic En.   Total Energy  Conserved En.    Temperature
   -7.76745e+04    1.29541e+04   -6.47204e+04   -9.09241e+04    3.03767e+02
 Pres. DC (bar) Pressure (bar)   Constr. rmsd
   -2.07004e+02    2.47887e+02    2.91566e-06


DD  step 3784999 load imb.: force 31.8%  pme mesh/force 1.147
           Step           Time
        3785000     7570.00000

   Energies (kJ/mol)
           Bond          Angle    Proper Dih. Per. Imp. Dih.          LJ-14
    7.07322e+01    1.93599e+02    1.88670e+02    4.39506e+00    9.28195e+01
     Coulomb-14        LJ (SR)  Disper. corr.   Coulomb (SR)   Coul. recip.
    8.06674e+02    1.50722e+04   -6.36958e+02   -9.45824e+04    4.11437e+02
      Potential    Kinetic En.   Total Energy  Conserved En.    Temperature
   -7.83788e+04    1.29097e+04   -6.54691e+04   -9.09842e+04    3.02726e+02
 Pres. DC (bar) Pressure (bar)   Constr. rmsd
   -2.06958e+02   -2.94980e+02    2.38855e-06


DD  step 3789999 load imb.: force 47.8%  pme mesh/force 0.409
           Step           Time
        3790000     7580.00000

   Energies (kJ/mol)
           Bond          Angle    Proper Dih. Per. Imp. Dih.          LJ-14
    6.20693e+01    2.12982e+02    2.03425e+02    4.31244e+00    1.15089e+02
     Coulomb-14        LJ (SR)  Disper. corr.   Coulomb (SR)   Coul. recip.
    7.77724e+02    1.52063e+04   -6.43742e+02   -9.49837e+04    4.15681e+02
      Potential    Kinetic En.   Total Energy  Conserved En.    Temperature
   -7.86299e+04    1.28375e+04   -6.57924e+04   -9.09949e+04    3.01033e+02
 Pres. DC (bar) Pressure (bar)   Constr. rmsd
   -2.11384e+02    2.76090e+01    2.60050e-06


DD  step 3794999 load imb.: force 34.9%  pme mesh/force 0.499
           Step           Time
        3795000     7590.00000

   Energies (kJ/mol)
           Bond          Angle    Proper Dih. Per. Imp. Dih.          LJ-14
    9.20303e+01    1.78865e+02    2.04538e+02    1.42397e+01    1.12341e+02
     Coulomb-14        LJ (SR)  Disper. corr.   Coulomb (SR)   Coul. recip.
    7.54651e+02    1.52297e+04   -6.36015e+02   -9.42913e+04    4.61699e+02
      Potential    Kinetic En.   Total Energy  Conserved En.    Temperature
   -7.78793e+04    1.24768e+04   -6.54025e+04   -9.10402e+04    2.92574e+02
 Pres. DC (bar) Pressure (bar)   Constr. rmsd
   -2.06347e+02    5.15088e+01    2.59739e-06


DD  step 3799999 load imb.: force 35.1%  pme mesh/force 0.572
           Step           Time
        3800000     7600.00000

   Energies (kJ/mol)
           Bond          Angle    Proper Dih. Per. Imp. Dih.          LJ-14
    7.74364e+01    1.72618e+02    2.01172e+02    1.45690e+01    1.03610e+02
     Coulomb-14        LJ (SR)  Disper. corr.   Coulomb (SR)   Coul. recip.
    8.09517e+02    1.51274e+04   -6.45050e+02   -9.49878e+04    4.06489e+02
      Potential    Kinetic En.   Total Energy  Conserved En.    Temperature
   -7.87200e+04    1.29999e+04   -6.57201e+04   -9.10833e+04    3.04840e+02
 Pres. DC (bar) Pressure (bar)   Constr. rmsd
   -2.12244e+02    3.47365e+01    2.62525e-06


DD  step 3804999 load imb.: force 37.8%  pme mesh/force 0.441
           Step           Time
        3805000     7610.00000

   Energies (kJ/mol)
           Bond          Angle    Proper Dih. Per. Imp. Dih.          LJ-14
    7.24542e+01    1.78041e+02    1.99238e+02    8.77402e+00    1.11375e+02
     Coulomb-14        LJ (SR)  Disper. corr.   Coulomb (SR)   Coul. recip.
    7.79379e+02    1.50995e+04   -6.32888e+02   -9.39349e+04    4.08746e+02
      Potential    Kinetic En.   Total Energy  Conserved En.    Temperature
   -7.77102e+04    1.27626e+04   -6.49476e+04   -9.11038e+04    2.99277e+02
 Pres. DC (bar) Pressure (bar)   Constr. rmsd
   -2.04325e+02    1.15051e+02    3.03723e-06


DD  step 3809999 load imb.: force 29.1%  pme mesh/force 0.482
           Step           Time
        3810000     7620.00000

   Energies (kJ/mol)
           Bond          Angle    Proper Dih. Per. Imp. Dih.          LJ-14
    6.69557e+01    2.51879e+02    1.96337e+02    1.50877e+01    9.58727e+01
     Coulomb-14        LJ (SR)  Disper. corr.   Coulomb (SR)   Coul. recip.
    7.72066e+02    1.51516e+04   -6.36153e+02   -9.45825e+04    4.22955e+02
      Potential    Kinetic En.   Total Energy  Conserved En.    Temperature
   -7.82460e+04    1.30521e+04   -6.51939e+04   -9.11385e+04    3.06065e+02
 Pres. DC (bar) Pressure (bar)   Constr. rmsd
   -2.06436e+02   -2.32410e+00    2.65007e-06


DD  step 3814999 load imb.: force 44.3%  pme mesh/force 0.472
           Step           Time
        3815000     7630.00000

   Energies (kJ/mol)
           Bond          Angle    Proper Dih. Per. Imp. Dih.          LJ-14
    5.84904e+01    2.11200e+02    2.06575e+02    8.01162e+00    1.01990e+02
     Coulomb-14        LJ (SR)  Disper. corr.   Coulomb (SR)   Coul. recip.
    7.91194e+02    1.54762e+04   -6.30978e+02   -9.51625e+04    4.31739e+02
      Potential    Kinetic En.   Total Energy  Conserved En.    Temperature
   -7.85081e+04    1.26541e+04   -6.58540e+04   -9.11349e+04    2.96732e+02
 Pres. DC (bar) Pressure (bar)   Constr. rmsd
   -2.03094e+02    3.08802e+01    3.48092e-06


DD  step 3819999 load imb.: force 44.0%  pme mesh/force 0.420
           Step           Time
        3820000     7640.00000

   Energies (kJ/mol)
           Bond          Angle    Proper Dih. Per. Imp. Dih.          LJ-14
    1.02874e+02    1.55968e+02    1.98851e+02    5.35656e+00    1.12387e+02
     Coulomb-14        LJ (SR)  Disper. corr.   Coulomb (SR)   Coul. recip.
    7.83708e+02    1.54435e+04   -6.39766e+02   -9.48388e+04    3.92939e+02
      Potential    Kinetic En.   Total Energy  Conserved En.    Temperature
   -7.82830e+04    1.27889e+04   -6.54941e+04   -9.11933e+04    2.99893e+02
 Pres. DC (bar) Pressure (bar)   Constr. rmsd
   -2.08785e+02    2.59911e+02    3.65026e-06


DD  step 3824999 load imb.: force 29.5%  pme mesh/force 0.453
           Step           Time
        3825000     7650.00000

   Energies (kJ/mol)
           Bond          Angle    Proper Dih. Per. Imp. Dih.          LJ-14
    9.68925e+01    2.14544e+02    2.04638e+02    8.29795e+00    9.77472e+01
     Coulomb-14        LJ (SR)  Disper. corr.   Coulomb (SR)   Coul. recip.
    7.40534e+02    1.41928e+04   -6.42021e+02   -9.33234e+04    4.21367e+02
      Potential    Kinetic En.   Total Energy  Conserved En.    Temperature
   -7.79886e+04    1.30394e+04   -6.49492e+04   -9.12004e+04    3.05766e+02
 Pres. DC (bar) Pressure (bar)   Constr. rmsd
   -2.10257e+02   -7.85520e+02    3.43003e-06


DD  step 3829999 load imb.: force 31.2%  pme mesh/force 0.419
           Step           Time
        3830000     7660.00000

   Energies (kJ/mol)
           Bond          Angle    Proper Dih. Per. Imp. Dih.          LJ-14
    8.30201e+01    1.59455e+02    2.05174e+02    7.50102e+00    1.03840e+02
     Coulomb-14        LJ (SR)  Disper. corr.   Coulomb (SR)   Coul. recip.
    7.87521e+02    1.53067e+04   -6.42945e+02   -9.43975e+04    3.98207e+02
      Potential    Kinetic En.   Total Energy  Conserved En.    Temperature
   -7.79890e+04    1.29046e+04   -6.50844e+04   -9.12438e+04    3.02607e+02
 Pres. DC (bar) Pressure (bar)   Constr. rmsd
   -2.10862e+02    3.25012e+02    2.51731e-06


DD  step 3834999 load imb.: force 39.9%  pme mesh/force 0.448
           Step           Time
        3835000     7670.00000

   Energies (kJ/mol)
           Bond          Angle    Proper Dih. Per. Imp. Dih.          LJ-14
    6.06530e+01    1.96981e+02    2.07580e+02    8.30912e+00    1.04353e+02
     Coulomb-14        LJ (SR)  Disper. corr.   Coulomb (SR)   Coul. recip.
    8.09938e+02    1.51049e+04   -6.41825e+02   -9.46784e+04    4.06635e+02
      Potential    Kinetic En.   Total Energy  Conserved En.    Temperature
   -7.84209e+04    1.26175e+04   -6.58034e+04   -9.12849e+04    2.95873e+02
 Pres. DC (bar) Pressure (bar)   Constr. rmsd
   -2.10129e+02   -1.18939e+02    2.45001e-06


DD  step 3839999 load imb.: force 30.4%  pme mesh/force 0.481
           Step           Time
        3840000     7680.00000

   Energies (kJ/mol)
           Bond          Angle    Proper Dih. Per. Imp. Dih.          LJ-14
    6.57041e+01    1.90835e+02    2.14297e+02    1.43171e+01    1.15793e+02
     Coulomb-14        LJ (SR)  Disper. corr.   Coulomb (SR)   Coul. recip.
    7.80327e+02    1.52432e+04   -6.38503e+02   -9.44776e+04    4.18412e+02
      Potential    Kinetic En.   Total Energy  Conserved En.    Temperature
   -7.80732e+04    1.28065e+04   -6.52667e+04   -9.13307e+04    3.00305e+02
 Pres. DC (bar) Pressure (bar)   Constr. rmsd
   -2.07962e+02    3.05449e+02    2.46639e-06


DD  step 3844999 load imb.: force 31.7%  pme mesh/force 0.489
           Step           Time
        3845000     7690.00000

   Energies (kJ/mol)
           Bond          Angle    Proper Dih. Per. Imp. Dih.          LJ-14
    6.47205e+01    2.02752e+02    1.97547e+02    9.83232e+00    1.00695e+02
     Coulomb-14        LJ (SR)  Disper. corr.   Coulomb (SR)   Coul. recip.
    7.94139e+02    1.53401e+04   -6.39594e+02   -9.53221e+04    4.03676e+02
      Potential    Kinetic En.   Total Energy  Conserved En.    Temperature
   -7.88482e+04    1.26682e+04   -6.61799e+04   -9.13525e+04    2.97063e+02
 Pres. DC (bar) Pressure (bar)   Constr. rmsd
   -2.08672e+02   -1.59786e+01    2.88375e-06


DD  step 3849999 load imb.: force 38.2%  pme mesh/force 0.428
           Step           Time
        3850000     7700.00000

   Energies (kJ/mol)
           Bond          Angle    Proper Dih. Per. Imp. Dih.          LJ-14
    5.33098e+01    1.54063e+02    2.17531e+02    9.63318e+00    1.04825e+02
     Coulomb-14        LJ (SR)  Disper. corr.   Coulomb (SR)   Coul. recip.
    8.01125e+02    1.48972e+04   -6.37616e+02   -9.44514e+04    4.00446e+02
      Potential    Kinetic En.   Total Energy  Conserved En.    Temperature
   -7.84509e+04    1.26685e+04   -6.57824e+04   -9.14001e+04    2.97070e+02
 Pres. DC (bar) Pressure (bar)   Constr. rmsd
   -2.07385e+02   -3.00387e+02    2.83381e-06


DD  step 3854999 load imb.: force 30.7%  pme mesh/force 0.416
           Step           Time
        3855000     7710.00000

   Energies (kJ/mol)
           Bond          Angle    Proper Dih. Per. Imp. Dih.          LJ-14
    5.23850e+01    1.81258e+02    2.13993e+02    1.31177e+01    1.04402e+02
     Coulomb-14        LJ (SR)  Disper. corr.   Coulomb (SR)   Coul. recip.
    7.91629e+02    1.56940e+04   -6.40896e+02   -9.55589e+04    3.94169e+02
      Potential    Kinetic En.   Total Energy  Conserved En.    Temperature
   -7.87549e+04    1.28185e+04   -6.59364e+04   -9.14338e+04    3.00586e+02
 Pres. DC (bar) Pressure (bar)   Constr. rmsd
   -2.09522e+02    3.32249e+02    1.88555e-06


DD  step 3859999 load imb.: force 37.4%  pme mesh/force 0.442
           Step           Time
        3860000     7720.00000

   Energies (kJ/mol)
           Bond          Angle    Proper Dih. Per. Imp. Dih.          LJ-14
    6.31229e+01    1.88271e+02    1.99758e+02    6.83457e+00    1.16815e+02
     Coulomb-14        LJ (SR)  Disper. corr.   Coulomb (SR)   Coul. recip.
    7.98205e+02    1.53327e+04   -6.40045e+02   -9.47648e+04    4.54390e+02
      Potential    Kinetic En.   Total Energy  Conserved En.    Temperature
   -7.82447e+04    1.27957e+04   -6.54490e+04   -9.14688e+04    3.00054e+02
 Pres. DC (bar) Pressure (bar)   Constr. rmsd
   -2.08967e+02    2.36422e+02    3.74563e-06


DD  step 3864999 load imb.: force 37.4%  pme mesh/force 3.826
           Step           Time
        3865000     7730.00000

   Energies (kJ/mol)
           Bond          Angle    Proper Dih. Per. Imp. Dih.          LJ-14
    7.53922e+01    2.15380e+02    1.89209e+02    5.93450e+00    9.95664e+01
     Coulomb-14        LJ (SR)  Disper. corr.   Coulomb (SR)   Coul. recip.
    7.83559e+02    1.53581e+04   -6.41742e+02   -9.46290e+04    3.80065e+02
      Potential    Kinetic En.   Total Energy  Conserved En.    Temperature
   -7.81636e+04    1.25374e+04   -6.56261e+04   -9.14858e+04    2.93996e+02
 Pres. DC (bar) Pressure (bar)   Constr. rmsd
   -2.10075e+02    2.22166e+02    1.41381e-06


DD  step 3869999 load imb.: force 32.0%  pme mesh/force 0.524
           Step           Time
        3870000     7740.00000

   Energies (kJ/mol)
           Bond          Angle    Proper Dih. Per. Imp. Dih.          LJ-14
    7.85623e+01    1.99931e+02    2.09599e+02    1.20692e+01    1.01061e+02
     Coulomb-14        LJ (SR)  Disper. corr.   Coulomb (SR)   Coul. recip.
    8.00880e+02    1.54206e+04   -6.38082e+02   -9.49945e+04    4.33045e+02
      Potential    Kinetic En.   Total Energy  Conserved En.    Temperature
   -7.83768e+04    1.28025e+04   -6.55743e+04   -9.14932e+04    3.00213e+02
 Pres. DC (bar) Pressure (bar)   Constr. rmsd
   -2.07688e+02    1.25065e+02    2.27663e-06


DD  step 3874999 load imb.: force 30.3%  pme mesh/force 0.441
           Step           Time
        3875000     7750.00000

   Energies (kJ/mol)
           Bond          Angle    Proper Dih. Per. Imp. Dih.          LJ-14
    6.41125e+01    1.74047e+02    2.31576e+02    7.68160e+00    1.14112e+02
     Coulomb-14        LJ (SR)  Disper. corr.   Coulomb (SR)   Coul. recip.
    7.98299e+02    1.50319e+04   -6.43281e+02   -9.44043e+04    3.75889e+02
      Potential    Kinetic En.   Total Energy  Conserved En.    Temperature
   -7.82500e+04    1.26779e+04   -6.55721e+04   -9.15114e+04    2.97290e+02
 Pres. DC (bar) Pressure (bar)   Constr. rmsd
   -2.11082e+02    1.10413e+02    2.65115e-06


DD  step 3879999 load imb.: force 37.2%  pme mesh/force 0.471
           Step           Time
        3880000     7760.00000

   Energies (kJ/mol)
           Bond          Angle    Proper Dih. Per. Imp. Dih.          LJ-14
    5.76259e+01    1.83370e+02    2.14171e+02    8.73673e+00    1.02636e+02
     Coulomb-14        LJ (SR)  Disper. corr.   Coulomb (SR)   Coul. recip.
    8.13430e+02    1.54302e+04   -6.43760e+02   -9.51155e+04    4.07778e+02
      Potential    Kinetic En.   Total Energy  Conserved En.    Temperature
   -7.85413e+04    1.26142e+04   -6.59271e+04   -9.15317e+04    2.95797e+02
 Pres. DC (bar) Pressure (bar)   Constr. rmsd
   -2.11397e+02    3.15867e+02    2.56462e-06


DD  step 3884999 load imb.: force 36.9%  pme mesh/force 0.391
           Step           Time
        3885000     7770.00000

   Energies (kJ/mol)
           Bond          Angle    Proper Dih. Per. Imp. Dih.          LJ-14
    6.19827e+01    2.39070e+02    2.29259e+02    9.83510e+00    9.94103e+01
     Coulomb-14        LJ (SR)  Disper. corr.   Coulomb (SR)   Coul. recip.
    7.92513e+02    1.49110e+04   -6.39149e+02   -9.41512e+04    3.88130e+02
      Potential    Kinetic En.   Total Energy  Conserved En.    Temperature
   -7.80592e+04    1.27959e+04   -6.52633e+04   -9.16022e+04    3.00057e+02
 Pres. DC (bar) Pressure (bar)   Constr. rmsd
   -2.08382e+02   -1.65944e+02    3.45431e-06


DD  step 3889999 load imb.: force 34.6%  pme mesh/force 0.430
           Step           Time
        3890000     7780.00000

   Energies (kJ/mol)
           Bond          Angle    Proper Dih. Per. Imp. Dih.          LJ-14
    5.76728e+01    1.64324e+02    1.98148e+02    3.38105e+00    1.09950e+02
     Coulomb-14        LJ (SR)  Disper. corr.   Coulomb (SR)   Coul. recip.
    7.90133e+02    1.50272e+04   -6.44277e+02   -9.42668e+04    4.09167e+02
      Potential    Kinetic En.   Total Energy  Conserved En.    Temperature
   -7.81511e+04    1.26204e+04   -6.55307e+04   -9.15948e+04    2.95943e+02
 Pres. DC (bar) Pressure (bar)   Constr. rmsd
   -2.11735e+02    4.15677e+02    2.25049e-06


DD  step 3894999 load imb.: force 45.0%  pme mesh/force 0.438
           Step           Time
        3895000     7790.00000

   Energies (kJ/mol)
           Bond          Angle    Proper Dih. Per. Imp. Dih.          LJ-14
    5.91854e+01    1.79755e+02    2.06678e+02    6.62300e+00    9.73612e+01
     Coulomb-14        LJ (SR)  Disper. corr.   Coulomb (SR)   Coul. recip.
    8.11612e+02    1.55712e+04   -6.43163e+02   -9.52292e+04    4.47814e+02
      Potential    Kinetic En.   Total Energy  Conserved En.    Temperature
   -7.84922e+04    1.26268e+04   -6.58654e+04   -9.16575e+04    2.96091e+02
 Pres. DC (bar) Pressure (bar)   Constr. rmsd
   -2.11005e+02    4.74153e+02    1.94353e-06


DD  step 3899999 load imb.: force 30.3%  pme mesh/force 0.443
           Step           Time
        3900000     7800.00000

   Energies (kJ/mol)
           Bond          Angle    Proper Dih. Per. Imp. Dih.          LJ-14
    6.28020e+01    2.15199e+02    2.08322e+02    8.48468e+00    1.01535e+02
     Coulomb-14        LJ (SR)  Disper. corr.   Coulomb (SR)   Coul. recip.
    7.90333e+02    1.49609e+04   -6.40924e+02   -9.47269e+04    4.13935e+02
      Potential    Kinetic En.   Total Energy  Conserved En.    Temperature
   -7.86063e+04    1.29813e+04   -6.56250e+04   -9.17009e+04    3.04405e+02
 Pres. DC (bar) Pressure (bar)   Constr. rmsd
   -2.09540e+02   -8.96212e+01    3.31137e-06


DD  step 3904999 load imb.: force 38.4%  pme mesh/force 0.426
           Step           Time
        3905000     7810.00000

   Energies (kJ/mol)
           Bond          Angle    Proper Dih. Per. Imp. Dih.          LJ-14
    8.05967e+01    1.89732e+02    1.95698e+02    6.38280e+00    1.10189e+02
     Coulomb-14        LJ (SR)  Disper. corr.   Coulomb (SR)   Coul. recip.
    7.87881e+02    1.48049e+04   -6.41424e+02   -9.40161e+04    3.77009e+02
      Potential    Kinetic En.   Total Energy  Conserved En.    Temperature
   -7.81052e+04    1.24723e+04   -6.56329e+04   -9.16965e+04    2.92468e+02
 Pres. DC (bar) Pressure (bar)   Constr. rmsd
   -2.09867e+02   -2.25626e+02    2.75325e-06


DD  step 3909999 load imb.: force 29.9%  pme mesh/force 0.510
           Step           Time
        3910000     7820.00000

   Energies (kJ/mol)
           Bond          Angle    Proper Dih. Per. Imp. Dih.          LJ-14
    7.48427e+01    2.01462e+02    1.87614e+02    1.66652e+01    1.00493e+02
     Coulomb-14        LJ (SR)  Disper. corr.   Coulomb (SR)   Coul. recip.
    7.74289e+02    1.52856e+04   -6.37761e+02   -9.48188e+04    3.89181e+02
      Potential    Kinetic En.   Total Energy  Conserved En.    Temperature
   -7.84264e+04    1.26824e+04   -6.57439e+04   -9.17409e+04    2.97396e+02
 Pres. DC (bar) Pressure (bar)   Constr. rmsd
   -2.07480e+02    1.39500e+02    2.80068e-06


DD  step 3914999 load imb.: force 35.9%  pme mesh/force 0.403
           Step           Time
        3915000     7830.00000

   Energies (kJ/mol)
           Bond          Angle    Proper Dih. Per. Imp. Dih.          LJ-14
    6.21027e+01    1.89408e+02    1.97713e+02    7.80521e+00    1.11942e+02
     Coulomb-14        LJ (SR)  Disper. corr.   Coulomb (SR)   Coul. recip.
    7.97213e+02    1.57860e+04   -6.41140e+02   -9.56073e+04    4.05054e+02
      Potential    Kinetic En.   Total Energy  Conserved En.    Temperature
   -7.86912e+04    1.28092e+04   -6.58820e+04   -9.17891e+04    3.00370e+02
 Pres. DC (bar) Pressure (bar)   Constr. rmsd
   -2.09681e+02    6.61969e+02    2.87744e-06


DD  step 3919999 load imb.: force 35.7%  pme mesh/force 0.417
           Step           Time
        3920000     7840.00000

   Energies (kJ/mol)
           Bond          Angle    Proper Dih. Per. Imp. Dih.          LJ-14
    5.36272e+01    2.14127e+02    1.98538e+02    7.73030e+00    1.05649e+02
     Coulomb-14        LJ (SR)  Disper. corr.   Coulomb (SR)   Coul. recip.
    7.88955e+02    1.50457e+04   -6.44245e+02   -9.40618e+04    3.88052e+02
      Potential    Kinetic En.   Total Energy  Conserved En.    Temperature
   -7.79036e+04    1.27599e+04   -6.51438e+04   -9.18390e+04    2.99212e+02
 Pres. DC (bar) Pressure (bar)   Constr. rmsd
   -2.11715e+02    1.19005e+02    3.91922e-06


DD  step 3924999 load imb.: force 31.4%  pme mesh/force 0.449
           Step           Time
        3925000     7850.00000

   Energies (kJ/mol)
           Bond          Angle    Proper Dih. Per. Imp. Dih.          LJ-14
    8.58135e+01    2.12049e+02    2.02796e+02    1.24682e+01    1.02113e+02
     Coulomb-14        LJ (SR)  Disper. corr.   Coulomb (SR)   Coul. recip.
    7.83079e+02    1.48941e+04   -6.38451e+02   -9.40054e+04    4.34472e+02
      Potential    Kinetic En.   Total Energy  Conserved En.    Temperature
   -7.79170e+04    1.26731e+04   -6.52439e+04   -9.18802e+04    2.97177e+02
 Pres. DC (bar) Pressure (bar)   Constr. rmsd
   -2.07928e+02   -1.97137e+02    1.48649e-06


DD  step 3929999 load imb.: force 39.3%  pme mesh/force 0.426
           Step           Time
        3930000     7860.00000

   Energies (kJ/mol)
           Bond          Angle    Proper Dih. Per. Imp. Dih.          LJ-14
    6.51336e+01    2.14943e+02    2.00492e+02    6.74570e+00    1.05325e+02
     Coulomb-14        LJ (SR)  Disper. corr.   Coulomb (SR)   Coul. recip.
    7.89482e+02    1.49915e+04   -6.38607e+02   -9.43570e+04    4.14159e+02
      Potential    Kinetic En.   Total Energy  Conserved En.    Temperature
   -7.82078e+04    1.32452e+04   -6.49626e+04   -9.19017e+04    3.10593e+02
 Pres. DC (bar) Pressure (bar)   Constr. rmsd
   -2.08029e+02   -5.59242e+01    2.41531e-06


DD  step 3934999 load imb.: force 37.8%  pme mesh/force 0.416
           Step           Time
        3935000     7870.00000

   Energies (kJ/mol)
           Bond          Angle    Proper Dih. Per. Imp. Dih.          LJ-14
    7.69351e+01    1.76389e+02    2.02346e+02    5.05776e+00    1.03480e+02
     Coulomb-14        LJ (SR)  Disper. corr.   Coulomb (SR)   Coul. recip.
    7.92024e+02    1.49877e+04   -6.42516e+02   -9.46257e+04    4.20546e+02
      Potential    Kinetic En.   Total Energy  Conserved En.    Temperature
   -7.85037e+04    1.28643e+04   -6.56395e+04   -9.19611e+04    3.01660e+02
 Pres. DC (bar) Pressure (bar)   Constr. rmsd
   -2.10581e+02   -2.23071e+02    3.31616e-06


DD  step 3939999 load imb.: force 40.8%  pme mesh/force 0.400
           Step           Time
        3940000     7880.00000

   Energies (kJ/mol)
           Bond          Angle    Proper Dih. Per. Imp. Dih.          LJ-14
    5.20855e+01    1.87784e+02    1.94958e+02    7.66403e+00    1.03404e+02
     Coulomb-14        LJ (SR)  Disper. corr.   Coulomb (SR)   Coul. recip.
    8.29052e+02    1.56061e+04   -6.38144e+02   -9.57475e+04    4.38021e+02
      Potential    Kinetic En.   Total Energy  Conserved En.    Temperature
   -7.89666e+04    1.26696e+04   -6.62970e+04   -9.19630e+04    2.97095e+02
 Pres. DC (bar) Pressure (bar)   Constr. rmsd
   -2.07729e+02    3.68605e+02    2.01752e-06


DD  step 3944999 load imb.: force 45.1%  pme mesh/force 0.414
           Step           Time
        3945000     7890.00000

   Energies (kJ/mol)
           Bond          Angle    Proper Dih. Per. Imp. Dih.          LJ-14
    5.30865e+01    2.12023e+02    2.13219e+02    1.03583e+01    1.02893e+02
     Coulomb-14        LJ (SR)  Disper. corr.   Coulomb (SR)   Coul. recip.
    7.81847e+02    1.54447e+04   -6.42326e+02   -9.49048e+04    3.95104e+02
      Potential    Kinetic En.   Total Energy  Conserved En.    Temperature
   -7.83339e+04    1.27877e+04   -6.55462e+04   -9.20197e+04    2.99866e+02
 Pres. DC (bar) Pressure (bar)   Constr. rmsd
   -2.10457e+02    2.87105e+02    2.80226e-06


DD  step 3949999 load imb.: force 28.8%  pme mesh/force 0.414
           Step           Time
        3950000     7900.00000

   Energies (kJ/mol)
           Bond          Angle    Proper Dih. Per. Imp. Dih.          LJ-14
    6.83581e+01    2.05229e+02    2.08406e+02    1.26585e+01    9.36035e+01
     Coulomb-14        LJ (SR)  Disper. corr.   Coulomb (SR)   Coul. recip.
    8.09105e+02    1.54029e+04   -6.43997e+02   -9.54364e+04    4.00801e+02
      Potential    Kinetic En.   Total Energy  Conserved En.    Temperature
   -7.88794e+04    1.27869e+04   -6.60925e+04   -9.20551e+04    2.99846e+02
 Pres. DC (bar) Pressure (bar)   Constr. rmsd
   -2.11552e+02    3.65522e+01    2.17841e-06


DD  step 3954999 load imb.: force 35.8%  pme mesh/force 1.219
           Step           Time
        3955000     7910.00000

   Energies (kJ/mol)
           Bond          Angle    Proper Dih. Per. Imp. Dih.          LJ-14
    6.06010e+01    1.77843e+02    2.30322e+02    1.15771e+01    1.11677e+02
     Coulomb-14        LJ (SR)  Disper. corr.   Coulomb (SR)   Coul. recip.
    7.87264e+02    1.52234e+04   -6.42694e+02   -9.47622e+04    4.14415e+02
      Potential    Kinetic En.   Total Energy  Conserved En.    Temperature
   -7.83878e+04    1.26886e+04   -6.56992e+04   -9.21087e+04    2.97541e+02
 Pres. DC (bar) Pressure (bar)   Constr. rmsd
   -2.10697e+02    6.50632e+01    1.72285e-06


DD  step 3959999 load imb.: force 36.6%  pme mesh/force 0.480
           Step           Time
        3960000     7920.00000

   Energies (kJ/mol)
           Bond          Angle    Proper Dih. Per. Imp. Dih.          LJ-14
    5.62706e+01    1.91095e+02    1.98732e+02    6.16968e+00    1.01392e+02
     Coulomb-14        LJ (SR)  Disper. corr.   Coulomb (SR)   Coul. recip.
    7.82371e+02    1.51192e+04   -6.40941e+02   -9.42845e+04    4.00743e+02
      Potential    Kinetic En.   Total Energy  Conserved En.    Temperature
   -7.80694e+04    1.26854e+04   -6.53840e+04   -9.21143e+04    2.97466e+02
 Pres. DC (bar) Pressure (bar)   Constr. rmsd
   -2.09551e+02    2.40042e+02    1.83181e-06


DD  step 3964999 load imb.: force 34.7%  pme mesh/force 0.444
           Step           Time
        3965000     7930.00000

   Energies (kJ/mol)
           Bond          Angle    Proper Dih. Per. Imp. Dih.          LJ-14
    6.78604e+01    1.82428e+02    2.15811e+02    7.48463e+00    1.14255e+02
     Coulomb-14        LJ (SR)  Disper. corr.   Coulomb (SR)   Coul. recip.
    8.17301e+02    1.51047e+04   -6.37202e+02   -9.43116e+04    4.29336e+02
      Potential    Kinetic En.   Total Energy  Conserved En.    Temperature
   -7.80096e+04    1.28402e+04   -6.51694e+04   -9.21555e+04    3.01096e+02
 Pres. DC (bar) Pressure (bar)   Constr. rmsd
   -2.07116e+02    1.60165e+02    4.52447e-06


DD  step 3969999 load imb.: force 39.1%  pme mesh/force 0.485
           Step           Time
        3970000     7940.00000

   Energies (kJ/mol)
           Bond          Angle    Proper Dih. Per. Imp. Dih.          LJ-14
    7.28973e+01    1.97359e+02    2.02163e+02    3.46673e+00    9.43640e+01
     Coulomb-14        LJ (SR)  Disper. corr.   Coulomb (SR)   Coul. recip.
    7.92011e+02    1.50490e+04   -6.41200e+02   -9.39774e+04    4.22837e+02
      Potential    Kinetic En.   Total Energy  Conserved En.    Temperature
   -7.77845e+04    1.25901e+04   -6.51944e+04   -9.21988e+04    2.95230e+02
 Pres. DC (bar) Pressure (bar)   Constr. rmsd
   -2.09720e+02    1.90283e+02    2.26594e-06


DD  step 3974999 load imb.: force 29.6%  pme mesh/force 0.427
           Step           Time
        3975000     7950.00000

   Energies (kJ/mol)
           Bond          Angle    Proper Dih. Per. Imp. Dih.          LJ-14
    6.36029e+01    1.95216e+02    2.16659e+02    4.70564e+00    1.08309e+02
     Coulomb-14        LJ (SR)  Disper. corr.   Coulomb (SR)   Coul. recip.
    7.97114e+02    1.51417e+04   -6.37420e+02   -9.49454e+04    3.97228e+02
      Potential    Kinetic En.   Total Energy  Conserved En.    Temperature
   -7.86583e+04    1.31407e+04   -6.55177e+04   -9.22158e+04    3.08142e+02
 Pres. DC (bar) Pressure (bar)   Constr. rmsd
   -2.07258e+02    1.08345e+01    2.61588e-06


DD  step 3979999 load imb.: force 30.8%  pme mesh/force 0.454
           Step           Time
        3980000     7960.00000

   Energies (kJ/mol)
           Bond          Angle    Proper Dih. Per. Imp. Dih.          LJ-14
    6.25447e+01    1.91691e+02    2.13958e+02    1.10477e+01    1.25637e+02
     Coulomb-14        LJ (SR)  Disper. corr.   Coulomb (SR)   Coul. recip.
    8.17770e+02    1.58524e+04   -6.38116e+02   -9.50632e+04    4.20777e+02
      Potential    Kinetic En.   Total Energy  Conserved En.    Temperature
   -7.80055e+04    1.27505e+04   -6.52550e+04   -9.22646e+04    2.98993e+02
 Pres. DC (bar) Pressure (bar)   Constr. rmsd
   -2.07710e+02    9.16285e+02    2.57782e-06


DD  step 3984999 load imb.: force 41.3%  pme mesh/force 0.425
           Step           Time
        3985000     7970.00000

   Energies (kJ/mol)
           Bond          Angle    Proper Dih. Per. Imp. Dih.          LJ-14
    5.54577e+01    1.68412e+02    2.04765e+02    1.16961e+01    1.29808e+02
     Coulomb-14        LJ (SR)  Disper. corr.   Coulomb (SR)   Coul. recip.
    8.10003e+02    1.53255e+04   -6.36382e+02   -9.46026e+04    4.47736e+02
      Potential    Kinetic En.   Total Energy  Conserved En.    Temperature
   -7.80856e+04    1.30456e+04   -6.50400e+04   -9.23069e+04    3.05913e+02
 Pres. DC (bar) Pressure (bar)   Constr. rmsd
   -2.06584e+02    2.15139e+02    4.12144e-06


DD  step 3989999 load imb.: force 31.7%  pme mesh/force 0.538
           Step           Time
        3990000     7980.00000

   Energies (kJ/mol)
           Bond          Angle    Proper Dih. Per. Imp. Dih.          LJ-14
    9.12862e+01    2.12772e+02    2.23965e+02    7.04806e+00    9.84024e+01
     Coulomb-14        LJ (SR)  Disper. corr.   Coulomb (SR)   Coul. recip.
    7.87244e+02    1.47853e+04   -6.35305e+02   -9.41015e+04    4.25612e+02
      Potential    Kinetic En.   Total Energy  Conserved En.    Temperature
   -7.81052e+04    1.30157e+04   -6.50895e+04   -9.23213e+04    3.05211e+02
 Pres. DC (bar) Pressure (bar)   Constr. rmsd
   -2.05886e+02   -3.15313e+02    2.23378e-06


DD  step 3994999 load imb.: force 27.3%  pme mesh/force 0.514
           Step           Time
        3995000     7990.00000

   Energies (kJ/mol)
           Bond          Angle    Proper Dih. Per. Imp. Dih.          LJ-14
    8.01750e+01    1.50738e+02    2.03963e+02    8.84242e+00    9.66623e+01
     Coulomb-14        LJ (SR)  Disper. corr.   Coulomb (SR)   Coul. recip.
    8.06804e+02    1.55565e+04   -6.40187e+02   -9.56582e+04    4.19500e+02
      Potential    Kinetic En.   Total Energy  Conserved En.    Temperature
   -7.89752e+04    1.26927e+04   -6.62825e+04   -9.23569e+04    2.97638e+02
 Pres. DC (bar) Pressure (bar)   Constr. rmsd
   -2.09059e+02    4.79220e+01    3.65759e-06


DD  step 3999999 load imb.: force 30.3%  pme mesh/force 0.335
           Step           Time
        4000000     8000.00000

   Energies (kJ/mol)
           Bond          Angle    Proper Dih. Per. Imp. Dih.          LJ-14
    8.25859e+01    2.03303e+02    2.02819e+02    6.18848e+00    1.17141e+02
     Coulomb-14        LJ (SR)  Disper. corr.   Coulomb (SR)   Coul. recip.
    8.07052e+02    1.52215e+04   -6.36716e+02   -9.47151e+04    4.08076e+02
      Potential    Kinetic En.   Total Energy  Conserved En.    Temperature
   -7.83031e+04    1.31501e+04   -6.51529e+04   -9.23925e+04    3.08363e+02
 Pres. DC (bar) Pressure (bar)   Constr. rmsd
   -2.06801e+02   -8.21378e+01    2.04008e-06


DD  step 4004999 load imb.: force 38.7%  pme mesh/force 0.441
           Step           Time
        4005000     8010.00000

   Energies (kJ/mol)
           Bond          Angle    Proper Dih. Per. Imp. Dih.          LJ-14
    9.12836e+01    1.63854e+02    2.29813e+02    5.00247e+00    1.06437e+02
     Coulomb-14        LJ (SR)  Disper. corr.   Coulomb (SR)   Coul. recip.
    8.41038e+02    1.51668e+04   -6.41118e+02   -9.45406e+04    4.09003e+02
      Potential    Kinetic En.   Total Energy  Conserved En.    Temperature
   -7.81684e+04    1.26536e+04   -6.55149e+04   -9.24189e+04    2.96719e+02
 Pres. DC (bar) Pressure (bar)   Constr. rmsd
   -2.09667e+02    9.49058e+01    2.19366e-06


DD  step 4009999 load imb.: force 34.9%  pme mesh/force 0.426
           Step           Time
        4010000     8020.00000

   Energies (kJ/mol)
           Bond          Angle    Proper Dih. Per. Imp. Dih.          LJ-14
    7.67796e+01    2.02663e+02    2.16570e+02    1.26241e+01    1.19496e+02
     Coulomb-14        LJ (SR)  Disper. corr.   Coulomb (SR)   Coul. recip.
    8.15944e+02    1.49582e+04   -6.41725e+02   -9.39921e+04    4.35135e+02
      Potential    Kinetic En.   Total Energy  Conserved En.    Temperature
   -7.77965e+04    1.30062e+04   -6.47903e+04   -9.24653e+04    3.04988e+02
 Pres. DC (bar) Pressure (bar)   Constr. rmsd
   -2.10064e+02    2.54760e+02    3.09069e-06


DD  step 4014999 load imb.: force 32.3%  pme mesh/force 0.457
           Step           Time
        4015000     8030.00000

   Energies (kJ/mol)
           Bond          Angle    Proper Dih. Per. Imp. Dih.          LJ-14
    7.06640e+01    1.98337e+02    2.19057e+02    1.74332e+01    1.05170e+02
     Coulomb-14        LJ (SR)  Disper. corr.   Coulomb (SR)   Coul. recip.
    7.76262e+02    1.49365e+04   -6.34962e+02   -9.45902e+04    3.77844e+02
      Potential    Kinetic En.   Total Energy  Conserved En.    Temperature
   -7.85239e+04    1.28269e+04   -6.56971e+04   -9.24953e+04    3.00783e+02
 Pres. DC (bar) Pressure (bar)   Constr. rmsd
   -2.05665e+02   -4.27241e+02    2.53701e-06


DD  step 4019999 load imb.: force 34.4%  pme mesh/force 0.458
           Step           Time
        4020000     8040.00000

   Energies (kJ/mol)
           Bond          Angle    Proper Dih. Per. Imp. Dih.          LJ-14
    9.40307e+01    1.78326e+02    2.13399e+02    1.16026e+01    9.95438e+01
     Coulomb-14        LJ (SR)  Disper. corr.   Coulomb (SR)   Coul. recip.
    7.81972e+02    1.47364e+04   -6.41803e+02   -9.43731e+04    3.77183e+02
      Potential    Kinetic En.   Total Energy  Conserved En.    Temperature
   -7.85225e+04    1.29145e+04   -6.56080e+04   -9.25153e+04    3.02838e+02
 Pres. DC (bar) Pressure (bar)   Constr. rmsd
   -2.10114e+02   -5.44009e+02    2.13936e-06


DD  step 4024999 load imb.: force 27.1%  pme mesh/force 0.487
           Step           Time
        4025000     8050.00000

   Energies (kJ/mol)
           Bond          Angle    Proper Dih. Per. Imp. Dih.          LJ-14
    4.73373e+01    1.94538e+02    1.88468e+02    1.32614e+01    1.07648e+02
     Coulomb-14        LJ (SR)  Disper. corr.   Coulomb (SR)   Coul. recip.
    8.25284e+02    1.53446e+04   -6.36049e+02   -9.47419e+04    4.35802e+02
      Potential    Kinetic En.   Total Energy  Conserved En.    Temperature
   -7.82210e+04    1.28180e+04   -6.54029e+04   -9.25366e+04    3.00576e+02
 Pres. DC (bar) Pressure (bar)   Constr. rmsd
   -2.06369e+02    1.08177e+02    4.17955e-06


DD  step 4029999 load imb.: force 29.3%  pme mesh/force 0.481
           Step           Time
        4030000     8060.00000

   Energies (kJ/mol)
           Bond          Angle    Proper Dih. Per. Imp. Dih.          LJ-14
    4.94624e+01    1.74645e+02    2.11597e+02    8.38642e+00    1.13602e+02
     Coulomb-14        LJ (SR)  Disper. corr.   Coulomb (SR)   Coul. recip.
    8.35962e+02    1.58698e+04   -6.43008e+02   -9.54998e+04    4.06847e+02
      Potential    Kinetic En.   Total Energy  Conserved En.    Temperature
   -7.84726e+04    1.25533e+04   -6.59193e+04   -9.25672e+04    2.94369e+02
 Pres. DC (bar) Pressure (bar)   Constr. rmsd
   -2.10903e+02    1.03650e+03    2.35441e-06


DD  step 4034999 load imb.: force 26.7%  pme mesh/force 0.485
           Step           Time
        4035000     8070.00000

   Energies (kJ/mol)
           Bond          Angle    Proper Dih. Per. Imp. Dih.          LJ-14
    6.68292e+01    1.89576e+02    2.18370e+02    8.63543e+00    9.34651e+01
     Coulomb-14        LJ (SR)  Disper. corr.   Coulomb (SR)   Coul. recip.
    7.82130e+02    1.47016e+04   -6.36800e+02   -9.41621e+04    4.49862e+02
      Potential    Kinetic En.   Total Energy  Conserved En.    Temperature
   -7.82885e+04    1.29070e+04   -6.53815e+04   -9.25930e+04    3.02663e+02
 Pres. DC (bar) Pressure (bar)   Constr. rmsd
   -2.06856e+02   -5.41828e+02    4.70861e-06


DD  step 4039999 load imb.: force 30.8%  pme mesh/force 0.462
           Step           Time
        4040000     8080.00000

   Energies (kJ/mol)
           Bond          Angle    Proper Dih. Per. Imp. Dih.          LJ-14
    8.57686e+01    1.85151e+02    2.10290e+02    5.32695e+00    9.68363e+01
     Coulomb-14        LJ (SR)  Disper. corr.   Coulomb (SR)   Coul. recip.
    8.06300e+02    1.50536e+04   -6.40807e+02   -9.45635e+04    3.94246e+02
      Potential    Kinetic En.   Total Energy  Conserved En.    Temperature
   -7.83667e+04    1.31411e+04   -6.52256e+04   -9.25918e+04    3.08152e+02
 Pres. DC (bar) Pressure (bar)   Constr. rmsd
   -2.09464e+02   -4.40437e+01    4.54738e-06


DD  step 4044999 load imb.: force 29.1%  pme mesh/force 0.479
           Step           Time
        4045000     8090.00000

   Energies (kJ/mol)
           Bond          Angle    Proper Dih. Per. Imp. Dih.          LJ-14
    4.88852e+01    1.52303e+02    2.01704e+02    6.83484e+00    9.97430e+01
     Coulomb-14        LJ (SR)  Disper. corr.   Coulomb (SR)   Coul. recip.
    8.09084e+02    1.55406e+04   -6.44380e+02   -9.52604e+04    3.94796e+02
      Potential    Kinetic En.   Total Energy  Conserved En.    Temperature
   -7.86508e+04    1.25451e+04   -6.61057e+04   -9.26469e+04    2.94176e+02
 Pres. DC (bar) Pressure (bar)   Constr. rmsd
   -2.11803e+02    4.99425e+02    3.44212e-06


DD  step 4049999 load imb.: force 33.4%  pme mesh/force 0.389
           Step           Time
        4050000     8100.00000

   Energies (kJ/mol)
           Bond          Angle    Proper Dih. Per. Imp. Dih.          LJ-14
    6.80340e+01    1.63659e+02    2.01305e+02    3.70551e+00    9.36151e+01
     Coulomb-14        LJ (SR)  Disper. corr.   Coulomb (SR)   Coul. recip.
    8.19197e+02    1.52587e+04   -6.40672e+02   -9.49464e+04    4.18614e+02
      Potential    Kinetic En.   Total Energy  Conserved En.    Temperature
   -7.85603e+04    1.28213e+04   -6.57390e+04   -9.27051e+04    3.00652e+02
 Pres. DC (bar) Pressure (bar)   Constr. rmsd
   -2.09376e+02   -3.01061e+01    2.39718e-06


DD  step 4054999 load imb.: force 25.1%  pme mesh/force 0.491
           Step           Time
        4055000     8110.00000

   Energies (kJ/mol)
           Bond          Angle    Proper Dih. Per. Imp. Dih.          LJ-14
    9.54354e+01    1.69998e+02    1.99057e+02    5.83494e+00    1.06134e+02
     Coulomb-14        LJ (SR)  Disper. corr.   Coulomb (SR)   Coul. recip.
    7.75503e+02    1.55984e+04   -6.42142e+02   -9.53475e+04    4.14996e+02
      Potential    Kinetic En.   Total Energy  Conserved En.    Temperature
   -7.86243e+04    1.27161e+04   -6.59082e+04   -9.27050e+04    2.98186e+02
 Pres. DC (bar) Pressure (bar)   Constr. rmsd
   -2.10336e+02    3.46428e+02    2.11829e-06


DD  step 4059999 load imb.: force 27.5%  pme mesh/force 0.391
           Step           Time
        4060000     8120.00000

   Energies (kJ/mol)
           Bond          Angle    Proper Dih. Per. Imp. Dih.          LJ-14
    7.72558e+01    2.07443e+02    1.76716e+02    8.71027e+00    9.81448e+01
     Coulomb-14        LJ (SR)  Disper. corr.   Coulomb (SR)   Coul. recip.
    7.78948e+02    1.46711e+04   -6.34949e+02   -9.39743e+04    4.18769e+02
      Potential    Kinetic En.   Total Energy  Conserved En.    Temperature
   -7.81721e+04    1.25153e+04   -6.56568e+04   -9.27650e+04    2.93478e+02
 Pres. DC (bar) Pressure (bar)   Constr. rmsd
   -2.05656e+02   -7.41387e+02    4.41621e-06


DD  step 4064999 load imb.: force 29.6%  pme mesh/force 0.454
           Step           Time
        4065000     8130.00000

   Energies (kJ/mol)
           Bond          Angle    Proper Dih. Per. Imp. Dih.          LJ-14
    7.32450e+01    1.83691e+02    1.85624e+02    8.22637e+00    9.53370e+01
     Coulomb-14        LJ (SR)  Disper. corr.   Coulomb (SR)   Coul. recip.
    8.15518e+02    1.49254e+04   -6.39322e+02   -9.43811e+04    4.25302e+02
      Potential    Kinetic En.   Total Energy  Conserved En.    Temperature
   -7.83081e+04    1.23687e+04   -6.59394e+04   -9.27770e+04    2.90038e+02
 Pres. DC (bar) Pressure (bar)   Constr. rmsd
   -2.08495e+02   -3.64623e+02    1.55038e-06


DD  step 4069999 load imb.: force 25.5%  pme mesh/force 0.466
           Step           Time
        4070000     8140.00000

   Energies (kJ/mol)
           Bond          Angle    Proper Dih. Per. Imp. Dih.          LJ-14
    8.48466e+01    1.67323e+02    1.87223e+02    8.95824e+00    8.84284e+01
     Coulomb-14        LJ (SR)  Disper. corr.   Coulomb (SR)   Coul. recip.
    8.25601e+02    1.48199e+04   -6.37124e+02   -9.44054e+04    4.13044e+02
      Potential    Kinetic En.   Total Energy  Conserved En.    Temperature
   -7.84472e+04    1.26111e+04   -6.58361e+04   -9.27930e+04    2.95725e+02
 Pres. DC (bar) Pressure (bar)   Constr. rmsd
   -2.07066e+02   -5.76721e+02    1.98664e-06


DD  step 4074999 load imb.: force 56.0%  pme mesh/force 0.394
           Step           Time
        4075000     8150.00000

   Energies (kJ/mol)
           Bond          Angle    Proper Dih. Per. Imp. Dih.          LJ-14
    7.21763e+01    2.46326e+02    2.11303e+02    9.29023e+00    9.09960e+01
     Coulomb-14        LJ (SR)  Disper. corr.   Coulomb (SR)   Coul. recip.
    7.85530e+02    1.48804e+04   -6.25188e+02   -9.42229e+04    4.42413e+02
      Potential    Kinetic En.   Total Energy  Conserved En.    Temperature
   -7.81096e+04    1.29144e+04   -6.51952e+04   -9.28485e+04    3.02837e+02
 Pres. DC (bar) Pressure (bar)   Constr. rmsd
   -1.99389e+02   -6.74309e+02    1.30402e-06


DD  step 4079999 load imb.: force 25.1%  pme mesh/force 0.430
           Step           Time
        4080000     8160.00000

   Energies (kJ/mol)
           Bond          Angle    Proper Dih. Per. Imp. Dih.          LJ-14
    8.24851e+01    1.56428e+02    2.15273e+02    8.25289e+00    9.87086e+01
     Coulomb-14        LJ (SR)  Disper. corr.   Coulomb (SR)   Coul. recip.
    8.21025e+02    1.49112e+04   -6.44429e+02   -9.37945e+04    4.02364e+02
      Potential    Kinetic En.   Total Energy  Conserved En.    Temperature
   -7.77432e+04    1.25243e+04   -6.52189e+04   -9.28785e+04    2.93688e+02
 Pres. DC (bar) Pressure (bar)   Constr. rmsd
   -2.11836e+02   -7.67522e+01    2.68049e-06


DD  step 4084999 load imb.: force 27.1%  pme mesh/force 0.463
           Step           Time
        4085000     8170.00000

   Energies (kJ/mol)
           Bond          Angle    Proper Dih. Per. Imp. Dih.          LJ-14
    8.09746e+01    1.73011e+02    1.85758e+02    1.07121e+01    1.08843e+02
     Coulomb-14        LJ (SR)  Disper. corr.   Coulomb (SR)   Coul. recip.
    8.28513e+02    1.47048e+04   -6.39514e+02   -9.43850e+04    4.30407e+02
      Potential    Kinetic En.   Total Energy  Conserved En.    Temperature
   -7.85016e+04    1.27430e+04   -6.57585e+04   -9.29151e+04    2.98818e+02
 Pres. DC (bar) Pressure (bar)   Constr. rmsd
   -2.08620e+02   -5.58997e+02    2.27638e-06


DD  step 4089999 load imb.: force 26.6%  pme mesh/force 0.444
           Step           Time
        4090000     8180.00000

   Energies (kJ/mol)
           Bond          Angle    Proper Dih. Per. Imp. Dih.          LJ-14
    7.84645e+01    1.82430e+02    1.90269e+02    5.09459e+00    9.98723e+01
     Coulomb-14        LJ (SR)  Disper. corr.   Coulomb (SR)   Coul. recip.
    8.07043e+02    1.54137e+04   -6.38140e+02   -9.49847e+04    4.04677e+02
      Potential    Kinetic En.   Total Energy  Conserved En.    Temperature
   -7.84413e+04    1.29348e+04   -6.55065e+04   -9.29398e+04    3.03314e+02
 Pres. DC (bar) Pressure (bar)   Constr. rmsd
   -2.07725e+02    1.21079e+02    3.17736e-06


DD  step 4094999 load imb.: force 34.2%  pme mesh/force 0.454
           Step           Time
        4095000     8190.00000

   Energies (kJ/mol)
           Bond          Angle    Proper Dih. Per. Imp. Dih.          LJ-14
    7.82209e+01    1.88680e+02    2.02409e+02    6.88356e+00    1.15586e+02
     Coulomb-14        LJ (SR)  Disper. corr.   Coulomb (SR)   Coul. recip.
    8.07985e+02    1.51508e+04   -6.35207e+02   -9.45011e+04    3.84988e+02
      Potential    Kinetic En.   Total Energy  Conserved En.    Temperature
   -7.82007e+04    1.32464e+04   -6.49543e+04   -9.29487e+04    3.10620e+02
 Pres. DC (bar) Pressure (bar)   Constr. rmsd
   -2.05823e+02    1.74537e+02    2.60843e-06


DD  step 4099999 load imb.: force 32.7%  pme mesh/force 0.445
           Step           Time
        4100000     8200.00000

   Energies (kJ/mol)
           Bond          Angle    Proper Dih. Per. Imp. Dih.          LJ-14
    5.76410e+01    2.05043e+02    1.92643e+02    1.33322e+01    1.00505e+02
     Coulomb-14        LJ (SR)  Disper. corr.   Coulomb (SR)   Coul. recip.
    7.75919e+02    1.47807e+04   -6.39963e+02   -9.44080e+04    3.97349e+02
      Potential    Kinetic En.   Total Energy  Conserved En.    Temperature
   -7.85248e+04    1.28970e+04   -6.56278e+04   -9.30066e+04    3.02427e+02
 Pres. DC (bar) Pressure (bar)   Constr. rmsd
   -2.08913e+02   -5.07664e+02    2.62732e-06


DD  step 4104999 load imb.: force 30.0%  pme mesh/force 0.444
           Step           Time
        4105000     8210.00000

   Energies (kJ/mol)
           Bond          Angle    Proper Dih. Per. Imp. Dih.          LJ-14
    5.34602e+01    1.74470e+02    2.17869e+02    5.03434e+00    1.00871e+02
     Coulomb-14        LJ (SR)  Disper. corr.   Coulomb (SR)   Coul. recip.
    7.79716e+02    1.54690e+04   -6.45231e+02   -9.46928e+04    3.91735e+02
      Potential    Kinetic En.   Total Energy  Conserved En.    Temperature
   -7.81459e+04    1.29727e+04   -6.51732e+04   -9.30280e+04    3.04203e+02
 Pres. DC (bar) Pressure (bar)   Constr. rmsd
   -2.12362e+02    6.07159e+02    2.55793e-06


DD  step 4109999 load imb.: force 30.3%  pme mesh/force 0.454
           Step           Time
        4110000     8220.00000

   Energies (kJ/mol)
           Bond          Angle    Proper Dih. Per. Imp. Dih.          LJ-14
    7.62282e+01    2.27700e+02    1.92119e+02    1.19366e+01    1.06661e+02
     Coulomb-14        LJ (SR)  Disper. corr.   Coulomb (SR)   Coul. recip.
    7.72217e+02    1.51825e+04   -6.45523e+02   -9.42503e+04    4.12648e+02
      Potential    Kinetic En.   Total Energy  Conserved En.    Temperature
   -7.79138e+04    1.28640e+04   -6.50498e+04   -9.30852e+04    3.01653e+02
 Pres. DC (bar) Pressure (bar)   Constr. rmsd
   -2.12554e+02    3.67356e+02    2.48209e-06


DD  step 4114999 load imb.: force 30.9%  pme mesh/force 0.469
           Step           Time
        4115000     8230.00000

   Energies (kJ/mol)
           Bond          Angle    Proper Dih. Per. Imp. Dih.          LJ-14
    7.91638e+01    1.80072e+02    1.93610e+02    6.77656e+00    9.73206e+01
     Coulomb-14        LJ (SR)  Disper. corr.   Coulomb (SR)   Coul. recip.
    8.40959e+02    1.47013e+04   -6.38957e+02   -9.45525e+04    4.16911e+02
      Potential    Kinetic En.   Total Energy  Conserved En.    Temperature
   -7.86753e+04    1.27242e+04   -6.59511e+04   -9.30868e+04    2.98375e+02
 Pres. DC (bar) Pressure (bar)   Constr. rmsd
   -2.08257e+02   -8.54658e+02    1.52735e-06


DD  step 4119999 load imb.: force 29.1%  pme mesh/force 0.481
           Step           Time
        4120000     8240.00000

   Energies (kJ/mol)
           Bond          Angle    Proper Dih. Per. Imp. Dih.          LJ-14
    9.09703e+01    2.17625e+02    1.90913e+02    5.37328e+00    1.03540e+02
     Coulomb-14        LJ (SR)  Disper. corr.   Coulomb (SR)   Coul. recip.
    8.01105e+02    1.52299e+04   -6.39132e+02   -9.45380e+04    4.20770e+02
      Potential    Kinetic En.   Total Energy  Conserved En.    Temperature
   -7.81169e+04    1.24303e+04   -6.56866e+04   -9.31216e+04    2.91483e+02
 Pres. DC (bar) Pressure (bar)   Constr. rmsd
   -2.08372e+02    1.76423e+02    1.59618e-06


DD  step 4124999 load imb.: force 29.7%  pme mesh/force 0.445
           Step           Time
        4125000     8250.00000

   Energies (kJ/mol)
           Bond          Angle    Proper Dih. Per. Imp. Dih.          LJ-14
    6.95947e+01    2.09437e+02    2.21553e+02    9.01962e+00    1.01780e+02
     Coulomb-14        LJ (SR)  Disper. corr.   Coulomb (SR)   Coul. recip.
    8.28862e+02    1.47017e+04   -6.40969e+02   -9.41007e+04    4.31677e+02
      Potential    Kinetic En.   Total Energy  Conserved En.    Temperature
   -7.81680e+04    1.27900e+04   -6.53780e+04   -9.31756e+04    2.99919e+02
 Pres. DC (bar) Pressure (bar)   Constr. rmsd
   -2.09570e+02   -3.93483e+02    1.66406e-06


DD  step 4129999 load imb.: force 33.2%  pme mesh/force 0.458
           Step           Time
        4130000     8260.00000

   Energies (kJ/mol)
           Bond          Angle    Proper Dih. Per. Imp. Dih.          LJ-14
    6.32091e+01    2.12311e+02    2.02486e+02    4.48308e+00    1.04352e+02
     Coulomb-14        LJ (SR)  Disper. corr.   Coulomb (SR)   Coul. recip.
    8.23690e+02    1.50460e+04   -6.36777e+02   -9.44103e+04    3.95385e+02
      Potential    Kinetic En.   Total Energy  Conserved En.    Temperature
   -7.81951e+04    1.30534e+04   -6.51417e+04   -9.32231e+04    3.06095e+02
 Pres. DC (bar) Pressure (bar)   Constr. rmsd
   -2.06840e+02    6.14306e+01    2.92951e-06


DD  step 4134999 load imb.: force 25.8%  pme mesh/force 0.512
           Step           Time
        4135000     8270.00000

   Energies (kJ/mol)
           Bond          Angle    Proper Dih. Per. Imp. Dih.          LJ-14
    6.84760e+01    2.29819e+02    2.11569e+02    7.50321e+00    1.14774e+02
     Coulomb-14        LJ (SR)  Disper. corr.   Coulomb (SR)   Coul. recip.
    7.67730e+02    1.52122e+04   -6.39579e+02   -9.43493e+04    4.26983e+02
      Potential    Kinetic En.   Total Energy  Conserved En.    Temperature
   -7.79498e+04    1.29596e+04   -6.49902e+04   -9.32323e+04    3.03895e+02
 Pres. DC (bar) Pressure (bar)   Constr. rmsd
   -2.08663e+02    1.91589e+02    2.68650e-06


DD  step 4139999 load imb.: force 28.6%  pme mesh/force 0.470
           Step           Time
        4140000     8280.00000

   Energies (kJ/mol)
           Bond          Angle    Proper Dih. Per. Imp. Dih.          LJ-14
    5.02457e+01    2.13978e+02    1.94963e+02    1.41546e+01    1.13545e+02
     Coulomb-14        LJ (SR)  Disper. corr.   Coulomb (SR)   Coul. recip.
    8.05978e+02    1.50277e+04   -6.34930e+02   -9.41946e+04    4.14382e+02
      Potential    Kinetic En.   Total Energy  Conserved En.    Temperature
   -7.79946e+04    1.28944e+04   -6.51002e+04   -9.32856e+04    3.02366e+02
 Pres. DC (bar) Pressure (bar)   Constr. rmsd
   -2.05644e+02   -5.41878e+01    2.77686e-06


DD  step 4144999 load imb.: force 28.6%  pme mesh/force 0.674
           Step           Time
        4145000     8290.00000

   Energies (kJ/mol)
           Bond          Angle    Proper Dih. Per. Imp. Dih.          LJ-14
    7.22027e+01    1.54108e+02    1.92284e+02    9.38105e+00    1.16577e+02
     Coulomb-14        LJ (SR)  Disper. corr.   Coulomb (SR)   Coul. recip.
    8.33386e+02    1.49579e+04   -6.38340e+02   -9.46319e+04    3.81302e+02
      Potential    Kinetic En.   Total Energy  Conserved En.    Temperature
   -7.85532e+04    1.30040e+04   -6.55491e+04   -9.33148e+04    3.04938e+02
 Pres. DC (bar) Pressure (bar)   Constr. rmsd
   -2.07856e+02   -3.09678e+02    1.52119e-06


DD  step 4149999 load imb.: force 27.7%  pme mesh/force 0.514
           Step           Time
        4150000     8300.00000

   Energies (kJ/mol)
           Bond          Angle    Proper Dih. Per. Imp. Dih.          LJ-14
    6.93220e+01    2.04586e+02    2.06497e+02    8.61523e+00    9.39681e+01
     Coulomb-14        LJ (SR)  Disper. corr.   Coulomb (SR)   Coul. recip.
    7.83763e+02    1.50341e+04   -6.41626e+02   -9.42565e+04    4.19847e+02
      Potential    Kinetic En.   Total Energy  Conserved En.    Temperature
   -7.80775e+04    1.27459e+04   -6.53316e+04   -9.33382e+04    2.98885e+02
 Pres. DC (bar) Pressure (bar)   Constr. rmsd
   -2.09999e+02   -7.23177e+01    2.53445e-06


DD  step 4154999 load imb.: force 33.5%  pme mesh/force 0.445
           Step           Time
        4155000     8310.00000

   Energies (kJ/mol)
           Bond          Angle    Proper Dih. Per. Imp. Dih.          LJ-14
    6.38033e+01    1.93349e+02    2.20176e+02    1.09793e+01    1.01206e+02
     Coulomb-14        LJ (SR)  Disper. corr.   Coulomb (SR)   Coul. recip.
    7.66484e+02    1.54725e+04   -6.43946e+02   -9.48656e+04    4.27428e+02
      Potential    Kinetic En.   Total Energy  Conserved En.    Temperature
   -7.82536e+04    1.26646e+04   -6.55890e+04   -9.33637e+04    2.96978e+02
 Pres. DC (bar) Pressure (bar)   Constr. rmsd
   -2.11519e+02    4.38396e+02    3.08244e-06


DD  step 4159999 load imb.: force 31.4%  pme mesh/force 0.441
           Step           Time
        4160000     8320.00000

   Energies (kJ/mol)
           Bond          Angle    Proper Dih. Per. Imp. Dih.          LJ-14
    9.07382e+01    2.33962e+02    1.92879e+02    7.40553e+00    1.02085e+02
     Coulomb-14        LJ (SR)  Disper. corr.   Coulomb (SR)   Coul. recip.
    7.61566e+02    1.49595e+04   -6.35461e+02   -9.41296e+04    4.00946e+02
      Potential    Kinetic En.   Total Energy  Conserved En.    Temperature
   -7.80160e+04    1.28074e+04   -6.52086e+04   -9.33826e+04    3.00326e+02
 Pres. DC (bar) Pressure (bar)   Constr. rmsd
   -2.05988e+02   -2.32403e+02    2.12494e-06


DD  step 4164999 load imb.: force 28.1%  pme mesh/force 0.460
           Step           Time
        4165000     8330.00000

   Energies (kJ/mol)
           Bond          Angle    Proper Dih. Per. Imp. Dih.          LJ-14
    7.89045e+01    2.33051e+02    1.81903e+02    7.60966e+00    9.18846e+01
     Coulomb-14        LJ (SR)  Disper. corr.   Coulomb (SR)   Coul. recip.
    7.64171e+02    1.52001e+04   -6.45334e+02   -9.48404e+04    4.33745e+02
      Potential    Kinetic En.   Total Energy  Conserved En.    Temperature
   -7.84943e+04    1.29713e+04   -6.55231e+04   -9.34326e+04    3.04170e+02
 Pres. DC (bar) Pressure (bar)   Constr. rmsd
   -2.12430e+02   -8.06102e+00    3.76681e-06


DD  step 4169999 load imb.: force 28.0%  pme mesh/force 0.422
           Step           Time
        4170000     8340.00000

   Energies (kJ/mol)
           Bond          Angle    Proper Dih. Per. Imp. Dih.          LJ-14
    6.11815e+01    2.41162e+02    2.04482e+02    1.12283e+01    9.39570e+01
     Coulomb-14        LJ (SR)  Disper. corr.   Coulomb (SR)   Coul. recip.
    7.71991e+02    1.48171e+04   -6.34287e+02   -9.38269e+04    4.18281e+02
      Potential    Kinetic En.   Total Energy  Conserved En.    Temperature
   -7.78418e+04    1.30127e+04   -6.48291e+04   -9.34892e+04    3.05140e+02
 Pres. DC (bar) Pressure (bar)   Constr. rmsd
   -2.05228e+02   -3.01941e+02    2.02383e-06


DD  step 4174999 load imb.: force 35.8%  pme mesh/force 0.443
           Step           Time
        4175000     8350.00000

   Energies (kJ/mol)
           Bond          Angle    Proper Dih. Per. Imp. Dih.          LJ-14
    9.22414e+01    2.11025e+02    2.08022e+02    4.81860e+00    1.07074e+02
     Coulomb-14        LJ (SR)  Disper. corr.   Coulomb (SR)   Coul. recip.
    7.69883e+02    1.51100e+04   -6.36367e+02   -9.42124e+04    4.59493e+02
      Potential    Kinetic En.   Total Energy  Conserved En.    Temperature
   -7.78862e+04    1.28262e+04   -6.50600e+04   -9.35179e+04    3.00767e+02
 Pres. DC (bar) Pressure (bar)   Constr. rmsd
   -2.06574e+02   -7.06560e+01    3.37013e-06


DD  step 4179999 load imb.: force 30.4%  pme mesh/force 0.459
           Step           Time
        4180000     8360.00000

   Energies (kJ/mol)
           Bond          Angle    Proper Dih. Per. Imp. Dih.          LJ-14
    6.80866e+01    1.95214e+02    2.06503e+02    1.50684e+01    1.00795e+02
     Coulomb-14        LJ (SR)  Disper. corr.   Coulomb (SR)   Coul. recip.
    8.06705e+02    1.54412e+04   -6.43811e+02   -9.51975e+04    3.88886e+02
      Potential    Kinetic En.   Total Energy  Conserved En.    Temperature
   -7.86189e+04    1.28647e+04   -6.57542e+04   -9.35511e+04    3.01671e+02
 Pres. DC (bar) Pressure (bar)   Constr. rmsd
   -2.11430e+02    1.96420e+02    1.43290e-06


DD  step 4184999 load imb.: force 33.8%  pme mesh/force 0.455
           Step           Time
        4185000     8370.00000

   Energies (kJ/mol)
           Bond          Angle    Proper Dih. Per. Imp. Dih.          LJ-14
    6.49147e+01    2.44863e+02    2.16273e+02    9.22053e+00    1.02619e+02
     Coulomb-14        LJ (SR)  Disper. corr.   Coulomb (SR)   Coul. recip.
    7.87335e+02    1.49921e+04   -6.39182e+02   -9.44964e+04    4.22500e+02
      Potential    Kinetic En.   Total Energy  Conserved En.    Temperature
   -7.82957e+04    1.28887e+04   -6.54070e+04   -9.35841e+04    3.02234e+02
 Pres. DC (bar) Pressure (bar)   Constr. rmsd
   -2.08404e+02   -1.31919e+02    3.27539e-06


DD  step 4189999 load imb.: force 25.4%  pme mesh/force 1.640
           Step           Time
        4190000     8380.00000

   Energies (kJ/mol)
           Bond          Angle    Proper Dih. Per. Imp. Dih.          LJ-14
    4.83953e+01    2.09607e+02    2.07430e+02    7.18979e+00    1.10251e+02
     Coulomb-14        LJ (SR)  Disper. corr.   Coulomb (SR)   Coul. recip.
    8.15329e+02    1.51414e+04   -6.41391e+02   -9.45327e+04    4.14258e+02
      Potential    Kinetic En.   Total Energy  Conserved En.    Temperature
   -7.82202e+04    1.26226e+04   -6.55976e+04   -9.36255e+04    2.95993e+02
 Pres. DC (bar) Pressure (bar)   Constr. rmsd
   -2.09845e+02    8.60660e+01    2.48877e-06


DD  step 4194999 load imb.: force 36.4%  pme mesh/force 0.441
           Step           Time
        4195000     8390.00000

   Energies (kJ/mol)
           Bond          Angle    Proper Dih. Per. Imp. Dih.          LJ-14
    7.38295e+01    1.85825e+02    2.13412e+02    4.05527e+00    1.09472e+02
     Coulomb-14        LJ (SR)  Disper. corr.   Coulomb (SR)   Coul. recip.
    8.37375e+02    1.51984e+04   -6.40006e+02   -9.47236e+04    4.20146e+02
      Potential    Kinetic En.   Total Energy  Conserved En.    Temperature
   -7.83211e+04    1.30417e+04   -6.52794e+04   -9.36512e+04    3.05820e+02
 Pres. DC (bar) Pressure (bar)   Constr. rmsd
   -2.08941e+02    1.92377e+01    2.41747e-06


DD  step 4199999 load imb.: force 27.7%  pme mesh/force 0.528
           Step           Time
        4200000     8400.00000

   Energies (kJ/mol)
           Bond          Angle    Proper Dih. Per. Imp. Dih.          LJ-14
    5.34287e+01    2.08141e+02    1.98881e+02    7.25202e+00    1.07679e+02
     Coulomb-14        LJ (SR)  Disper. corr.   Coulomb (SR)   Coul. recip.
    8.12763e+02    1.52119e+04   -6.39430e+02   -9.46902e+04    4.27937e+02
      Potential    Kinetic En.   Total Energy  Conserved En.    Temperature
   -7.83016e+04    1.27552e+04   -6.55465e+04   -9.37077e+04    2.99102e+02
 Pres. DC (bar) Pressure (bar)   Constr. rmsd
   -2.08565e+02    1.22833e+02    2.35434e-06


DD  step 4204999 load imb.: force 29.6%  pme mesh/force 0.441
           Step           Time
        4205000     8410.00000

   Energies (kJ/mol)
           Bond          Angle    Proper Dih. Per. Imp. Dih.          LJ-14
    5.41691e+01    1.87849e+02    2.19490e+02    1.09577e+01    9.28728e+01
     Coulomb-14        LJ (SR)  Disper. corr.   Coulomb (SR)   Coul. recip.
    7.92193e+02    1.53298e+04   -6.43201e+02   -9.51420e+04    4.15713e+02
      Potential    Kinetic En.   Total Energy  Conserved En.    Temperature
   -7.86821e+04    1.28151e+04   -6.58670e+04   -9.37431e+04    3.00508e+02
 Pres. DC (bar) Pressure (bar)   Constr. rmsd
   -2.11030e+02    9.38950e+01    2.69116e-06


DD  step 4209999 load imb.: force 27.9%  pme mesh/force 0.476
           Step           Time
        4210000     8420.00000

   Energies (kJ/mol)
           Bond          Angle    Proper Dih. Per. Imp. Dih.          LJ-14
    8.26348e+01    1.76306e+02    2.10457e+02    1.42121e+01    1.09082e+02
     Coulomb-14        LJ (SR)  Disper. corr.   Coulomb (SR)   Coul. recip.
    7.79681e+02    1.49746e+04   -6.32174e+02   -9.41775e+04    4.15935e+02
      Potential    Kinetic En.   Total Energy  Conserved En.    Temperature
   -7.80467e+04    1.29661e+04   -6.50806e+04   -9.37624e+04    3.04049e+02
 Pres. DC (bar) Pressure (bar)   Constr. rmsd
   -2.03864e+02   -1.68755e+02    2.61151e-06


DD  step 4214999 load imb.: force 85.6%  pme mesh/force 0.271
           Step           Time
        4215000     8430.00000

   Energies (kJ/mol)
           Bond          Angle    Proper Dih. Per. Imp. Dih.          LJ-14
    8.14390e+01    1.85765e+02    2.06570e+02    9.91305e+00    1.06458e+02
     Coulomb-14        LJ (SR)  Disper. corr.   Coulomb (SR)   Coul. recip.
    7.87776e+02    1.47350e+04   -6.40624e+02   -9.42010e+04    4.34365e+02
      Potential    Kinetic En.   Total Energy  Conserved En.    Temperature
   -7.82943e+04    1.28218e+04   -6.54726e+04   -9.37990e+04    3.00664e+02
 Pres. DC (bar) Pressure (bar)   Constr. rmsd
   -2.09344e+02   -3.63704e+02    2.56822e-06


DD  step 4219999 load imb.: force 28.0%  pme mesh/force 0.537
           Step           Time
        4220000     8440.00000

   Energies (kJ/mol)
           Bond          Angle    Proper Dih. Per. Imp. Dih.          LJ-14
    1.12865e+02    2.04706e+02    2.19846e+02    1.27037e+01    9.11889e+01
     Coulomb-14        LJ (SR)  Disper. corr.   Coulomb (SR)   Coul. recip.
    7.71238e+02    1.54142e+04   -6.41186e+02   -9.48510e+04    4.22908e+02
      Potential    Kinetic En.   Total Energy  Conserved En.    Temperature
   -7.82425e+04    1.31470e+04   -6.50955e+04   -9.38300e+04    3.08290e+02
 Pres. DC (bar) Pressure (bar)   Constr. rmsd
   -2.09711e+02    3.68245e+02    3.50344e-06


DD  step 4224999 load imb.: force 35.1%  pme mesh/force 0.457
           Step           Time
        4225000     8450.00000

   Energies (kJ/mol)
           Bond          Angle    Proper Dih. Per. Imp. Dih.          LJ-14
    6.60734e+01    2.32187e+02    2.10266e+02    8.87616e+00    1.03762e+02
     Coulomb-14        LJ (SR)  Disper. corr.   Coulomb (SR)   Coul. recip.
    7.70561e+02    1.51044e+04   -6.33630e+02   -9.41016e+04    4.31908e+02
      Potential    Kinetic En.   Total Energy  Conserved En.    Temperature
   -7.78073e+04    1.29291e+04   -6.48782e+04   -9.38878e+04    3.03180e+02
 Pres. DC (bar) Pressure (bar)   Constr. rmsd
   -2.04803e+02    9.71471e+01    3.32840e-06


DD  step 4229999 load imb.: force 31.1%  pme mesh/force 0.466
           Step           Time
        4230000     8460.00000

   Energies (kJ/mol)
           Bond          Angle    Proper Dih. Per. Imp. Dih.          LJ-14
    5.29523e+01    1.92940e+02    1.92860e+02    5.55657e+00    1.08660e+02
     Coulomb-14        LJ (SR)  Disper. corr.   Coulomb (SR)   Coul. recip.
    7.90535e+02    1.52735e+04   -6.41280e+02   -9.50963e+04    3.86435e+02
      Potential    Kinetic En.   Total Energy  Conserved En.    Temperature
   -7.87342e+04    1.27257e+04   -6.60085e+04   -9.38667e+04    2.98411e+02
 Pres. DC (bar) Pressure (bar)   Constr. rmsd
   -2.09773e+02    3.75104e+01    2.08536e-06


DD  step 4234999 load imb.: force 30.2%  pme mesh/force 0.422
           Step           Time
        4235000     8470.00000

   Energies (kJ/mol)
           Bond          Angle    Proper Dih. Per. Imp. Dih.          LJ-14
    5.45649e+01    1.76498e+02    2.14106e+02    6.36580e+00    1.02096e+02
     Coulomb-14        LJ (SR)  Disper. corr.   Coulomb (SR)   Coul. recip.
    8.06525e+02    1.51330e+04   -6.40353e+02   -9.45494e+04    3.89682e+02
      Potential    Kinetic En.   Total Energy  Conserved En.    Temperature
   -7.83068e+04    1.24196e+04   -6.58872e+04   -9.39125e+04    2.91233e+02
 Pres. DC (bar) Pressure (bar)   Constr. rmsd
   -2.09167e+02    1.01818e+02    1.06847e-06


DD  step 4239999 load imb.: force 31.8%  pme mesh/force 0.421
           Step           Time
        4240000     8480.00000

   Energies (kJ/mol)
           Bond          Angle    Proper Dih. Per. Imp. Dih.          LJ-14
    5.89156e+01    1.99637e+02    2.04324e+02    1.07782e+01    1.00727e+02
     Coulomb-14        LJ (SR)  Disper. corr.   Coulomb (SR)   Coul. recip.
    7.91523e+02    1.47241e+04   -6.40588e+02   -9.44698e+04    4.07824e+02
      Potential    Kinetic En.   Total Energy  Conserved En.    Temperature
   -7.86126e+04    1.30135e+04   -6.55991e+04   -9.39583e+04    3.05160e+02
 Pres. DC (bar) Pressure (bar)   Constr. rmsd
   -2.09320e+02   -4.04679e+02    2.43854e-06


DD  step 4244999 load imb.: force 40.1%  pme mesh/force 0.397
           Step           Time
        4245000     8490.00000

   Energies (kJ/mol)
           Bond          Angle    Proper Dih. Per. Imp. Dih.          LJ-14
    8.01622e+01    1.63788e+02    2.19828e+02    7.83127e+00    1.06306e+02
     Coulomb-14        LJ (SR)  Disper. corr.   Coulomb (SR)   Coul. recip.
    8.55974e+02    1.50635e+04   -6.46542e+02   -9.45780e+04    4.12065e+02
      Potential    Kinetic En.   Total Energy  Conserved En.    Temperature
   -7.83151e+04    1.28256e+04   -6.54896e+04   -9.40111e+04    3.00753e+02
 Pres. DC (bar) Pressure (bar)   Constr. rmsd
   -2.13225e+02    2.01250e+01    2.46941e-06


DD  step 4249999 load imb.: force 30.8%  pme mesh/force 0.414
           Step           Time
        4250000     8500.00000

   Energies (kJ/mol)
           Bond          Angle    Proper Dih. Per. Imp. Dih.          LJ-14
    6.46399e+01    1.70774e+02    2.06354e+02    1.05202e+01    1.11770e+02
     Coulomb-14        LJ (SR)  Disper. corr.   Coulomb (SR)   Coul. recip.
    8.19615e+02    1.51230e+04   -6.41440e+02   -9.42999e+04    4.21111e+02
      Potential    Kinetic En.   Total Energy  Conserved En.    Temperature
   -7.80135e+04    1.28034e+04   -6.52101e+04   -9.39794e+04    3.00234e+02
 Pres. DC (bar) Pressure (bar)   Constr. rmsd
   -2.09877e+02    3.14555e+02    2.34298e-06


DD  step 4254999 load imb.: force 33.9%  pme mesh/force 0.476
           Step           Time
        4255000     8510.00000

   Energies (kJ/mol)
           Bond          Angle    Proper Dih. Per. Imp. Dih.          LJ-14
    6.03407e+01    2.15370e+02    2.00191e+02    8.73598e+00    1.00339e+02
     Coulomb-14        LJ (SR)  Disper. corr.   Coulomb (SR)   Coul. recip.
    8.05294e+02    1.53904e+04   -6.39431e+02   -9.50985e+04    3.93907e+02
      Potential    Kinetic En.   Total Energy  Conserved En.    Temperature
   -7.85634e+04    1.28224e+04   -6.57410e+04   -9.40602e+04    3.00678e+02
 Pres. DC (bar) Pressure (bar)   Constr. rmsd
   -2.08566e+02    1.34014e+02    2.84995e-06


DD  step 4259999 load imb.: force 32.2%  pme mesh/force 0.476
           Step           Time
        4260000     8520.00000

   Energies (kJ/mol)
           Bond          Angle    Proper Dih. Per. Imp. Dih.          LJ-14
    6.84524e+01    1.88759e+02    2.11640e+02    8.03681e+00    1.12977e+02
     Coulomb-14        LJ (SR)  Disper. corr.   Coulomb (SR)   Coul. recip.
    8.26708e+02    1.52675e+04   -6.44620e+02   -9.48968e+04    4.03252e+02
      Potential    Kinetic En.   Total Energy  Conserved En.    Temperature
   -7.84541e+04    1.26094e+04   -6.58447e+04   -9.40834e+04    2.95684e+02
 Pres. DC (bar) Pressure (bar)   Constr. rmsd
   -2.11961e+02    3.60984e+02    2.62294e-06


DD  step 4264999 load imb.: force 29.8%  pme mesh/force 0.432
           Step           Time
        4265000     8530.00000

   Energies (kJ/mol)
           Bond          Angle    Proper Dih. Per. Imp. Dih.          LJ-14
    4.32982e+01    1.70813e+02    1.95634e+02    5.08285e+00    1.13896e+02
     Coulomb-14        LJ (SR)  Disper. corr.   Coulomb (SR)   Coul. recip.
    8.12142e+02    1.50431e+04   -6.40283e+02   -9.47825e+04    4.02213e+02
      Potential    Kinetic En.   Total Energy  Conserved En.    Temperature
   -7.86365e+04    1.27447e+04   -6.58918e+04   -9.41216e+04    2.98856e+02
 Pres. DC (bar) Pressure (bar)   Constr. rmsd
   -2.09122e+02   -3.27167e+01    1.77894e-06


DD  step 4269999 load imb.: force 33.1%  pme mesh/force 0.456
           Step           Time
        4270000     8540.00000

   Energies (kJ/mol)
           Bond          Angle    Proper Dih. Per. Imp. Dih.          LJ-14
    6.74139e+01    1.87397e+02    2.06573e+02    4.17203e+00    9.03567e+01
     Coulomb-14        LJ (SR)  Disper. corr.   Coulomb (SR)   Coul. recip.
    7.75638e+02    1.51012e+04   -6.42991e+02   -9.47283e+04    4.15988e+02
      Potential    Kinetic En.   Total Energy  Conserved En.    Temperature
   -7.85225e+04    1.27056e+04   -6.58169e+04   -9.41247e+04    2.97940e+02
 Pres. DC (bar) Pressure (bar)   Constr. rmsd
   -2.10892e+02   -1.55003e+02    2.08610e-06


DD  step 4274999 load imb.: force 28.2%  pme mesh/force 0.510
           Step           Time
        4275000     8550.00000

   Energies (kJ/mol)
           Bond          Angle    Proper Dih. Per. Imp. Dih.          LJ-14
    6.42397e+01    1.65109e+02    2.19338e+02    6.95139e+00    1.02301e+02
     Coulomb-14        LJ (SR)  Disper. corr.   Coulomb (SR)   Coul. recip.
    7.78555e+02    1.49446e+04   -6.28316e+02   -9.40492e+04    4.04469e+02
      Potential    Kinetic En.   Total Energy  Conserved En.    Temperature
   -7.79920e+04    1.26297e+04   -6.53623e+04   -9.41579e+04    2.96160e+02
 Pres. DC (bar) Pressure (bar)   Constr. rmsd
   -2.01387e+02   -4.12001e+02    2.56525e-06


DD  step 4279999 load imb.: force 36.1%  pme mesh/force 0.428
           Step           Time
        4280000     8560.00000

   Energies (kJ/mol)
           Bond          Angle    Proper Dih. Per. Imp. Dih.          LJ-14
    7.02101e+01    1.89609e+02    1.98494e+02    5.79997e+00    1.10987e+02
     Coulomb-14        LJ (SR)  Disper. corr.   Coulomb (SR)   Coul. recip.
    7.95181e+02    1.49212e+04   -6.44937e+02   -9.46278e+04    4.07695e+02
      Potential    Kinetic En.   Total Energy  Conserved En.    Temperature
   -7.85736e+04    1.27357e+04   -6.58378e+04   -9.41924e+04    2.98647e+02
 Pres. DC (bar) Pressure (bar)   Constr. rmsd
   -2.12169e+02   -1.97241e+02    1.64164e-06


DD  step 4284999 load imb.: force 30.6%  pme mesh/force 0.457
           Step           Time
        4285000     8570.00000

   Energies (kJ/mol)
           Bond          Angle    Proper Dih. Per. Imp. Dih.          LJ-14
    6.06490e+01    2.05092e+02    2.08946e+02    5.75676e+00    1.15226e+02
     Coulomb-14        LJ (SR)  Disper. corr.   Coulomb (SR)   Coul. recip.
    7.87452e+02    1.52741e+04   -6.44649e+02   -9.42599e+04    4.05232e+02
      Potential    Kinetic En.   Total Energy  Conserved En.    Temperature
   -7.78421e+04    1.27523e+04   -6.50898e+04   -9.42457e+04    2.99034e+02
 Pres. DC (bar) Pressure (bar)   Constr. rmsd
   -2.11980e+02    4.53227e+02    2.92159e-06


DD  step 4289999 load imb.: force 26.6%  pme mesh/force 0.411
           Step           Time
        4290000     8580.00000

   Energies (kJ/mol)
           Bond          Angle    Proper Dih. Per. Imp. Dih.          LJ-14
    6.43330e+01    2.12166e+02    2.03462e+02    4.38510e+00    9.84456e+01
     Coulomb-14        LJ (SR)  Disper. corr.   Coulomb (SR)   Coul. recip.
    7.95257e+02    1.51045e+04   -6.39249e+02   -9.43406e+04    4.01033e+02
      Potential    Kinetic En.   Total Energy  Conserved En.    Temperature
   -7.80962e+04    1.31475e+04   -6.49488e+04   -9.42813e+04    3.08301e+02
 Pres. DC (bar) Pressure (bar)   Constr. rmsd
   -2.08448e+02    2.32728e+02    4.01177e-06


DD  step 4294999 load imb.: force 21.9%  pme mesh/force 0.345
           Step           Time
        4295000     8590.00000

   Energies (kJ/mol)
           Bond          Angle    Proper Dih. Per. Imp. Dih.          LJ-14
    8.79150e+01    1.99720e+02    1.85949e+02    1.45133e+01    1.00015e+02
     Coulomb-14        LJ (SR)  Disper. corr.   Coulomb (SR)   Coul. recip.
    7.92871e+02    1.50701e+04   -6.38548e+02   -9.45694e+04    4.20364e+02
      Potential    Kinetic En.   Total Energy  Conserved En.    Temperature
   -7.83364e+04    1.30277e+04   -6.53087e+04   -9.43282e+04    3.05492e+02
 Pres. DC (bar) Pressure (bar)   Constr. rmsd
   -2.07991e+02   -2.85602e+02    2.87913e-06


DD  step 4299999 load imb.: force 26.9%  pme mesh/force 0.478
           Step           Time
        4300000     8600.00000

   Energies (kJ/mol)
           Bond          Angle    Proper Dih. Per. Imp. Dih.          LJ-14
    6.39299e+01    1.96682e+02    1.93802e+02    1.38991e+01    1.08100e+02
     Coulomb-14        LJ (SR)  Disper. corr.   Coulomb (SR)   Coul. recip.
    7.98574e+02    1.48121e+04   -6.32120e+02   -9.41313e+04    4.21657e+02
      Potential    Kinetic En.   Total Energy  Conserved En.    Temperature
   -7.81547e+04    1.26361e+04   -6.55185e+04   -9.43770e+04    2.96311e+02
 Pres. DC (bar) Pressure (bar)   Constr. rmsd
   -2.03830e+02   -5.28638e+02    1.86500e-06


DD  step 4304999 load imb.: force 28.6%  pme mesh/force 0.576
           Step           Time
        4305000     8610.00000

   Energies (kJ/mol)
           Bond          Angle    Proper Dih. Per. Imp. Dih.          LJ-14
    5.27255e+01    1.93451e+02    2.09158e+02    1.32971e+01    1.07765e+02
     Coulomb-14        LJ (SR)  Disper. corr.   Coulomb (SR)   Coul. recip.
    7.61281e+02    1.52576e+04   -6.44343e+02   -9.46491e+04    3.89664e+02
      Potential    Kinetic En.   Total Energy  Conserved En.    Temperature
   -7.83085e+04    1.28210e+04   -6.54876e+04   -9.43904e+04    3.00646e+02
 Pres. DC (bar) Pressure (bar)   Constr. rmsd
   -2.11779e+02    5.01494e+02    1.62211e-06


DD  step 4309999 load imb.: force 26.6%  pme mesh/force 0.593
           Step           Time
        4310000     8620.00000

   Energies (kJ/mol)
           Bond          Angle    Proper Dih. Per. Imp. Dih.          LJ-14
    8.98397e+01    1.89048e+02    1.90048e+02    6.89000e+00    9.11800e+01
     Coulomb-14        LJ (SR)  Disper. corr.   Coulomb (SR)   Coul. recip.
    7.66603e+02    1.49659e+04   -6.34249e+02   -9.44225e+04    4.29790e+02
      Potential    Kinetic En.   Total Energy  Conserved En.    Temperature
   -7.83275e+04    1.26403e+04   -6.56871e+04   -9.44431e+04    2.96409e+02
 Pres. DC (bar) Pressure (bar)   Constr. rmsd
   -2.05203e+02   -5.19310e+02    2.71749e-06


DD  step 4314999 load imb.: force 33.3%  pme mesh/force 0.461
           Step           Time
        4315000     8630.00000

   Energies (kJ/mol)
           Bond          Angle    Proper Dih. Per. Imp. Dih.          LJ-14
    8.73902e+01    1.76752e+02    2.04830e+02    5.64709e+00    1.11225e+02
     Coulomb-14        LJ (SR)  Disper. corr.   Coulomb (SR)   Coul. recip.
    7.97582e+02    1.52731e+04   -6.42878e+02   -9.46744e+04    4.21389e+02
      Potential    Kinetic En.   Total Energy  Conserved En.    Temperature
   -7.82394e+04    1.28330e+04   -6.54064e+04   -9.44792e+04    3.00926e+02
 Pres. DC (bar) Pressure (bar)   Constr. rmsd
   -2.10818e+02    1.48183e+02    2.18500e-06


DD  step 4319999 load imb.: force 33.8%  pme mesh/force 0.442
           Step           Time
        4320000     8640.00000

   Energies (kJ/mol)
           Bond          Angle    Proper Dih. Per. Imp. Dih.          LJ-14
    6.19732e+01    1.87364e+02    1.88559e+02    1.05943e+01    9.63245e+01
     Coulomb-14        LJ (SR)  Disper. corr.   Coulomb (SR)   Coul. recip.
    7.65310e+02    1.55137e+04   -6.37555e+02   -9.53022e+04    4.38291e+02
      Potential    Kinetic En.   Total Energy  Conserved En.    Temperature
   -7.86777e+04    1.25867e+04   -6.60910e+04   -9.45028e+04    2.95151e+02
 Pres. DC (bar) Pressure (bar)   Constr. rmsd
   -2.07346e+02    2.02864e+02    3.56261e-06


DD  step 4324999 load imb.: force 29.8%  pme mesh/force 0.575
           Step           Time
        4325000     8650.00000

   Energies (kJ/mol)
           Bond          Angle    Proper Dih. Per. Imp. Dih.          LJ-14
    8.46788e+01    1.64955e+02    2.04488e+02    5.76207e+00    1.01970e+02
     Coulomb-14        LJ (SR)  Disper. corr.   Coulomb (SR)   Coul. recip.
    8.32529e+02    1.55459e+04   -6.39349e+02   -9.50451e+04    3.75573e+02
      Potential    Kinetic En.   Total Energy  Conserved En.    Temperature
   -7.83686e+04    1.28027e+04   -6.55660e+04   -9.45304e+04    3.00216e+02
 Pres. DC (bar) Pressure (bar)   Constr. rmsd
   -2.08513e+02    3.93540e+02    2.89859e-06


DD  step 4329999 load imb.: force 37.1%  pme mesh/force 0.460
           Step           Time
        4330000     8660.00000

   Energies (kJ/mol)
           Bond          Angle    Proper Dih. Per. Imp. Dih.          LJ-14
    5.36580e+01    1.73854e+02    2.05011e+02    8.56829e+00    1.03119e+02
     Coulomb-14        LJ (SR)  Disper. corr.   Coulomb (SR)   Coul. recip.
    8.12854e+02    1.50585e+04   -6.44550e+02   -9.45534e+04    3.81772e+02
      Potential    Kinetic En.   Total Energy  Conserved En.    Temperature
   -7.84007e+04    1.29064e+04   -6.54942e+04   -9.45532e+04    3.02649e+02
 Pres. DC (bar) Pressure (bar)   Constr. rmsd
   -2.11915e+02    2.48526e+01    3.08087e-06


DD  step 4334999 load imb.: force 28.0%  pme mesh/force 0.506
           Step           Time
        4335000     8670.00000

   Energies (kJ/mol)
           Bond          Angle    Proper Dih. Per. Imp. Dih.          LJ-14
    7.45597e+01    1.86378e+02    2.17077e+02    7.36410e+00    1.03836e+02
     Coulomb-14        LJ (SR)  Disper. corr.   Coulomb (SR)   Coul. recip.
    8.15074e+02    1.47885e+04   -6.34160e+02   -9.43021e+04    3.90406e+02
      Potential    Kinetic En.   Total Energy  Conserved En.    Temperature
   -7.83530e+04    1.27151e+04   -6.56379e+04   -9.45855e+04    2.98162e+02
 Pres. DC (bar) Pressure (bar)   Constr. rmsd
   -2.05146e+02   -4.36079e+02    2.80571e-06


DD  step 4339999 load imb.: force 29.5%  pme mesh/force 0.629
           Step           Time
        4340000     8680.00000

   Energies (kJ/mol)
           Bond          Angle    Proper Dih. Per. Imp. Dih.          LJ-14
    7.62514e+01    2.45470e+02    1.98645e+02    3.75638e+00    1.10632e+02
     Coulomb-14        LJ (SR)  Disper. corr.   Coulomb (SR)   Coul. recip.
    7.88779e+02    1.48578e+04   -6.33549e+02   -9.37349e+04    4.13402e+02
      Potential    Kinetic En.   Total Energy  Conserved En.    Temperature
   -7.76736e+04    1.28431e+04   -6.48305e+04   -9.46379e+04    3.01165e+02
 Pres. DC (bar) Pressure (bar)   Constr. rmsd
   -2.04751e+02   -4.58646e+01    2.76249e-06


DD  step 4344999 load imb.: force 30.9%  pme mesh/force 1.498
           Step           Time
        4345000     8690.00000

   Energies (kJ/mol)
           Bond          Angle    Proper Dih. Per. Imp. Dih.          LJ-14
    5.24212e+01    1.89946e+02    1.84768e+02    7.29922e+00    1.12387e+02
     Coulomb-14        LJ (SR)  Disper. corr.   Coulomb (SR)   Coul. recip.
    7.99999e+02    1.56449e+04   -6.42694e+02   -9.55874e+04    4.07616e+02
      Potential    Kinetic En.   Total Energy  Conserved En.    Temperature
   -7.88308e+04    1.27055e+04   -6.61253e+04   -9.46652e+04    2.97938e+02
 Pres. DC (bar) Pressure (bar)   Constr. rmsd
   -2.10698e+02    4.39929e+02    2.96508e-06


DD  step 4349999 load imb.: force 31.2%  pme mesh/force 0.474
           Step           Time
        4350000     8700.00000

   Energies (kJ/mol)
           Bond          Angle    Proper Dih. Per. Imp. Dih.          LJ-14
    6.65347e+01    1.77522e+02    2.21809e+02    1.36211e+01    1.05151e+02
     Coulomb-14        LJ (SR)  Disper. corr.   Coulomb (SR)   Coul. recip.
    7.82091e+02    1.51563e+04   -6.39795e+02   -9.41760e+04    4.33315e+02
      Potential    Kinetic En.   Total Energy  Conserved En.    Temperature
   -7.78594e+04    1.27850e+04   -6.50745e+04   -9.46696e+04    2.99801e+02
 Pres. DC (bar) Pressure (bar)   Constr. rmsd
   -2.08803e+02    2.66547e+02    2.48469e-06


DD  step 4354999 load imb.: force 36.9%  pme mesh/force 0.437
           Step           Time
        4355000     8710.00000

   Energies (kJ/mol)
           Bond          Angle    Proper Dih. Per. Imp. Dih.          LJ-14
    6.68195e+01    1.76343e+02    2.13276e+02    5.48113e+00    1.08401e+02
     Coulomb-14        LJ (SR)  Disper. corr.   Coulomb (SR)   Coul. recip.
    7.86727e+02    1.52195e+04   -6.41938e+02   -9.52656e+04    3.97618e+02
      Potential    Kinetic En.   Total Energy  Conserved En.    Temperature
   -7.89334e+04    1.24147e+04   -6.65187e+04   -9.47204e+04    2.91119e+02
 Pres. DC (bar) Pressure (bar)   Constr. rmsd
   -2.10203e+02   -2.19867e+02    2.30260e-06


DD  step 4359999 load imb.: force 36.6%  pme mesh/force 0.564
           Step           Time
        4360000     8720.00000

   Energies (kJ/mol)
           Bond          Angle    Proper Dih. Per. Imp. Dih.          LJ-14
    9.14308e+01    2.23940e+02    2.04591e+02    9.28953e+00    8.74449e+01
     Coulomb-14        LJ (SR)  Disper. corr.   Coulomb (SR)   Coul. recip.
    7.73045e+02    1.49901e+04   -6.43605e+02   -9.42470e+04    4.12527e+02
      Potential    Kinetic En.   Total Energy  Conserved En.    Temperature
   -7.80982e+04    1.30274e+04   -6.50708e+04   -9.47465e+04    3.05486e+02
 Pres. DC (bar) Pressure (bar)   Constr. rmsd
   -2.11295e+02   -8.31085e+01    2.52313e-06


DD  step 4364999 load imb.: force 27.5%  pme mesh/force 0.475
           Step           Time
        4365000     8730.00000

   Energies (kJ/mol)
           Bond          Angle    Proper Dih. Per. Imp. Dih.          LJ-14
    6.16216e+01    1.85521e+02    1.93027e+02    1.60052e+01    1.12887e+02
     Coulomb-14        LJ (SR)  Disper. corr.   Coulomb (SR)   Coul. recip.
    7.84478e+02    1.52204e+04   -6.42559e+02   -9.48258e+04    3.85983e+02
      Potential    Kinetic En.   Total Energy  Conserved En.    Temperature
   -7.85085e+04    1.29041e+04   -6.56044e+04   -9.47936e+04    3.02593e+02
 Pres. DC (bar) Pressure (bar)   Constr. rmsd
   -2.10609e+02    2.93106e+00    2.03683e-06


DD  step 4369999 load imb.: force 34.9%  pme mesh/force 0.479
           Step           Time
        4370000     8740.00000

   Energies (kJ/mol)
           Bond          Angle    Proper Dih. Per. Imp. Dih.          LJ-14
    7.98015e+01    1.65548e+02    2.03399e+02    1.16521e+01    1.15411e+02
     Coulomb-14        LJ (SR)  Disper. corr.   Coulomb (SR)   Coul. recip.
    8.12930e+02    1.55724e+04   -6.40855e+02   -9.50077e+04    3.97630e+02
      Potential    Kinetic En.   Total Energy  Conserved En.    Temperature
   -7.82898e+04    1.28139e+04   -6.54759e+04   -9.48052e+04    3.00478e+02
 Pres. DC (bar) Pressure (bar)   Constr. rmsd
   -2.09495e+02    6.72744e+02    3.10155e-06


DD  step 4374999 load imb.: force 33.4%  pme mesh/force 0.498
           Step           Time
        4375000     8750.00000

   Energies (kJ/mol)
           Bond          Angle    Proper Dih. Per. Imp. Dih.          LJ-14
    8.00137e+01    1.84637e+02    2.06690e+02    7.56819e+00    9.83080e+01
     Coulomb-14        LJ (SR)  Disper. corr.   Coulomb (SR)   Coul. recip.
    8.01993e+02    1.51966e+04   -6.49055e+02   -9.50044e+04    3.91479e+02
      Potential    Kinetic En.   Total Energy  Conserved En.    Temperature
   -7.86862e+04    1.26270e+04   -6.60592e+04   -9.48723e+04    2.96096e+02
 Pres. DC (bar) Pressure (bar)   Constr. rmsd
   -2.14884e+02   -3.69701e+01    2.21781e-06


DD  step 4379999 load imb.: force 23.5%  pme mesh/force 0.544
           Step           Time
        4380000     8760.00000

   Energies (kJ/mol)
           Bond          Angle    Proper Dih. Per. Imp. Dih.          LJ-14
    7.85742e+01    2.44169e+02    2.11784e+02    5.98260e+00    1.06619e+02
     Coulomb-14        LJ (SR)  Disper. corr.   Coulomb (SR)   Coul. recip.
    7.75364e+02    1.55073e+04   -6.41621e+02   -9.50232e+04    4.01557e+02
      Potential    Kinetic En.   Total Energy  Conserved En.    Temperature
   -7.83334e+04    1.31054e+04   -6.52280e+04   -9.49094e+04    3.07315e+02
 Pres. DC (bar) Pressure (bar)   Constr. rmsd
   -2.09995e+02    4.22643e+02    2.70552e-06


DD  step 4384999 load imb.: force 32.6%  pme mesh/force 0.443
           Step           Time
        4385000     8770.00000

   Energies (kJ/mol)
           Bond          Angle    Proper Dih. Per. Imp. Dih.          LJ-14
    6.47287e+01    2.01194e+02    2.06243e+02    4.45244e+00    1.12283e+02
     Coulomb-14        LJ (SR)  Disper. corr.   Coulomb (SR)   Coul. recip.
    7.69958e+02    1.47412e+04   -6.40919e+02   -9.39603e+04    4.13140e+02
      Potential    Kinetic En.   Total Energy  Conserved En.    Temperature
   -7.80880e+04    1.28074e+04   -6.52807e+04   -9.49372e+04    3.00326e+02
 Pres. DC (bar) Pressure (bar)   Constr. rmsd
   -2.09537e+02   -3.28056e+02    2.49727e-06


DD  step 4389999 load imb.: force 34.4%  pme mesh/force 0.506
           Step           Time
        4390000     8780.00000

   Energies (kJ/mol)
           Bond          Angle    Proper Dih. Per. Imp. Dih.          LJ-14
    6.41645e+01    1.70837e+02    2.03599e+02    1.56076e+01    1.12023e+02
     Coulomb-14        LJ (SR)  Disper. corr.   Coulomb (SR)   Coul. recip.
    7.93969e+02    1.50056e+04   -6.37983e+02   -9.47776e+04    4.06882e+02
      Potential    Kinetic En.   Total Energy  Conserved En.    Temperature
   -7.86429e+04    1.27506e+04   -6.58923e+04   -9.49839e+04    2.98995e+02
 Pres. DC (bar) Pressure (bar)   Constr. rmsd
   -2.07624e+02   -4.25625e+02    1.67655e-06


DD  step 4394999 load imb.: force 22.0%  pme mesh/force 0.292
           Step           Time
        4395000     8790.00000

   Energies (kJ/mol)
           Bond          Angle    Proper Dih. Per. Imp. Dih.          LJ-14
    8.95418e+01    1.82952e+02    2.02969e+02    8.60102e+00    9.65383e+01
     Coulomb-14        LJ (SR)  Disper. corr.   Coulomb (SR)   Coul. recip.
    7.75590e+02    1.55266e+04   -6.40158e+02   -9.49432e+04    4.28033e+02
      Potential    Kinetic En.   Total Energy  Conserved En.    Temperature
   -7.82725e+04    1.27919e+04   -6.54806e+04   -9.49798e+04    2.99964e+02
 Pres. DC (bar) Pressure (bar)   Constr. rmsd
   -2.09040e+02    2.79356e+02    2.25234e-06


DD  step 4399999 load imb.: force 37.5%  pme mesh/force 0.430
           Step           Time
        4400000     8800.00000

   Energies (kJ/mol)
           Bond          Angle    Proper Dih. Per. Imp. Dih.          LJ-14
    9.22797e+01    1.96699e+02    2.04429e+02    7.66399e+00    9.82036e+01
     Coulomb-14        LJ (SR)  Disper. corr.   Coulomb (SR)   Coul. recip.
    7.52736e+02    1.48557e+04   -6.37903e+02   -9.41038e+04    4.36150e+02
      Potential    Kinetic En.   Total Energy  Conserved En.    Temperature
   -7.80979e+04    1.27235e+04   -6.53744e+04   -9.50220e+04    2.98359e+02
 Pres. DC (bar) Pressure (bar)   Constr. rmsd
   -2.07572e+02   -4.67124e+02    2.00914e-06


DD  step 4404999 load imb.: force 37.3%  pme mesh/force 0.454
           Step           Time
        4405000     8810.00000

   Energies (kJ/mol)
           Bond          Angle    Proper Dih. Per. Imp. Dih.          LJ-14
    5.65705e+01    1.94092e+02    2.02300e+02    4.53737e+00    1.12410e+02
     Coulomb-14        LJ (SR)  Disper. corr.   Coulomb (SR)   Coul. recip.
    7.86137e+02    1.45009e+04   -6.40149e+02   -9.41737e+04    4.10751e+02
      Potential    Kinetic En.   Total Energy  Conserved En.    Temperature
   -7.85461e+04    1.28169e+04   -6.57292e+04   -9.50496e+04    3.00549e+02
 Pres. DC (bar) Pressure (bar)   Constr. rmsd
   -2.09034e+02   -5.68697e+02    2.45586e-06


DD  step 4409999 load imb.: force 38.2%  pme mesh/force 0.521
           Step           Time
        4410000     8820.00000

   Energies (kJ/mol)
           Bond          Angle    Proper Dih. Per. Imp. Dih.          LJ-14
    6.02420e+01    2.00979e+02    2.10203e+02    1.47255e+01    1.04819e+02
     Coulomb-14        LJ (SR)  Disper. corr.   Coulomb (SR)   Coul. recip.
    8.05217e+02    1.47107e+04   -6.43619e+02   -9.41436e+04    4.20979e+02
      Potential    Kinetic En.   Total Energy  Conserved En.    Temperature
   -7.82593e+04    1.27144e+04   -6.55449e+04   -9.50831e+04    2.98147e+02
 Pres. DC (bar) Pressure (bar)   Constr. rmsd
   -2.11304e+02   -2.68603e+02    1.82341e-06


DD  step 4414999 load imb.: force 31.8%  pme mesh/force 0.622
           Step           Time
        4415000     8830.00000

   Energies (kJ/mol)
           Bond          Angle    Proper Dih. Per. Imp. Dih.          LJ-14
    8.99042e+01    1.63138e+02    2.09099e+02    1.40350e+01    9.94073e+01
     Coulomb-14        LJ (SR)  Disper. corr.   Coulomb (SR)   Coul. recip.
    8.14453e+02    1.50567e+04   -6.43164e+02   -9.44986e+04    4.58108e+02
      Potential    Kinetic En.   Total Energy  Conserved En.    Temperature
   -7.82369e+04    1.27142e+04   -6.55227e+04   -9.51351e+04    2.98142e+02
 Pres. DC (bar) Pressure (bar)   Constr. rmsd
   -2.11006e+02   -1.17126e+02    3.24283e-06


DD  step 4419999 load imb.: force 34.3%  pme mesh/force 0.917
           Step           Time
        4420000     8840.00000

   Energies (kJ/mol)
           Bond          Angle    Proper Dih. Per. Imp. Dih.          LJ-14
    1.00700e+02    1.62335e+02    2.02889e+02    1.13332e+01    9.72402e+01
     Coulomb-14        LJ (SR)  Disper. corr.   Coulomb (SR)   Coul. recip.
    7.78413e+02    1.52477e+04   -6.41474e+02   -9.46561e+04    3.83492e+02
      Potential    Kinetic En.   Total Energy  Conserved En.    Temperature
   -7.83136e+04    1.28473e+04   -6.54662e+04   -9.51805e+04    3.01263e+02
 Pres. DC (bar) Pressure (bar)   Constr. rmsd
   -2.09899e+02    5.48302e+01    2.07144e-06


DD  step 4424999 load imb.: force 17.5%  pme mesh/force 1.776
           Step           Time
        4425000     8850.00000

   Energies (kJ/mol)
           Bond          Angle    Proper Dih. Per. Imp. Dih.          LJ-14
    7.87172e+01    2.44981e+02    2.09449e+02    2.17080e+00    1.00686e+02
     Coulomb-14        LJ (SR)  Disper. corr.   Coulomb (SR)   Coul. recip.
    7.59333e+02    1.53885e+04   -6.36629e+02   -9.46782e+04    4.37244e+02
      Potential    Kinetic En.   Total Energy  Conserved En.    Temperature
   -7.80937e+04    1.28032e+04   -6.52905e+04   -9.52152e+04    3.00229e+02
 Pres. DC (bar) Pressure (bar)   Constr. rmsd
   -2.06744e+02   -2.69221e+01    3.60408e-06


DD  step 4429999 load imb.: force 33.3%  pme mesh/force 0.451
           Step           Time
        4430000     8860.00000

   Energies (kJ/mol)
           Bond          Angle    Proper Dih. Per. Imp. Dih.          LJ-14
    7.26158e+01    1.94050e+02    1.98523e+02    6.53473e+00    9.55367e+01
     Coulomb-14        LJ (SR)  Disper. corr.   Coulomb (SR)   Coul. recip.
    7.84962e+02    1.48654e+04   -6.40863e+02   -9.41254e+04    4.05849e+02
      Potential    Kinetic En.   Total Energy  Conserved En.    Temperature
   -7.81427e+04    1.25867e+04   -6.55560e+04   -9.52381e+04    2.95152e+02
 Pres. DC (bar) Pressure (bar)   Constr. rmsd
   -2.09500e+02   -2.23760e+02    3.21609e-06


DD  step 4434999 load imb.: force 32.1%  pme mesh/force 0.254
           Step           Time
        4435000     8870.00000

   Energies (kJ/mol)
           Bond          Angle    Proper Dih. Per. Imp. Dih.          LJ-14
    6.20533e+01    1.65742e+02    1.96847e+02    6.90342e+00    1.17151e+02
     Coulomb-14        LJ (SR)  Disper. corr.   Coulomb (SR)   Coul. recip.
    8.23040e+02    1.55222e+04   -6.35024e+02   -9.46422e+04    4.12381e+02
      Potential    Kinetic En.   Total Energy  Conserved En.    Temperature
   -7.79709e+04    1.28252e+04   -6.51456e+04   -9.52501e+04    3.00745e+02
 Pres. DC (bar) Pressure (bar)   Constr. rmsd
   -2.05704e+02    4.18059e+02    4.19660e-06


DD  step 4439999 load imb.: force 131.3%  pme mesh/force 0.230
           Step           Time
        4440000     8880.00000

   Energies (kJ/mol)
           Bond          Angle    Proper Dih. Per. Imp. Dih.          LJ-14
    6.40168e+01    1.71405e+02    2.10203e+02    4.28703e+00    1.05337e+02
     Coulomb-14        LJ (SR)  Disper. corr.   Coulomb (SR)   Coul. recip.
    7.79764e+02    1.50462e+04   -6.46293e+02   -9.45681e+04    4.58259e+02
      Potential    Kinetic En.   Total Energy  Conserved En.    Temperature
   -7.83749e+04    1.26194e+04   -6.57555e+04   -9.52790e+04    2.95918e+02
 Pres. DC (bar) Pressure (bar)   Constr. rmsd
   -2.13061e+02   -2.51710e+01    2.30624e-06


DD  step 4444999 load imb.: force 33.7%  pme mesh/force 0.435
           Step           Time
        4445000     8890.00000

   Energies (kJ/mol)
           Bond          Angle    Proper Dih. Per. Imp. Dih.          LJ-14
    6.11268e+01    2.31058e+02    2.07566e+02    1.01986e+01    9.32961e+01
     Coulomb-14        LJ (SR)  Disper. corr.   Coulomb (SR)   Coul. recip.
    7.37336e+02    1.48777e+04   -6.39069e+02   -9.39270e+04    4.22061e+02
      Potential    Kinetic En.   Total Energy  Conserved En.    Temperature
   -7.79257e+04    1.27531e+04   -6.51726e+04   -9.53460e+04    2.99053e+02
 Pres. DC (bar) Pressure (bar)   Constr. rmsd
   -2.08330e+02   -6.34029e+01    2.32458e-06


DD  step 4449999 load imb.: force 24.0%  pme mesh/force 0.335
           Step           Time
        4450000     8900.00000

   Energies (kJ/mol)
           Bond          Angle    Proper Dih. Per. Imp. Dih.          LJ-14
    7.68993e+01    1.94073e+02    2.08189e+02    1.31056e+01    9.87650e+01
     Coulomb-14        LJ (SR)  Disper. corr.   Coulomb (SR)   Coul. recip.
    7.61860e+02    1.52677e+04   -6.45342e+02   -9.47071e+04    3.93316e+02
      Potential    Kinetic En.   Total Energy  Conserved En.    Temperature
   -7.83385e+04    1.25735e+04   -6.57650e+04   -9.53554e+04    2.94843e+02
 Pres. DC (bar) Pressure (bar)   Constr. rmsd
   -2.12436e+02    1.49299e+02    1.35838e-06


DD  step 4454999 load imb.: force 101.5%  pme mesh/force 0.211
           Step           Time
        4455000     8910.00000

   Energies (kJ/mol)
           Bond          Angle    Proper Dih. Per. Imp. Dih.          LJ-14
    7.52583e+01    2.15540e+02    1.99319e+02    2.00767e+01    1.05594e+02
     Coulomb-14        LJ (SR)  Disper. corr.   Coulomb (SR)   Coul. recip.
    8.14570e+02    1.48054e+04   -6.34260e+02   -9.38554e+04    3.84317e+02
      Potential    Kinetic En.   Total Energy  Conserved En.    Temperature
   -7.78696e+04    1.30361e+04   -6.48335e+04   -9.53610e+04    3.05690e+02
 Pres. DC (bar) Pressure (bar)   Constr. rmsd
   -2.05210e+02   -1.27836e+02    2.03999e-06


DD  step 4459999 load imb.: force 23.7%  pme mesh/force 0.509
           Step           Time
        4460000     8920.00000

   Energies (kJ/mol)
           Bond          Angle    Proper Dih. Per. Imp. Dih.          LJ-14
    4.11562e+01    1.73692e+02    2.16663e+02    7.33660e+00    1.10229e+02
     Coulomb-14        LJ (SR)  Disper. corr.   Coulomb (SR)   Coul. recip.
    7.74843e+02    1.52008e+04   -6.44065e+02   -9.45490e+04    3.72386e+02
      Potential    Kinetic En.   Total Energy  Conserved En.    Temperature
   -7.82959e+04    1.24618e+04   -6.58341e+04   -9.54454e+04    2.92224e+02
 Pres. DC (bar) Pressure (bar)   Constr. rmsd
   -2.11596e+02    2.02870e+02    2.87578e-06


DD  step 4464999 load imb.: force 99.3%  pme mesh/force 0.281
           Step           Time
        4465000     8930.00000

   Energies (kJ/mol)
           Bond          Angle    Proper Dih. Per. Imp. Dih.          LJ-14
    7.52365e+01    2.04278e+02    1.97663e+02    4.50162e+00    1.07796e+02
     Coulomb-14        LJ (SR)  Disper. corr.   Coulomb (SR)   Coul. recip.
    7.96003e+02    1.51050e+04   -6.41198e+02   -9.41855e+04    4.54284e+02
      Potential    Kinetic En.   Total Energy  Conserved En.    Temperature
   -7.78819e+04    1.27285e+04   -6.51535e+04   -9.54568e+04    2.98476e+02
 Pres. DC (bar) Pressure (bar)   Constr. rmsd
   -2.09719e+02    2.78020e+02    6.11531e-06


DD  step 4469999 load imb.: force 37.0%  pme mesh/force 0.502
           Step           Time
        4470000     8940.00000

   Energies (kJ/mol)
           Bond          Angle    Proper Dih. Per. Imp. Dih.          LJ-14
    7.08340e+01    1.81996e+02    2.25198e+02    1.25843e+01    1.13706e+02
     Coulomb-14        LJ (SR)  Disper. corr.   Coulomb (SR)   Coul. recip.
    8.32832e+02    1.52219e+04   -6.42416e+02   -9.50022e+04    4.30234e+02
      Potential    Kinetic En.   Total Energy  Conserved En.    Temperature
   -7.85553e+04    1.28835e+04   -6.56718e+04   -9.54802e+04    3.02111e+02
 Pres. DC (bar) Pressure (bar)   Constr. rmsd
   -2.10515e+02    1.88021e+02    2.00286e-06


DD  step 4474999 load imb.: force 116.7%  pme mesh/force 0.250
           Step           Time
        4475000     8950.00000

   Energies (kJ/mol)
           Bond          Angle    Proper Dih. Per. Imp. Dih.          LJ-14
    7.98270e+01    2.09615e+02    1.89977e+02    9.38065e+00    1.18496e+02
     Coulomb-14        LJ (SR)  Disper. corr.   Coulomb (SR)   Coul. recip.
    7.45106e+02    1.46466e+04   -6.42634e+02   -9.41563e+04    4.12683e+02
      Potential    Kinetic En.   Total Energy  Conserved En.    Temperature
   -7.83873e+04    1.27189e+04   -6.56684e+04   -9.55267e+04    2.98251e+02
 Pres. DC (bar) Pressure (bar)   Constr. rmsd
   -2.10658e+02   -4.90795e+02    3.83903e-06


DD  step 4479999 load imb.: force 31.8%  pme mesh/force 0.453
           Step           Time
        4480000     8960.00000

   Energies (kJ/mol)
           Bond          Angle    Proper Dih. Per. Imp. Dih.          LJ-14
    7.76453e+01    1.93070e+02    2.21725e+02    1.03245e+01    1.04938e+02
     Coulomb-14        LJ (SR)  Disper. corr.   Coulomb (SR)   Coul. recip.
    8.23531e+02    1.48209e+04   -6.38753e+02   -9.39406e+04    4.45257e+02
      Potential    Kinetic En.   Total Energy  Conserved En.    Temperature
   -7.78820e+04    1.27107e+04   -6.51713e+04   -9.55645e+04    2.98059e+02
 Pres. DC (bar) Pressure (bar)   Constr. rmsd
   -2.08124e+02   -1.13496e+02    3.22920e-06


DD  step 4484999 load imb.: force 28.6%  pme mesh/force 0.489
           Step           Time
        4485000     8970.00000

   Energies (kJ/mol)
           Bond          Angle    Proper Dih. Per. Imp. Dih.          LJ-14
    6.45951e+01    1.76857e+02    2.06799e+02    1.64198e+01    1.08740e+02
     Coulomb-14        LJ (SR)  Disper. corr.   Coulomb (SR)   Coul. recip.
    8.23310e+02    1.54916e+04   -6.42996e+02   -9.53465e+04    3.93731e+02
      Potential    Kinetic En.   Total Energy  Conserved En.    Temperature
   -7.87074e+04    1.24534e+04   -6.62540e+04   -9.55850e+04    2.92026e+02
 Pres. DC (bar) Pressure (bar)   Constr. rmsd
   -2.10895e+02    2.35087e+02    2.74607e-06


DD  step 4489999 load imb.: force 16.2%  pme mesh/force 0.407
           Step           Time
        4490000     8980.00000

   Energies (kJ/mol)
           Bond          Angle    Proper Dih. Per. Imp. Dih.          LJ-14
    5.63464e+01    1.84630e+02    1.98110e+02    6.97686e+00    1.09158e+02
     Coulomb-14        LJ (SR)  Disper. corr.   Coulomb (SR)   Coul. recip.
    7.98405e+02    1.50241e+04   -6.45694e+02   -9.42744e+04    3.92624e+02
      Potential    Kinetic En.   Total Energy  Conserved En.    Temperature
   -7.81498e+04    1.28025e+04   -6.53473e+04   -9.55983e+04    3.00212e+02
 Pres. DC (bar) Pressure (bar)   Constr. rmsd
   -2.12667e+02    4.31119e+02    1.83436e-06


DD  step 4494999 load imb.: force 129.5%  pme mesh/force 0.219
           Step           Time
        4495000     8990.00000

   Energies (kJ/mol)
           Bond          Angle    Proper Dih. Per. Imp. Dih.          LJ-14
    5.43219e+01    2.26167e+02    2.12523e+02    1.25143e+01    1.05547e+02
     Coulomb-14        LJ (SR)  Disper. corr.   Coulomb (SR)   Coul. recip.
    7.87983e+02    1.54976e+04   -6.45263e+02   -9.52290e+04    3.94985e+02
      Potential    Kinetic En.   Total Energy  Conserved En.    Temperature
   -7.85826e+04    1.25654e+04   -6.60172e+04   -9.56827e+04    2.94652e+02
 Pres. DC (bar) Pressure (bar)   Constr. rmsd
   -2.12384e+02    2.26821e+02    1.35653e-06


DD  step 4499999 load imb.: force 16.4%  pme mesh/force 0.462
           Step           Time
        4500000     9000.00000

   Energies (kJ/mol)
           Bond          Angle    Proper Dih. Per. Imp. Dih.          LJ-14
    6.76986e+01    1.91108e+02    1.94970e+02    3.90630e+00    1.01467e+02
     Coulomb-14        LJ (SR)  Disper. corr.   Coulomb (SR)   Coul. recip.
    8.13549e+02    1.51983e+04   -6.40022e+02   -9.49401e+04    4.37013e+02
      Potential    Kinetic En.   Total Energy  Conserved En.    Temperature
   -7.85721e+04    1.28100e+04   -6.57620e+04   -9.57020e+04    3.00388e+02
 Pres. DC (bar) Pressure (bar)   Constr. rmsd
   -2.08951e+02   -7.85065e+01    2.09354e-06


DD  step 4504999 load imb.: force 31.6%  pme mesh/force 0.446
           Step           Time
        4505000     9010.00000

   Energies (kJ/mol)
           Bond          Angle    Proper Dih. Per. Imp. Dih.          LJ-14
    7.07252e+01    1.97604e+02    2.14795e+02    1.30839e+01    9.84832e+01
     Coulomb-14        LJ (SR)  Disper. corr.   Coulomb (SR)   Coul. recip.
    7.80755e+02    1.49569e+04   -6.41983e+02   -9.44991e+04    4.07829e+02
      Potential    Kinetic En.   Total Energy  Conserved En.    Temperature
   -7.84009e+04    1.28343e+04   -6.55667e+04   -9.57297e+04    3.00957e+02
 Pres. DC (bar) Pressure (bar)   Constr. rmsd
   -2.10232e+02   -2.11122e+02    2.44049e-06


DD  step 4509999 load imb.: force 38.3%  pme mesh/force 0.445
           Step           Time
        4510000     9020.00000

   Energies (kJ/mol)
           Bond          Angle    Proper Dih. Per. Imp. Dih.          LJ-14
    6.58956e+01    1.58822e+02    1.97614e+02    1.00003e+01    1.10369e+02
     Coulomb-14        LJ (SR)  Disper. corr.   Coulomb (SR)   Coul. recip.
    7.85366e+02    1.55224e+04   -6.39498e+02   -9.51438e+04    4.02903e+02
      Potential    Kinetic En.   Total Energy  Conserved En.    Temperature
   -7.85300e+04    1.29178e+04   -6.56122e+04   -9.57721e+04    3.02916e+02
 Pres. DC (bar) Pressure (bar)   Constr. rmsd
   -2.08610e+02    3.16482e+02    2.21835e-06


DD  step 4514999 load imb.: force 31.2%  pme mesh/force 0.456
           Step           Time
        4515000     9030.00000

   Energies (kJ/mol)
           Bond          Angle    Proper Dih. Per. Imp. Dih.          LJ-14
    7.04893e+01    2.01244e+02    1.92534e+02    8.37407e+00    8.80240e+01
     Coulomb-14        LJ (SR)  Disper. corr.   Coulomb (SR)   Coul. recip.
    7.91519e+02    1.54050e+04   -6.39230e+02   -9.48078e+04    4.15277e+02
      Potential    Kinetic En.   Total Energy  Conserved En.    Temperature
   -7.82745e+04    1.28079e+04   -6.54667e+04   -9.57959e+04    3.00338e+02
 Pres. DC (bar) Pressure (bar)   Constr. rmsd
   -2.08435e+02    3.46163e+01    3.27852e-06


DD  step 4519999 load imb.: force 32.0%  pme mesh/force 0.356
           Step           Time
        4520000     9040.00000

   Energies (kJ/mol)
           Bond          Angle    Proper Dih. Per. Imp. Dih.          LJ-14
    5.62206e+01    1.74663e+02    2.00207e+02    1.36479e+01    1.19360e+02
     Coulomb-14        LJ (SR)  Disper. corr.   Coulomb (SR)   Coul. recip.
    7.60211e+02    1.52706e+04   -6.43675e+02   -9.45140e+04    4.34641e+02
      Potential    Kinetic En.   Total Energy  Conserved En.    Temperature
   -7.81282e+04    1.27765e+04   -6.53516e+04   -9.58222e+04    2.99603e+02
 Pres. DC (bar) Pressure (bar)   Constr. rmsd
   -2.11341e+02    3.39231e+02    2.62135e-06


DD  step 4524999 load imb.: force 31.9%  pme mesh/force 0.619
           Step           Time
        4525000     9050.00000

   Energies (kJ/mol)
           Bond          Angle    Proper Dih. Per. Imp. Dih.          LJ-14
    4.99698e+01    2.05571e+02    2.06115e+02    1.18595e+01    1.10711e+02
     Coulomb-14        LJ (SR)  Disper. corr.   Coulomb (SR)   Coul. recip.
    8.32687e+02    1.50394e+04   -6.38456e+02   -9.43753e+04    3.94058e+02
      Potential    Kinetic En.   Total Energy  Conserved En.    Temperature
   -7.81634e+04    1.29275e+04   -6.52358e+04   -9.58499e+04    3.03144e+02
 Pres. DC (bar) Pressure (bar)   Constr. rmsd
   -2.07931e+02    2.08991e+01    2.01881e-06


DD  step 4529999 load imb.: force 31.5%  pme mesh/force 0.537
           Step           Time
        4530000     9060.00000

   Energies (kJ/mol)
           Bond          Angle    Proper Dih. Per. Imp. Dih.          LJ-14
    3.89009e+01    1.69860e+02    2.01142e+02    1.03018e+01    1.05612e+02
     Coulomb-14        LJ (SR)  Disper. corr.   Coulomb (SR)   Coul. recip.
    8.11418e+02    1.56992e+04   -6.35344e+02   -9.57043e+04    4.06976e+02
      Potential    Kinetic En.   Total Energy  Conserved En.    Temperature
   -7.88962e+04    1.24858e+04   -6.64104e+04   -9.59003e+04    2.92786e+02
 Pres. DC (bar) Pressure (bar)   Constr. rmsd
   -2.05912e+02    2.10783e+02    2.22088e-06


DD  step 4534999 load imb.: force 27.7%  pme mesh/force 0.669
           Step           Time
        4535000     9070.00000

   Energies (kJ/mol)
           Bond          Angle    Proper Dih. Per. Imp. Dih.          LJ-14
    8.33641e+01    1.92370e+02    1.99819e+02    3.43369e+00    1.04038e+02
     Coulomb-14        LJ (SR)  Disper. corr.   Coulomb (SR)   Coul. recip.
    8.05172e+02    1.51845e+04   -6.38150e+02   -9.46145e+04    4.23222e+02
      Potential    Kinetic En.   Total Energy  Conserved En.    Temperature
   -7.82567e+04    1.26729e+04   -6.55838e+04   -9.59110e+04    2.97173e+02
 Pres. DC (bar) Pressure (bar)   Constr. rmsd
   -2.07732e+02    1.05615e+02    2.61949e-06


DD  step 4539999 load imb.: force 29.5%  pme mesh/force 0.698
           Step           Time
        4540000     9080.00000

   Energies (kJ/mol)
           Bond          Angle    Proper Dih. Per. Imp. Dih.          LJ-14
    6.11232e+01    1.85150e+02    2.33383e+02    1.32752e+01    1.03954e+02
     Coulomb-14        LJ (SR)  Disper. corr.   Coulomb (SR)   Coul. recip.
    8.67347e+02    1.47176e+04   -6.37286e+02   -9.40024e+04    4.14643e+02
      Potential    Kinetic En.   Total Energy  Conserved En.    Temperature
   -7.80432e+04    1.27333e+04   -6.53099e+04   -9.59840e+04    2.98590e+02
 Pres. DC (bar) Pressure (bar)   Constr. rmsd
   -2.07171e+02   -4.60059e+02    3.12403e-06


DD  step 4544999 load imb.: force 31.6%  pme mesh/force 0.457
           Step           Time
        4545000     9090.00000

   Energies (kJ/mol)
           Bond          Angle    Proper Dih. Per. Imp. Dih.          LJ-14
    6.84997e+01    1.74395e+02    2.19073e+02    9.04422e+00    1.16621e+02
     Coulomb-14        LJ (SR)  Disper. corr.   Coulomb (SR)   Coul. recip.
    8.91003e+02    1.53771e+04   -6.39990e+02   -9.51862e+04    4.16966e+02
      Potential    Kinetic En.   Total Energy  Conserved En.    Temperature
   -7.85535e+04    1.29453e+04   -6.56083e+04   -9.60286e+04    3.03560e+02
 Pres. DC (bar) Pressure (bar)   Constr. rmsd
   -2.08930e+02    1.71305e+02    2.70126e-06


DD  step 4549999 load imb.: force 28.3%  pme mesh/force 0.477
           Step           Time
        4550000     9100.00000

   Energies (kJ/mol)
           Bond          Angle    Proper Dih. Per. Imp. Dih.          LJ-14
    8.75318e+01    1.83945e+02    2.06326e+02    6.15291e+00    9.57972e+01
     Coulomb-14        LJ (SR)  Disper. corr.   Coulomb (SR)   Coul. recip.
    8.21511e+02    1.51909e+04   -6.35458e+02   -9.43826e+04    4.27111e+02
      Potential    Kinetic En.   Total Energy  Conserved En.    Temperature
   -7.79988e+04    1.25466e+04   -6.54522e+04   -9.60317e+04    2.94211e+02
 Pres. DC (bar) Pressure (bar)   Constr. rmsd
   -2.05986e+02   -6.34334e+01    2.96393e-06


DD  step 4554999 load imb.: force 73.6%  pme mesh/force 0.236
           Step           Time
        4555000     9110.00000

   Energies (kJ/mol)
           Bond          Angle    Proper Dih. Per. Imp. Dih.          LJ-14
    8.16499e+01    1.90532e+02    2.23759e+02    9.74614e+00    8.72124e+01
     Coulomb-14        LJ (SR)  Disper. corr.   Coulomb (SR)   Coul. recip.
    8.41426e+02    1.51999e+04   -6.42149e+02   -9.49783e+04    4.05163e+02
      Potential    Kinetic En.   Total Energy  Conserved En.    Temperature
   -7.85810e+04    1.29961e+04   -6.55848e+04   -9.60892e+04    3.04752e+02
 Pres. DC (bar) Pressure (bar)   Constr. rmsd
   -2.10341e+02   -2.43539e+02    3.21734e-06


DD  step 4559999 load imb.: force 67.3%  pme mesh/force 0.766
           Step           Time
        4560000     9120.00000

   Energies (kJ/mol)
           Bond          Angle    Proper Dih. Per. Imp. Dih.          LJ-14
    7.67847e+01    2.01408e+02    2.29708e+02    1.07379e+01    9.95031e+01
     Coulomb-14        LJ (SR)  Disper. corr.   Coulomb (SR)   Coul. recip.
    8.54982e+02    1.50319e+04   -6.46720e+02   -9.43283e+04    3.85839e+02
      Potential    Kinetic En.   Total Energy  Conserved En.    Temperature
   -7.80841e+04    1.30193e+04   -6.50648e+04   -9.60993e+04    3.05297e+02
 Pres. DC (bar) Pressure (bar)   Constr. rmsd
   -2.13343e+02    2.45286e+02    3.43155e-06


DD  step 4564999 load imb.: force 25.6%  pme mesh/force 0.488
           Step           Time
        4565000     9130.00000

   Energies (kJ/mol)
           Bond          Angle    Proper Dih. Per. Imp. Dih.          LJ-14
    6.75470e+01    1.53935e+02    2.04934e+02    1.30520e+01    1.06434e+02
     Coulomb-14        LJ (SR)  Disper. corr.   Coulomb (SR)   Coul. recip.
    7.95805e+02    1.52042e+04   -6.39440e+02   -9.44588e+04    4.16434e+02
      Potential    Kinetic En.   Total Energy  Conserved En.    Temperature
   -7.81359e+04    1.26900e+04   -6.54459e+04   -9.61497e+04    2.97574e+02
 Pres. DC (bar) Pressure (bar)   Constr. rmsd
   -2.08572e+02    3.50801e+02    2.33614e-06


DD  step 4569999 load imb.: force 40.5%  pme mesh/force 0.429
           Step           Time
        4570000     9140.00000

   Energies (kJ/mol)
           Bond          Angle    Proper Dih. Per. Imp. Dih.          LJ-14
    7.52406e+01    1.83987e+02    2.13380e+02    1.18128e+01    1.13894e+02
     Coulomb-14        LJ (SR)  Disper. corr.   Coulomb (SR)   Coul. recip.
    8.49647e+02    1.49181e+04   -6.34597e+02   -9.43149e+04    4.13898e+02
      Potential    Kinetic En.   Total Energy  Conserved En.    Temperature
   -7.81696e+04    1.27921e+04   -6.53775e+04   -9.61674e+04    2.99967e+02
 Pres. DC (bar) Pressure (bar)   Constr. rmsd
   -2.05428e+02   -2.89525e+02    3.01545e-06


DD  step 4574999 load imb.: force 28.3%  pme mesh/force 0.469
           Step           Time
        4575000     9150.00000

   Energies (kJ/mol)
           Bond          Angle    Proper Dih. Per. Imp. Dih.          LJ-14
    6.55193e+01    1.82616e+02    2.03408e+02    6.96530e+00    9.35032e+01
     Coulomb-14        LJ (SR)  Disper. corr.   Coulomb (SR)   Coul. recip.
    7.95097e+02    1.52728e+04   -6.39663e+02   -9.51895e+04    3.95968e+02
      Potential    Kinetic En.   Total Energy  Conserved En.    Temperature
   -7.88133e+04    1.29879e+04   -6.58254e+04   -9.62155e+04    3.04560e+02
 Pres. DC (bar) Pressure (bar)   Constr. rmsd
   -2.08717e+02   -1.48508e+02    2.08709e-06


DD  step 4579999 load imb.: force 26.3%  pme mesh/force 0.584
           Step           Time
        4580000     9160.00000

   Energies (kJ/mol)
           Bond          Angle    Proper Dih. Per. Imp. Dih.          LJ-14
    8.91540e+01    1.90717e+02    2.26719e+02    8.10824e+00    1.14447e+02
     Coulomb-14        LJ (SR)  Disper. corr.   Coulomb (SR)   Coul. recip.
    8.38363e+02    1.57729e+04   -6.43709e+02   -9.51869e+04    4.32295e+02
      Potential    Kinetic En.   Total Energy  Conserved En.    Temperature
   -7.81579e+04    1.28204e+04   -6.53376e+04   -9.62390e+04    3.00631e+02
 Pres. DC (bar) Pressure (bar)   Constr. rmsd
   -2.11363e+02    5.76544e+02    3.27671e-06


DD  step 4584999 load imb.: force 27.6%  pme mesh/force 0.465
           Step           Time
        4585000     9170.00000

   Energies (kJ/mol)
           Bond          Angle    Proper Dih. Per. Imp. Dih.          LJ-14
    8.27279e+01    1.91503e+02    2.21078e+02    7.27328e+00    1.13085e+02
     Coulomb-14        LJ (SR)  Disper. corr.   Coulomb (SR)   Coul. recip.
    8.02581e+02    1.54261e+04   -6.41996e+02   -9.50427e+04    4.16624e+02
      Potential    Kinetic En.   Total Energy  Conserved En.    Temperature
   -7.84238e+04    1.30277e+04   -6.53961e+04   -9.62638e+04    3.05493e+02
 Pres. DC (bar) Pressure (bar)   Constr. rmsd
   -2.10241e+02    3.92890e+02    2.80936e-06


DD  step 4589999 load imb.: force 27.1%  pme mesh/force 0.542
           Step           Time
        4590000     9180.00000

   Energies (kJ/mol)
           Bond          Angle    Proper Dih. Per. Imp. Dih.          LJ-14
    3.97404e+01    1.86336e+02    1.99546e+02    5.68053e+00    1.08649e+02
     Coulomb-14        LJ (SR)  Disper. corr.   Coulomb (SR)   Coul. recip.
    8.47006e+02    1.58201e+04   -6.35140e+02   -9.54590e+04    4.43338e+02
      Potential    Kinetic En.   Total Energy  Conserved En.    Temperature
   -7.84438e+04    1.30698e+04   -6.53740e+04   -9.63153e+04    3.06480e+02
 Pres. DC (bar) Pressure (bar)   Constr. rmsd
   -2.05779e+02    6.11350e+02    3.30496e-06


DD  step 4594999 load imb.: force 33.7%  pme mesh/force 0.578
           Step           Time
        4595000     9190.00000

   Energies (kJ/mol)
           Bond          Angle    Proper Dih. Per. Imp. Dih.          LJ-14
    8.98731e+01    2.03439e+02    1.88925e+02    3.63926e+00    8.98151e+01
     Coulomb-14        LJ (SR)  Disper. corr.   Coulomb (SR)   Coul. recip.
    7.73104e+02    1.54705e+04   -6.38079e+02   -9.47503e+04    4.18517e+02
      Potential    Kinetic En.   Total Energy  Conserved En.    Temperature
   -7.81506e+04    1.30183e+04   -6.51323e+04   -9.63440e+04    3.05272e+02
 Pres. DC (bar) Pressure (bar)   Constr. rmsd
   -2.07686e+02    2.95408e+02    2.16587e-06


DD  step 4599999 load imb.: force 28.2%  pme mesh/force 0.554
           Step           Time
        4600000     9200.00000

   Energies (kJ/mol)
           Bond          Angle    Proper Dih. Per. Imp. Dih.          LJ-14
    5.82539e+01    1.96448e+02    2.07750e+02    6.23517e+00    1.01838e+02
     Coulomb-14        LJ (SR)  Disper. corr.   Coulomb (SR)   Coul. recip.
    8.00552e+02    1.50299e+04   -6.42509e+02   -9.47375e+04    4.09892e+02
      Potential    Kinetic En.   Total Energy  Conserved En.    Temperature
   -7.85692e+04    1.26968e+04   -6.58724e+04   -9.63935e+04    2.97734e+02
 Pres. DC (bar) Pressure (bar)   Constr. rmsd
   -2.10576e+02   -1.71599e+02    2.26913e-06


DD  step 4604999 load imb.: force 90.2%  pme mesh/force 0.264
           Step           Time
        4605000     9210.00000

   Energies (kJ/mol)
           Bond          Angle    Proper Dih. Per. Imp. Dih.          LJ-14
    7.35825e+01    1.97426e+02    1.99688e+02    7.31772e+00    1.15111e+02
     Coulomb-14        LJ (SR)  Disper. corr.   Coulomb (SR)   Coul. recip.
    8.26242e+02    1.47914e+04   -6.37139e+02   -9.39382e+04    4.27624e+02
      Potential    Kinetic En.   Total Energy  Conserved En.    Temperature
   -7.79369e+04    1.28899e+04   -6.50469e+04   -9.64220e+04    3.02262e+02
 Pres. DC (bar) Pressure (bar)   Constr. rmsd
   -2.07075e+02   -1.70381e+02    2.40916e-06


DD  step 4609999 load imb.: force 31.4%  pme mesh/force 0.503
           Step           Time
        4610000     9220.00000

   Energies (kJ/mol)
           Bond          Angle    Proper Dih. Per. Imp. Dih.          LJ-14
    5.89517e+01    1.95837e+02    2.03337e+02    1.40180e+01    1.01709e+02
     Coulomb-14        LJ (SR)  Disper. corr.   Coulomb (SR)   Coul. recip.
    8.00647e+02    1.43263e+04   -6.34097e+02   -9.35228e+04    4.30016e+02
      Potential    Kinetic En.   Total Energy  Conserved En.    Temperature
   -7.80261e+04    1.29923e+04   -6.50338e+04   -9.64463e+04    3.04663e+02
 Pres. DC (bar) Pressure (bar)   Constr. rmsd
   -2.05105e+02   -7.75027e+02    2.40751e-06


DD  step 4614999 load imb.: force 31.2%  pme mesh/force 0.545
           Step           Time
        4615000     9230.00000

   Energies (kJ/mol)
           Bond          Angle    Proper Dih. Per. Imp. Dih.          LJ-14
    8.13358e+01    2.02375e+02    2.14313e+02    7.12020e+00    9.89871e+01
     Coulomb-14        LJ (SR)  Disper. corr.   Coulomb (SR)   Coul. recip.
    7.90456e+02    1.48204e+04   -6.42479e+02   -9.43679e+04    4.17293e+02
      Potential    Kinetic En.   Total Energy  Conserved En.    Temperature
   -7.83781e+04    1.27817e+04   -6.55964e+04   -9.64952e+04    2.99725e+02
 Pres. DC (bar) Pressure (bar)   Constr. rmsd
   -2.10557e+02   -1.47075e+02    2.61697e-06


DD  step 4619999 load imb.: force 26.5%  pme mesh/force 0.463
           Step           Time
        4620000     9240.00000

   Energies (kJ/mol)
           Bond          Angle    Proper Dih. Per. Imp. Dih.          LJ-14
    7.12922e+01    2.15315e+02    1.96119e+02    2.41089e+00    9.81409e+01
     Coulomb-14        LJ (SR)  Disper. corr.   Coulomb (SR)   Coul. recip.
    7.88818e+02    1.52364e+04   -6.36811e+02   -9.50301e+04    3.97809e+02
      Potential    Kinetic En.   Total Energy  Conserved En.    Temperature
   -7.86606e+04    1.30012e+04   -6.56594e+04   -9.65577e+04    3.04872e+02
 Pres. DC (bar) Pressure (bar)   Constr. rmsd
   -2.06862e+02   -1.19593e+01    3.09118e-06


DD  step 4624999 load imb.: force 31.6%  pme mesh/force 0.471
           Step           Time
        4625000     9250.00000

   Energies (kJ/mol)
           Bond          Angle    Proper Dih. Per. Imp. Dih.          LJ-14
    5.37197e+01    1.65214e+02    1.98214e+02    1.29347e+01    1.30612e+02
     Coulomb-14        LJ (SR)  Disper. corr.   Coulomb (SR)   Coul. recip.
    8.43623e+02    1.50433e+04   -6.41816e+02   -9.41772e+04    4.23419e+02
      Potential    Kinetic En.   Total Energy  Conserved En.    Temperature
   -7.79479e+04    1.22070e+04   -6.57409e+04   -9.65860e+04    2.86247e+02
 Pres. DC (bar) Pressure (bar)   Constr. rmsd
   -2.10123e+02    3.20908e+02    2.79304e-06


DD  step 4629999 load imb.: force 66.5%  pme mesh/force 0.265
           Step           Time
        4630000     9260.00000

   Energies (kJ/mol)
           Bond          Angle    Proper Dih. Per. Imp. Dih.          LJ-14
    8.26851e+01    2.13812e+02    2.06614e+02    2.82843e+00    1.10917e+02
     Coulomb-14        LJ (SR)  Disper. corr.   Coulomb (SR)   Coul. recip.
    7.95871e+02    1.47311e+04   -6.39292e+02   -9.36388e+04    4.17559e+02
      Potential    Kinetic En.   Total Energy  Conserved En.    Temperature
   -7.77167e+04    1.24464e+04   -6.52703e+04   -9.65874e+04    2.91862e+02
 Pres. DC (bar) Pressure (bar)   Constr. rmsd
   -2.08475e+02   -1.97372e+02    1.83840e-06


DD  step 4634999 load imb.: force 37.9%  pme mesh/force 0.608
           Step           Time
        4635000     9270.00000

   Energies (kJ/mol)
           Bond          Angle    Proper Dih. Per. Imp. Dih.          LJ-14
    7.29026e+01    1.91530e+02    2.13443e+02    1.75902e+01    1.03793e+02
     Coulomb-14        LJ (SR)  Disper. corr.   Coulomb (SR)   Coul. recip.
    8.28399e+02    1.54715e+04   -6.35926e+02   -9.48078e+04    4.00745e+02
      Potential    Kinetic En.   Total Energy  Conserved En.    Temperature
   -7.81438e+04    1.29731e+04   -6.51707e+04   -9.66404e+04    3.04212e+02
 Pres. DC (bar) Pressure (bar)   Constr. rmsd
   -2.06288e+02    3.84007e+02    2.46950e-06


DD  step 4639999 load imb.: force 23.2%  pme mesh/force 1.038
           Step           Time
        4640000     9280.00000

   Energies (kJ/mol)
           Bond          Angle    Proper Dih. Per. Imp. Dih.          LJ-14
    4.85873e+01    1.73223e+02    2.06948e+02    8.40300e+00    9.87105e+01
     Coulomb-14        LJ (SR)  Disper. corr.   Coulomb (SR)   Coul. recip.
    8.04852e+02    1.56030e+04   -6.37556e+02   -9.52556e+04    4.12156e+02
      Potential    Kinetic En.   Total Energy  Conserved En.    Temperature
   -7.85372e+04    1.23429e+04   -6.61944e+04   -9.66819e+04    2.89434e+02
 Pres. DC (bar) Pressure (bar)   Constr. rmsd
   -2.07346e+02    1.50997e+02    3.42617e-06


DD  step 4644999 load imb.: force 28.0%  pme mesh/force 0.504
           Step           Time
        4645000     9290.00000

   Energies (kJ/mol)
           Bond          Angle    Proper Dih. Per. Imp. Dih.          LJ-14
    6.54957e+01    1.61281e+02    1.96096e+02    5.58131e+00    1.08192e+02
     Coulomb-14        LJ (SR)  Disper. corr.   Coulomb (SR)   Coul. recip.
    8.38286e+02    1.48141e+04   -6.38187e+02   -9.45575e+04    4.31127e+02
      Potential    Kinetic En.   Total Energy  Conserved En.    Temperature
   -7.85755e+04    1.30053e+04   -6.55702e+04   -9.67296e+04    3.04968e+02
 Pres. DC (bar) Pressure (bar)   Constr. rmsd
   -2.07756e+02   -5.31770e+02    5.37119e-06


DD  step 4649999 load imb.: force 26.1%  pme mesh/force 0.554
           Step           Time
        4650000     9300.00000

   Energies (kJ/mol)
           Bond          Angle    Proper Dih. Per. Imp. Dih.          LJ-14
    8.76457e+01    1.82133e+02    1.99958e+02    1.03873e+01    1.00443e+02
     Coulomb-14        LJ (SR)  Disper. corr.   Coulomb (SR)   Coul. recip.
    8.29039e+02    1.51021e+04   -6.41796e+02   -9.41698e+04    4.03259e+02
      Potential    Kinetic En.   Total Energy  Conserved En.    Temperature
   -7.78966e+04    1.26809e+04   -6.52157e+04   -9.67422e+04    2.97360e+02
 Pres. DC (bar) Pressure (bar)   Constr. rmsd
   -2.10110e+02    1.07657e+02    2.67348e-06


DD  step 4654999 load imb.: force 74.4%  pme mesh/force 0.578
           Step           Time
        4655000     9310.00000

   Energies (kJ/mol)
           Bond          Angle    Proper Dih. Per. Imp. Dih.          LJ-14
    8.63851e+01    1.98796e+02    2.11658e+02    6.11855e+00    9.32015e+01
     Coulomb-14        LJ (SR)  Disper. corr.   Coulomb (SR)   Coul. recip.
    8.04361e+02    1.45902e+04   -6.36204e+02   -9.38868e+04    4.27777e+02
      Potential    Kinetic En.   Total Energy  Conserved En.    Temperature
   -7.81045e+04    1.30737e+04   -6.50308e+04   -9.67750e+04    3.06571e+02
 Pres. DC (bar) Pressure (bar)   Constr. rmsd
   -2.06469e+02   -5.13604e+02    2.69754e-06


DD  step 4659999 load imb.: force 26.0%  pme mesh/force 0.496
           Step           Time
        4660000     9320.00000

   Energies (kJ/mol)
           Bond          Angle    Proper Dih. Per. Imp. Dih.          LJ-14
    7.44216e+01    1.93124e+02    2.00569e+02    1.21239e+01    1.08136e+02
     Coulomb-14        LJ (SR)  Disper. corr.   Coulomb (SR)   Coul. recip.
    8.31026e+02    1.46569e+04   -6.42292e+02   -9.38033e+04    4.09245e+02
      Potential    Kinetic En.   Total Energy  Conserved En.    Temperature
   -7.79600e+04    1.26997e+04   -6.52602e+04   -9.68136e+04    2.97802e+02
 Pres. DC (bar) Pressure (bar)   Constr. rmsd
   -2.10435e+02   -2.56198e+02    3.03976e-06


DD  step 4664999 load imb.: force 31.9%  pme mesh/force 0.614
           Step           Time
        4665000     9330.00000

   Energies (kJ/mol)
           Bond          Angle    Proper Dih. Per. Imp. Dih.          LJ-14
    6.96315e+01    2.34842e+02    2.19835e+02    1.69453e+01    9.97791e+01
     Coulomb-14        LJ (SR)  Disper. corr.   Coulomb (SR)   Coul. recip.
    7.71290e+02    1.51234e+04   -6.33414e+02   -9.41632e+04    4.24612e+02
      Potential    Kinetic En.   Total Energy  Conserved En.    Temperature
   -7.78362e+04    1.27978e+04   -6.50385e+04   -9.68346e+04    3.00101e+02
 Pres. DC (bar) Pressure (bar)   Constr. rmsd
   -2.04664e+02    3.59220e+00    1.96284e-06


DD  step 4669999 load imb.: force 25.2%  pme mesh/force 0.346
           Step           Time
        4670000     9340.00000

   Energies (kJ/mol)
           Bond          Angle    Proper Dih. Per. Imp. Dih.          LJ-14
    7.25074e+01    1.87643e+02    2.13906e+02    2.25618e+01    1.17996e+02
     Coulomb-14        LJ (SR)  Disper. corr.   Coulomb (SR)   Coul. recip.
    8.14764e+02    1.52086e+04   -6.32069e+02   -9.44332e+04    4.47793e+02
      Potential    Kinetic En.   Total Energy  Conserved En.    Temperature
   -7.79796e+04    1.29442e+04   -6.50354e+04   -9.68891e+04    3.03534e+02
 Pres. DC (bar) Pressure (bar)   Constr. rmsd
   -2.03797e+02    3.81506e+01    2.57532e-06


DD  step 4674999 load imb.: force 40.4%  pme mesh/force 0.437
           Step           Time
        4675000     9350.00000

   Energies (kJ/mol)
           Bond          Angle    Proper Dih. Per. Imp. Dih.          LJ-14
    6.85652e+01    2.25634e+02    2.12160e+02    4.00404e+00    1.06002e+02
     Coulomb-14        LJ (SR)  Disper. corr.   Coulomb (SR)   Coul. recip.
    7.86476e+02    1.45070e+04   -6.41800e+02   -9.35833e+04    4.05315e+02
      Potential    Kinetic En.   Total Energy  Conserved En.    Temperature
   -7.79100e+04    1.27785e+04   -6.51315e+04   -9.69000e+04    2.99650e+02
 Pres. DC (bar) Pressure (bar)   Constr. rmsd
   -2.10112e+02   -3.54409e+02    3.56225e-06


DD  step 4679999 load imb.: force 30.7%  pme mesh/force 0.437
           Step           Time
        4680000     9360.00000

   Energies (kJ/mol)
           Bond          Angle    Proper Dih. Per. Imp. Dih.          LJ-14
    6.26028e+01    1.75954e+02    2.41807e+02    1.06934e+01    1.07749e+02
     Coulomb-14        LJ (SR)  Disper. corr.   Coulomb (SR)   Coul. recip.
    8.20244e+02    1.48846e+04   -6.42184e+02   -9.41558e+04    3.88670e+02
      Potential    Kinetic En.   Total Energy  Conserved En.    Temperature
   -7.81057e+04    1.24515e+04   -6.56542e+04   -9.69341e+04    2.91981e+02
 Pres. DC (bar) Pressure (bar)   Constr. rmsd
   -2.10364e+02    3.64419e+01    3.15717e-06


DD  step 4684999 load imb.: force 31.8%  pme mesh/force 0.463
           Step           Time
        4685000     9370.00000

   Energies (kJ/mol)
           Bond          Angle    Proper Dih. Per. Imp. Dih.          LJ-14
    7.97486e+01    2.05433e+02    2.05392e+02    8.33608e+00    9.67631e+01
     Coulomb-14        LJ (SR)  Disper. corr.   Coulomb (SR)   Coul. recip.
    7.57094e+02    1.50014e+04   -6.35854e+02   -9.42650e+04    3.99184e+02
      Potential    Kinetic En.   Total Energy  Conserved En.    Temperature
   -7.81475e+04    1.29036e+04   -6.52439e+04   -9.69369e+04    3.02582e+02
 Pres. DC (bar) Pressure (bar)   Constr. rmsd
   -2.06242e+02   -1.43638e+02    1.62113e-06


DD  step 4689999 load imb.: force 25.3%  pme mesh/force 0.479
           Step           Time
        4690000     9380.00000

   Energies (kJ/mol)
           Bond          Angle    Proper Dih. Per. Imp. Dih.          LJ-14
    7.65714e+01    1.91057e+02    2.17172e+02    6.37051e+00    9.69346e+01
     Coulomb-14        LJ (SR)  Disper. corr.   Coulomb (SR)   Coul. recip.
    8.05591e+02    1.49934e+04   -6.40577e+02   -9.47086e+04    4.16905e+02
      Potential    Kinetic En.   Total Energy  Conserved En.    Temperature
   -7.85452e+04    1.28180e+04   -6.57272e+04   -9.70026e+04    3.00575e+02
 Pres. DC (bar) Pressure (bar)   Constr. rmsd
   -2.09313e+02   -2.30074e+02    2.14439e-06


DD  step 4694999 load imb.: force 25.8%  pme mesh/force 0.206
           Step           Time
        4695000     9390.00000

   Energies (kJ/mol)
           Bond          Angle    Proper Dih. Per. Imp. Dih.          LJ-14
    4.54434e+01    1.99512e+02    1.97151e+02    8.52356e+00    1.05571e+02
     Coulomb-14        LJ (SR)  Disper. corr.   Coulomb (SR)   Coul. recip.
    7.96138e+02    1.52267e+04   -6.43234e+02   -9.46077e+04    4.21939e+02
      Potential    Kinetic En.   Total Energy  Conserved En.    Temperature
   -7.82500e+04    1.28804e+04   -6.53695e+04   -9.70584e+04    3.02039e+02
 Pres. DC (bar) Pressure (bar)   Constr. rmsd
   -2.11052e+02    2.76017e+02    1.76638e-06


DD  step 4699999 load imb.: force 29.6%  pme mesh/force 0.436
           Step           Time
        4700000     9400.00000

   Energies (kJ/mol)
           Bond          Angle    Proper Dih. Per. Imp. Dih.          LJ-14
    5.13996e+01    2.21020e+02    2.36539e+02    1.39107e+01    9.04413e+01
     Coulomb-14        LJ (SR)  Disper. corr.   Coulomb (SR)   Coul. recip.
    8.06906e+02    1.50523e+04   -6.38510e+02   -9.41149e+04    3.99951e+02
      Potential    Kinetic En.   Total Energy  Conserved En.    Temperature
   -7.78809e+04    1.25151e+04   -6.53659e+04   -9.70760e+04    2.93472e+02
 Pres. DC (bar) Pressure (bar)   Constr. rmsd
   -2.07967e+02   -1.22837e+01    3.20258e-06


DD  step 4704999 load imb.: force 35.3%  pme mesh/force 0.440
           Step           Time
        4705000     9410.00000

   Energies (kJ/mol)
           Bond          Angle    Proper Dih. Per. Imp. Dih.          LJ-14
    8.52302e+01    1.67260e+02    2.06332e+02    6.67759e+00    1.04218e+02
     Coulomb-14        LJ (SR)  Disper. corr.   Coulomb (SR)   Coul. recip.
    7.91931e+02    1.53858e+04   -6.32842e+02   -9.47402e+04    4.27821e+02
      Potential    Kinetic En.   Total Energy  Conserved En.    Temperature
   -7.81977e+04    1.27592e+04   -6.54385e+04   -9.71245e+04    2.99197e+02
 Pres. DC (bar) Pressure (bar)   Constr. rmsd
   -2.04295e+02   -1.54859e+01    3.03572e-06


DD  step 4709999 load imb.: force 32.9%  pme mesh/force 0.470
           Step           Time
        4710000     9420.00000

   Energies (kJ/mol)
           Bond          Angle    Proper Dih. Per. Imp. Dih.          LJ-14
    8.23977e+01    1.62585e+02    2.17552e+02    9.60734e+00    1.04667e+02
     Coulomb-14        LJ (SR)  Disper. corr.   Coulomb (SR)   Coul. recip.
    7.81405e+02    1.54312e+04   -6.39676e+02   -9.45898e+04    4.06666e+02
      Potential    Kinetic En.   Total Energy  Conserved En.    Temperature
   -7.80334e+04    1.27767e+04   -6.52568e+04   -9.71263e+04    2.99606e+02
 Pres. DC (bar) Pressure (bar)   Constr. rmsd
   -2.08726e+02    4.38357e+02    3.11970e-06


DD  step 4714999 load imb.: force 32.4%  pme mesh/force 0.520
           Step           Time
        4715000     9430.00000

   Energies (kJ/mol)
           Bond          Angle    Proper Dih. Per. Imp. Dih.          LJ-14
    8.38366e+01    2.22658e+02    2.14414e+02    1.11168e+01    1.03275e+02
     Coulomb-14        LJ (SR)  Disper. corr.   Coulomb (SR)   Coul. recip.
    7.81076e+02    1.50108e+04   -6.35684e+02   -9.44477e+04    4.08349e+02
      Potential    Kinetic En.   Total Energy  Conserved En.    Temperature
   -7.82478e+04    1.29439e+04   -6.53039e+04   -9.71806e+04    3.03529e+02
 Pres. DC (bar) Pressure (bar)   Constr. rmsd
   -2.06132e+02   -2.60171e+02    3.71747e-06


DD  step 4719999 load imb.: force 31.9%  pme mesh/force 0.453
           Step           Time
        4720000     9440.00000

   Energies (kJ/mol)
           Bond          Angle    Proper Dih. Per. Imp. Dih.          LJ-14
    6.42412e+01    1.70476e+02    2.01899e+02    1.60819e+00    1.02095e+02
     Coulomb-14        LJ (SR)  Disper. corr.   Coulomb (SR)   Coul. recip.
    8.00336e+02    1.54987e+04   -6.38559e+02   -9.52267e+04    4.08477e+02
      Potential    Kinetic En.   Total Energy  Conserved En.    Temperature
   -7.86174e+04    1.23868e+04   -6.62306e+04   -9.71894e+04    2.90465e+02
 Pres. DC (bar) Pressure (bar)   Constr. rmsd
   -2.07998e+02    1.95147e+02    1.66062e-06


DD  step 4724999 load imb.: force 53.1%  pme mesh/force 0.273
           Step           Time
        4725000     9450.00000

   Energies (kJ/mol)
           Bond          Angle    Proper Dih. Per. Imp. Dih.          LJ-14
    8.24894e+01    1.72371e+02    1.94376e+02    4.31459e+00    8.76350e+01
     Coulomb-14        LJ (SR)  Disper. corr.   Coulomb (SR)   Coul. recip.
    7.76479e+02    1.51725e+04   -6.44563e+02   -9.47346e+04    3.90782e+02
      Potential    Kinetic En.   Total Energy  Conserved En.    Temperature
   -7.84982e+04    1.26488e+04   -6.58494e+04   -9.72408e+04    2.96607e+02
 Pres. DC (bar) Pressure (bar)   Constr. rmsd
   -2.11923e+02    3.53578e+01    3.08634e-06


DD  step 4729999 load imb.: force 30.7%  pme mesh/force 1.401
           Step           Time
        4730000     9460.00000

   Energies (kJ/mol)
           Bond          Angle    Proper Dih. Per. Imp. Dih.          LJ-14
    6.16212e+01    1.94679e+02    2.03602e+02    1.06120e+01    1.03592e+02
     Coulomb-14        LJ (SR)  Disper. corr.   Coulomb (SR)   Coul. recip.
    7.77022e+02    1.52995e+04   -6.40104e+02   -9.45739e+04    4.17325e+02
      Potential    Kinetic En.   Total Energy  Conserved En.    Temperature
   -7.81460e+04    1.24130e+04   -6.57331e+04   -9.72754e+04    2.91078e+02
 Pres. DC (bar) Pressure (bar)   Constr. rmsd
   -2.09005e+02    1.71889e+02    2.45639e-06


DD  step 4734999 load imb.: force 36.3%  pme mesh/force 0.625
           Step           Time
        4735000     9470.00000

   Energies (kJ/mol)
           Bond          Angle    Proper Dih. Per. Imp. Dih.          LJ-14
    7.46929e+01    1.67889e+02    2.27985e+02    7.66508e+00    1.14390e+02
     Coulomb-14        LJ (SR)  Disper. corr.   Coulomb (SR)   Coul. recip.
    7.90849e+02    1.48789e+04   -6.40734e+02   -9.44838e+04    4.35015e+02
      Potential    Kinetic En.   Total Energy  Conserved En.    Temperature
   -7.84272e+04    1.28541e+04   -6.55730e+04   -9.73173e+04    3.01423e+02
 Pres. DC (bar) Pressure (bar)   Constr. rmsd
   -2.09416e+02   -2.53204e+02    2.50059e-06


DD  step 4739999 load imb.: force 25.3%  pme mesh/force 0.379
           Step           Time
        4740000     9480.00000

   Energies (kJ/mol)
           Bond          Angle    Proper Dih. Per. Imp. Dih.          LJ-14
    8.30345e+01    1.81377e+02    2.17460e+02    1.13667e+01    1.03345e+02
     Coulomb-14        LJ (SR)  Disper. corr.   Coulomb (SR)   Coul. recip.
    7.58984e+02    1.49290e+04   -6.36107e+02   -9.43555e+04    4.15373e+02
      Potential    Kinetic En.   Total Energy  Conserved En.    Temperature
   -7.82916e+04    1.30469e+04   -6.52447e+04   -9.73610e+04    3.05944e+02
 Pres. DC (bar) Pressure (bar)   Constr. rmsd
   -2.06406e+02   -3.91797e+02    3.81000e-06


DD  step 4744999 load imb.: force 30.1%  pme mesh/force 0.522
           Step           Time
        4745000     9490.00000

   Energies (kJ/mol)
           Bond          Angle    Proper Dih. Per. Imp. Dih.          LJ-14
    7.39624e+01    1.76314e+02    2.01640e+02    7.27184e+00    1.12976e+02
     Coulomb-14        LJ (SR)  Disper. corr.   Coulomb (SR)   Coul. recip.
    7.57837e+02    1.60291e+04   -6.38429e+02   -9.55542e+04    4.02665e+02
      Potential    Kinetic En.   Total Energy  Conserved En.    Temperature
   -7.84309e+04    1.29690e+04   -6.54619e+04   -9.73976e+04    3.04116e+02
 Pres. DC (bar) Pressure (bar)   Constr. rmsd
   -2.07914e+02    7.53263e+02    4.03656e-06


DD  step 4749999 load imb.: force 35.5%  pme mesh/force 0.551
           Step           Time
        4750000     9500.00000

   Energies (kJ/mol)
           Bond          Angle    Proper Dih. Per. Imp. Dih.          LJ-14
    8.06427e+01    2.02665e+02    2.08234e+02    1.56921e+01    9.84929e+01
     Coulomb-14        LJ (SR)  Disper. corr.   Coulomb (SR)   Coul. recip.
    7.82366e+02    1.60422e+04   -6.39151e+02   -9.57468e+04    4.46255e+02
      Potential    Kinetic En.   Total Energy  Conserved En.    Temperature
   -7.85094e+04    1.29191e+04   -6.55902e+04   -9.74242e+04    3.02947e+02
 Pres. DC (bar) Pressure (bar)   Constr. rmsd
   -2.08384e+02    7.70321e+02    2.45792e-06


DD  step 4754999 load imb.: force 28.7%  pme mesh/force 0.499
           Step           Time
        4755000     9510.00000

   Energies (kJ/mol)
           Bond          Angle    Proper Dih. Per. Imp. Dih.          LJ-14
    6.25903e+01    1.88326e+02    2.23848e+02    8.17780e+00    9.18622e+01
     Coulomb-14        LJ (SR)  Disper. corr.   Coulomb (SR)   Coul. recip.
    8.15691e+02    1.51048e+04   -6.41034e+02   -9.45498e+04    4.14955e+02
      Potential    Kinetic En.   Total Energy  Conserved En.    Temperature
   -7.82806e+04    1.28773e+04   -6.54033e+04   -9.74668e+04    3.01966e+02
 Pres. DC (bar) Pressure (bar)   Constr. rmsd
   -2.09612e+02   -3.01499e+01    2.53020e-06


DD  step 4759999 load imb.: force 28.7%  pme mesh/force 0.621
           Step           Time
        4760000     9520.00000

   Energies (kJ/mol)
           Bond          Angle    Proper Dih. Per. Imp. Dih.          LJ-14
    6.54309e+01    2.16182e+02    2.19381e+02    5.76229e+00    1.06676e+02
     Coulomb-14        LJ (SR)  Disper. corr.   Coulomb (SR)   Coul. recip.
    7.86250e+02    1.50506e+04   -6.48013e+02   -9.43352e+04    4.35780e+02
      Potential    Kinetic En.   Total Energy  Conserved En.    Temperature
   -7.80972e+04    1.24416e+04   -6.56556e+04   -9.74931e+04    2.91749e+02
 Pres. DC (bar) Pressure (bar)   Constr. rmsd
   -2.14195e+02    1.80866e+02    2.88295e-06


DD  step 4764999 load imb.: force 22.5%  pme mesh/force 1.829
           Step           Time
        4765000     9530.00000

   Energies (kJ/mol)
           Bond          Angle    Proper Dih. Per. Imp. Dih.          LJ-14
    6.72365e+01    1.51301e+02    2.27811e+02    6.20260e+00    9.80988e+01
     Coulomb-14        LJ (SR)  Disper. corr.   Coulomb (SR)   Coul. recip.
    7.89917e+02    1.53946e+04   -6.39459e+02   -9.52088e+04    4.04702e+02
      Potential    Kinetic En.   Total Energy  Conserved En.    Temperature
   -7.87083e+04    1.28069e+04   -6.59015e+04   -9.75615e+04    3.00315e+02
 Pres. DC (bar) Pressure (bar)   Constr. rmsd
   -2.08585e+02   -8.93802e+01    2.70619e-06


DD  step 4769999 load imb.: force 30.0%  pme mesh/force 0.602
           Step           Time
        4770000     9540.00000

   Energies (kJ/mol)
           Bond          Angle    Proper Dih. Per. Imp. Dih.          LJ-14
    4.71767e+01    1.70132e+02    2.06659e+02    1.71305e+01    1.02378e+02
     Coulomb-14        LJ (SR)  Disper. corr.   Coulomb (SR)   Coul. recip.
    8.17959e+02    1.54636e+04   -6.38930e+02   -9.55178e+04    4.12211e+02
      Potential    Kinetic En.   Total Energy  Conserved En.    Temperature
   -7.89195e+04    1.29264e+04   -6.59931e+04   -9.75651e+04    3.03117e+02
 Pres. DC (bar) Pressure (bar)   Constr. rmsd
   -2.08240e+02    7.45798e+01    2.76523e-06


DD  step 4774999 load imb.: force 32.4%  pme mesh/force 0.452
           Step           Time
        4775000     9550.00000

   Energies (kJ/mol)
           Bond          Angle    Proper Dih. Per. Imp. Dih.          LJ-14
    7.10351e+01    1.62583e+02    2.22159e+02    8.55423e+00    9.23608e+01
     Coulomb-14        LJ (SR)  Disper. corr.   Coulomb (SR)   Coul. recip.
    7.79756e+02    1.50861e+04   -6.38631e+02   -9.43813e+04    4.10705e+02
      Potential    Kinetic En.   Total Energy  Conserved En.    Temperature
   -7.81868e+04    1.27014e+04   -6.54854e+04   -9.76049e+04    2.97841e+02
 Pres. DC (bar) Pressure (bar)   Constr. rmsd
   -2.08045e+02   -6.95940e+01    2.36423e-06


DD  step 4779999 load imb.: force 30.4%  pme mesh/force 0.501
           Step           Time
        4780000     9560.00000

   Energies (kJ/mol)
           Bond          Angle    Proper Dih. Per. Imp. Dih.          LJ-14
    5.25081e+01    1.64676e+02    1.97322e+02    7.19156e+00    9.81755e+01
     Coulomb-14        LJ (SR)  Disper. corr.   Coulomb (SR)   Coul. recip.
    8.00878e+02    1.49175e+04   -6.35499e+02   -9.42371e+04    3.99261e+02
      Potential    Kinetic En.   Total Energy  Conserved En.    Temperature
   -7.82351e+04    1.26128e+04   -6.56223e+04   -9.76245e+04    2.95764e+02
 Pres. DC (bar) Pressure (bar)   Constr. rmsd
   -2.06012e+02   -2.51617e+02    2.53864e-06


DD  step 4784999 load imb.: force 38.5%  pme mesh/force 0.436
           Step           Time
        4785000     9570.00000

   Energies (kJ/mol)
           Bond          Angle    Proper Dih. Per. Imp. Dih.          LJ-14
    7.26347e+01    1.76602e+02    2.34913e+02    1.28866e+01    9.63333e+01
     Coulomb-14        LJ (SR)  Disper. corr.   Coulomb (SR)   Coul. recip.
    8.09308e+02    1.53490e+04   -6.41716e+02   -9.44216e+04    3.76810e+02
      Potential    Kinetic En.   Total Energy  Conserved En.    Temperature
   -7.79348e+04    1.25260e+04   -6.54088e+04   -9.76655e+04    2.93728e+02
 Pres. DC (bar) Pressure (bar)   Constr. rmsd
   -2.10057e+02    1.12541e+02    2.91468e-06


DD  step 4789999 load imb.: force 27.0%  pme mesh/force 0.615
           Step           Time
        4790000     9580.00000

   Energies (kJ/mol)
           Bond          Angle    Proper Dih. Per. Imp. Dih.          LJ-14
    8.00048e+01    1.42904e+02    2.28759e+02    8.45224e+00    1.05529e+02
     Coulomb-14        LJ (SR)  Disper. corr.   Coulomb (SR)   Coul. recip.
    7.77163e+02    1.47565e+04   -6.41942e+02   -9.37862e+04    4.20854e+02
      Potential    Kinetic En.   Total Energy  Conserved En.    Temperature
   -7.79080e+04    1.28673e+04   -6.50407e+04   -9.76988e+04    3.01732e+02
 Pres. DC (bar) Pressure (bar)   Constr. rmsd
   -2.10205e+02   -1.71808e+02    2.58226e-06


DD  step 4794999 load imb.: force 29.3%  pme mesh/force 0.475
           Step           Time
        4795000     9590.00000

   Energies (kJ/mol)
           Bond          Angle    Proper Dih. Per. Imp. Dih.          LJ-14
    5.13481e+01    1.72676e+02    2.10777e+02    8.04762e+00    9.85516e+01
     Coulomb-14        LJ (SR)  Disper. corr.   Coulomb (SR)   Coul. recip.
    8.09684e+02    1.52189e+04   -6.38051e+02   -9.48736e+04    4.01238e+02
      Potential    Kinetic En.   Total Energy  Conserved En.    Temperature
   -7.85404e+04    1.28139e+04   -6.57265e+04   -9.77535e+04    3.00479e+02
 Pres. DC (bar) Pressure (bar)   Constr. rmsd
   -2.07668e+02    1.19039e+02    3.18515e-06


DD  step 4799999 load imb.: force 31.5%  pme mesh/force 0.457
           Step           Time
        4800000     9600.00000

   Energies (kJ/mol)
           Bond          Angle    Proper Dih. Per. Imp. Dih.          LJ-14
    7.68288e+01    2.21681e+02    2.15285e+02    1.15420e+01    9.73479e+01
     Coulomb-14        LJ (SR)  Disper. corr.   Coulomb (SR)   Coul. recip.
    8.10676e+02    1.55225e+04   -6.43405e+02   -9.49764e+04    4.20978e+02
      Potential    Kinetic En.   Total Energy  Conserved En.    Temperature
   -7.82429e+04    1.29023e+04   -6.53406e+04   -9.78006e+04    3.02552e+02
 Pres. DC (bar) Pressure (bar)   Constr. rmsd
   -2.11164e+02    4.50811e+02    3.00599e-06


DD  step 4804999 load imb.: force 33.1%  pme mesh/force 0.409
           Step           Time
        4805000     9610.00000

   Energies (kJ/mol)
           Bond          Angle    Proper Dih. Per. Imp. Dih.          LJ-14
    6.69424e+01    1.82055e+02    2.08935e+02    1.17845e+01    1.00394e+02
     Coulomb-14        LJ (SR)  Disper. corr.   Coulomb (SR)   Coul. recip.
    8.14128e+02    1.50703e+04   -6.37253e+02   -9.43328e+04    4.23701e+02
      Potential    Kinetic En.   Total Energy  Conserved En.    Temperature
   -7.80917e+04    1.28098e+04   -6.52819e+04   -9.78289e+04    3.00384e+02
 Pres. DC (bar) Pressure (bar)   Constr. rmsd
   -2.07149e+02   -1.18684e+02    3.69735e-06


DD  step 4809999 load imb.: force 34.5%  pme mesh/force 0.437
           Step           Time
        4810000     9620.00000

   Energies (kJ/mol)
           Bond          Angle    Proper Dih. Per. Imp. Dih.          LJ-14
    7.36201e+01    1.88999e+02    2.16878e+02    6.88978e+00    9.22858e+01
     Coulomb-14        LJ (SR)  Disper. corr.   Coulomb (SR)   Coul. recip.
    7.83913e+02    1.54653e+04   -6.42490e+02   -9.48239e+04    4.31388e+02
      Potential    Kinetic En.   Total Energy  Conserved En.    Temperature
   -7.82071e+04    1.26436e+04   -6.55636e+04   -9.78641e+04    2.96485e+02
 Pres. DC (bar) Pressure (bar)   Constr. rmsd
   -2.10564e+02    2.85955e+02    4.05953e-06


DD  step 4814999 load imb.: force 32.7%  pme mesh/force 0.454
           Step           Time
        4815000     9630.00000

   Energies (kJ/mol)
           Bond          Angle    Proper Dih. Per. Imp. Dih.          LJ-14
    8.51457e+01    1.52521e+02    2.08950e+02    5.34610e+00    9.58637e+01
     Coulomb-14        LJ (SR)  Disper. corr.   Coulomb (SR)   Coul. recip.
    8.00053e+02    1.50879e+04   -6.32832e+02   -9.46798e+04    4.11046e+02
      Potential    Kinetic En.   Total Energy  Conserved En.    Temperature
   -7.84658e+04    1.26472e+04   -6.58186e+04   -9.78848e+04    2.96571e+02
 Pres. DC (bar) Pressure (bar)   Constr. rmsd
   -2.04289e+02   -3.60814e+02    2.66650e-06


DD  step 4819999 load imb.: force 31.4%  pme mesh/force 0.442
           Step           Time
        4820000     9640.00000

   Energies (kJ/mol)
           Bond          Angle    Proper Dih. Per. Imp. Dih.          LJ-14
    5.09507e+01    2.08954e+02    2.23013e+02    6.08978e+00    9.38367e+01
     Coulomb-14        LJ (SR)  Disper. corr.   Coulomb (SR)   Coul. recip.
    8.14578e+02    1.51572e+04   -6.38777e+02   -9.44174e+04    4.48873e+02
      Potential    Kinetic En.   Total Energy  Conserved En.    Temperature
   -7.80527e+04    1.30177e+04   -6.50350e+04   -9.79242e+04    3.05258e+02
 Pres. DC (bar) Pressure (bar)   Constr. rmsd
   -2.08140e+02    1.65303e+01    3.63998e-06


DD  step 4824999 load imb.: force 27.4%  pme mesh/force 0.277
           Step           Time
        4825000     9650.00000

   Energies (kJ/mol)
           Bond          Angle    Proper Dih. Per. Imp. Dih.          LJ-14
    8.42289e+01    2.06919e+02    2.02618e+02    6.31759e+00    1.08795e+02
     Coulomb-14        LJ (SR)  Disper. corr.   Coulomb (SR)   Coul. recip.
    7.72399e+02    1.48439e+04   -6.35686e+02   -9.42698e+04    4.07758e+02
      Potential    Kinetic En.   Total Energy  Conserved En.    Temperature
   -7.82725e+04    1.25160e+04   -6.57565e+04   -9.79430e+04    2.93494e+02
 Pres. DC (bar) Pressure (bar)   Constr. rmsd
   -2.06133e+02   -3.78132e+02    2.12170e-06


DD  step 4829999 load imb.: force 39.0%  pme mesh/force 0.415
           Step           Time
        4830000     9660.00000

   Energies (kJ/mol)
           Bond          Angle    Proper Dih. Per. Imp. Dih.          LJ-14
    4.54543e+01    2.05623e+02    2.17313e+02    5.23547e+00    1.10362e+02
     Coulomb-14        LJ (SR)  Disper. corr.   Coulomb (SR)   Coul. recip.
    8.09464e+02    1.54059e+04   -6.47699e+02   -9.53946e+04    4.25119e+02
      Potential    Kinetic En.   Total Energy  Conserved En.    Temperature
   -7.88179e+04    1.24874e+04   -6.63305e+04   -9.79951e+04    2.92823e+02
 Pres. DC (bar) Pressure (bar)   Constr. rmsd
   -2.13988e+02    4.63620e+02    3.29426e-06


DD  step 4834999 load imb.: force 30.8%  pme mesh/force 0.453
           Step           Time
        4835000     9670.00000

   Energies (kJ/mol)
           Bond          Angle    Proper Dih. Per. Imp. Dih.          LJ-14
    5.63246e+01    1.85696e+02    2.17091e+02    6.75473e+00    1.06009e+02
     Coulomb-14        LJ (SR)  Disper. corr.   Coulomb (SR)   Coul. recip.
    8.03152e+02    1.48163e+04   -6.37556e+02   -9.39327e+04    4.18170e+02
      Potential    Kinetic En.   Total Energy  Conserved En.    Temperature
   -7.79608e+04    1.29329e+04   -6.50278e+04   -9.80106e+04    3.03270e+02
 Pres. DC (bar) Pressure (bar)   Constr. rmsd
   -2.07346e+02   -2.36183e+02    2.88809e-06


DD  step 4839999 load imb.: force 29.8%  pme mesh/force 0.473
           Step           Time
        4840000     9680.00000

   Energies (kJ/mol)
           Bond          Angle    Proper Dih. Per. Imp. Dih.          LJ-14
    6.20686e+01    1.86377e+02    2.26436e+02    6.25969e+00    9.81501e+01
     Coulomb-14        LJ (SR)  Disper. corr.   Coulomb (SR)   Coul. recip.
    7.98404e+02    1.54476e+04   -6.40247e+02   -9.52691e+04    3.88880e+02
      Potential    Kinetic En.   Total Energy  Conserved En.    Temperature
   -7.86953e+04    1.29942e+04   -6.57011e+04   -9.80570e+04    3.04707e+02
 Pres. DC (bar) Pressure (bar)   Constr. rmsd
   -2.09098e+02    4.83929e+00    2.56670e-06


DD  step 4844999 load imb.: force 28.8%  pme mesh/force 0.489
           Step           Time
        4845000     9690.00000

   Energies (kJ/mol)
           Bond          Angle    Proper Dih. Per. Imp. Dih.          LJ-14
    5.37719e+01    1.93573e+02    1.97328e+02    6.18870e+00    1.05766e+02
     Coulomb-14        LJ (SR)  Disper. corr.   Coulomb (SR)   Coul. recip.
    7.85466e+02    1.54073e+04   -6.42025e+02   -9.50428e+04    3.77083e+02
      Potential    Kinetic En.   Total Energy  Conserved En.    Temperature
   -7.85584e+04    1.30638e+04   -6.54945e+04   -9.80606e+04    3.06339e+02
 Pres. DC (bar) Pressure (bar)   Constr. rmsd
   -2.10260e+02    2.85198e+02    2.98298e-06


DD  step 4849999 load imb.: force 29.7%  pme mesh/force 0.314
           Step           Time
        4850000     9700.00000

   Energies (kJ/mol)
           Bond          Angle    Proper Dih. Per. Imp. Dih.          LJ-14
    4.64253e+01    1.82114e+02    2.02559e+02    5.44245e+00    1.05240e+02
     Coulomb-14        LJ (SR)  Disper. corr.   Coulomb (SR)   Coul. recip.
    8.03140e+02    1.49476e+04   -6.34686e+02   -9.49331e+04    3.78245e+02
      Potential    Kinetic En.   Total Energy  Conserved En.    Temperature
   -7.88970e+04    1.28255e+04   -6.60715e+04   -9.80960e+04    3.00751e+02
 Pres. DC (bar) Pressure (bar)   Constr. rmsd
   -2.05486e+02   -5.00550e+02    3.19414e-06


DD  step 4854999 load imb.: force 35.5%  pme mesh/force 0.427
           Step           Time
        4855000     9710.00000

   Energies (kJ/mol)
           Bond          Angle    Proper Dih. Per. Imp. Dih.          LJ-14
    7.33968e+01    2.17693e+02    2.13609e+02    7.96768e+00    1.21468e+02
     Coulomb-14        LJ (SR)  Disper. corr.   Coulomb (SR)   Coul. recip.
    7.97388e+02    1.48519e+04   -6.36398e+02   -9.40438e+04    4.04247e+02
      Potential    Kinetic En.   Total Energy  Conserved En.    Temperature
   -7.79926e+04    1.29686e+04   -6.50240e+04   -9.81026e+04    3.04106e+02
 Pres. DC (bar) Pressure (bar)   Constr. rmsd
   -2.06595e+02   -2.39840e+01    3.14480e-06


DD  step 4859999 load imb.: force 28.0%  pme mesh/force 0.466
           Step           Time
        4860000     9720.00000

   Energies (kJ/mol)
           Bond          Angle    Proper Dih. Per. Imp. Dih.          LJ-14
    7.22298e+01    1.70757e+02    2.03310e+02    8.61790e+00    9.85036e+01
     Coulomb-14        LJ (SR)  Disper. corr.   Coulomb (SR)   Coul. recip.
    8.06748e+02    1.50935e+04   -6.39952e+02   -9.45957e+04    4.08418e+02
      Potential    Kinetic En.   Total Energy  Conserved En.    Temperature
   -7.83735e+04    1.29455e+04   -6.54281e+04   -9.81628e+04    3.03564e+02
 Pres. DC (bar) Pressure (bar)   Constr. rmsd
   -2.08906e+02   -2.75176e+01    2.40431e-06


DD  step 4864999 load imb.: force 29.7%  pme mesh/force 0.510
           Step           Time
        4865000     9730.00000

   Energies (kJ/mol)
           Bond          Angle    Proper Dih. Per. Imp. Dih.          LJ-14
    9.03019e+01    2.14819e+02    1.94300e+02    1.77015e+01    1.08452e+02
     Coulomb-14        LJ (SR)  Disper. corr.   Coulomb (SR)   Coul. recip.
    7.81162e+02    1.51514e+04   -6.45829e+02   -9.42280e+04    4.46578e+02
      Potential    Kinetic En.   Total Energy  Conserved En.    Temperature
   -7.78691e+04    1.30571e+04   -6.48120e+04   -9.81762e+04    3.06181e+02
 Pres. DC (bar) Pressure (bar)   Constr. rmsd
   -2.12756e+02    6.25170e+02    3.92881e-06


DD  step 4869999 load imb.: force 31.4%  pme mesh/force 0.504
           Step           Time
        4870000     9740.00000

   Energies (kJ/mol)
           Bond          Angle    Proper Dih. Per. Imp. Dih.          LJ-14
    7.46595e+01    1.97765e+02    2.00588e+02    7.10097e+00    1.01227e+02
     Coulomb-14        LJ (SR)  Disper. corr.   Coulomb (SR)   Coul. recip.
    7.82357e+02    1.56796e+04   -6.40967e+02   -9.51598e+04    4.10646e+02
      Potential    Kinetic En.   Total Energy  Conserved En.    Temperature
   -7.83469e+04    1.29560e+04   -6.53908e+04   -9.82201e+04    3.03812e+02
 Pres. DC (bar) Pressure (bar)   Constr. rmsd
   -2.09568e+02    4.47587e+02    3.47055e-06


DD  step 4874999 load imb.: force 31.4%  pme mesh/force 0.456
           Step           Time
        4875000     9750.00000

   Energies (kJ/mol)
           Bond          Angle    Proper Dih. Per. Imp. Dih.          LJ-14
    6.39422e+01    1.87806e+02    2.13900e+02    1.11793e+01    9.06123e+01
     Coulomb-14        LJ (SR)  Disper. corr.   Coulomb (SR)   Coul. recip.
    7.90465e+02    1.51344e+04   -6.37700e+02   -9.43510e+04    4.28490e+02
      Potential    Kinetic En.   Total Energy  Conserved En.    Temperature
   -7.80678e+04    1.28270e+04   -6.52409e+04   -9.82355e+04    3.00785e+02
 Pres. DC (bar) Pressure (bar)   Constr. rmsd
   -2.07440e+02    7.71719e+01    3.91899e-06


DD  step 4879999 load imb.: force 28.3%  pme mesh/force 0.431
           Step           Time
        4880000     9760.00000

   Energies (kJ/mol)
           Bond          Angle    Proper Dih. Per. Imp. Dih.          LJ-14
    8.77203e+01    1.86312e+02    2.01755e+02    5.21725e+00    1.01750e+02
     Coulomb-14        LJ (SR)  Disper. corr.   Coulomb (SR)   Coul. recip.
    7.74525e+02    1.54014e+04   -6.37793e+02   -9.50746e+04    3.63283e+02
      Potential    Kinetic En.   Total Energy  Conserved En.    Temperature
   -7.85905e+04    1.28960e+04   -6.56944e+04   -9.82552e+04    3.02405e+02
 Pres. DC (bar) Pressure (bar)   Constr. rmsd
   -2.07500e+02    5.45723e+00    2.01444e-06


DD  step 4884999 load imb.: force 29.5%  pme mesh/force 0.472
           Step           Time
        4885000     9770.00000

   Energies (kJ/mol)
           Bond          Angle    Proper Dih. Per. Imp. Dih.          LJ-14
    7.65799e+01    1.97189e+02    2.00196e+02    5.27572e+00    1.02050e+02
     Coulomb-14        LJ (SR)  Disper. corr.   Coulomb (SR)   Coul. recip.
    7.85041e+02    1.45325e+04   -6.40872e+02   -9.36990e+04    4.19198e+02
      Potential    Kinetic En.   Total Energy  Conserved En.    Temperature
   -7.80218e+04    1.26980e+04   -6.53239e+04   -9.82833e+04    2.97761e+02
 Pres. DC (bar) Pressure (bar)   Constr. rmsd
   -2.09506e+02   -4.38312e+02    2.27720e-06


DD  step 4889999 load imb.: force 32.0%  pme mesh/force 0.468
           Step           Time
        4890000     9780.00000

   Energies (kJ/mol)
           Bond          Angle    Proper Dih. Per. Imp. Dih.          LJ-14
    6.60670e+01    2.24037e+02    1.98334e+02    3.01851e+00    9.02465e+01
     Coulomb-14        LJ (SR)  Disper. corr.   Coulomb (SR)   Coul. recip.
    7.90230e+02    1.47745e+04   -6.35697e+02   -9.38462e+04    4.23956e+02
      Potential    Kinetic En.   Total Energy  Conserved En.    Temperature
   -7.79115e+04    1.28830e+04   -6.50285e+04   -9.83330e+04    3.02100e+02
 Pres. DC (bar) Pressure (bar)   Constr. rmsd
   -2.06140e+02   -2.87676e+02    3.75483e-06


DD  step 4894999 load imb.: force 41.2%  pme mesh/force 0.435
           Step           Time
        4895000     9790.00000

   Energies (kJ/mol)
           Bond          Angle    Proper Dih. Per. Imp. Dih.          LJ-14
    7.38761e+01    1.74786e+02    1.98271e+02    6.28060e+00    1.09355e+02
     Coulomb-14        LJ (SR)  Disper. corr.   Coulomb (SR)   Coul. recip.
    7.74954e+02    1.50243e+04   -6.37640e+02   -9.46938e+04    4.02844e+02
      Potential    Kinetic En.   Total Energy  Conserved En.    Temperature
   -7.85668e+04    1.26689e+04   -6.58979e+04   -9.83795e+04    2.97079e+02
 Pres. DC (bar) Pressure (bar)   Constr. rmsd
   -2.07401e+02   -4.07569e+02    1.88153e-06


DD  step 4899999 load imb.: force 34.7%  pme mesh/force 0.384
           Step           Time
        4900000     9800.00000

   Energies (kJ/mol)
           Bond          Angle    Proper Dih. Per. Imp. Dih.          LJ-14
    9.90774e+01    1.91575e+02    2.23028e+02    1.04361e+01    9.06354e+01
     Coulomb-14        LJ (SR)  Disper. corr.   Coulomb (SR)   Coul. recip.
    8.05797e+02    1.51396e+04   -6.38282e+02   -9.45654e+04    3.73680e+02
      Potential    Kinetic En.   Total Energy  Conserved En.    Temperature
   -7.82698e+04    1.30710e+04   -6.51988e+04   -9.84007e+04    3.06508e+02
 Pres. DC (bar) Pressure (bar)   Constr. rmsd
   -2.07818e+02   -1.47501e+02    2.38106e-06


DD  step 4904999 load imb.: force 26.9%  pme mesh/force 0.506
           Step           Time
        4905000     9810.00000

   Energies (kJ/mol)
           Bond          Angle    Proper Dih. Per. Imp. Dih.          LJ-14
    7.09962e+01    1.84411e+02    2.20488e+02    1.60018e+01    9.33109e+01
     Coulomb-14        LJ (SR)  Disper. corr.   Coulomb (SR)   Coul. recip.
    8.10905e+02    1.49358e+04   -6.39813e+02   -9.44866e+04    3.68761e+02
      Potential    Kinetic En.   Total Energy  Conserved En.    Temperature
   -7.84257e+04    1.28286e+04   -6.55971e+04   -9.84108e+04    3.00824e+02
 Pres. DC (bar) Pressure (bar)   Constr. rmsd
   -2.08815e+02   -1.99625e+02    2.32635e-06


DD  step 4909999 load imb.: force 29.7%  pme mesh/force 0.509
           Step           Time
        4910000     9820.00000

   Energies (kJ/mol)
           Bond          Angle    Proper Dih. Per. Imp. Dih.          LJ-14
    7.05686e+01    2.13719e+02    1.94500e+02    5.67090e+00    1.08962e+02
     Coulomb-14        LJ (SR)  Disper. corr.   Coulomb (SR)   Coul. recip.
    8.04351e+02    1.55074e+04   -6.33817e+02   -9.45976e+04    4.17290e+02
      Potential    Kinetic En.   Total Energy  Conserved En.    Temperature
   -7.79089e+04    1.25920e+04   -6.53169e+04   -9.84297e+04    2.95277e+02
 Pres. DC (bar) Pressure (bar)   Constr. rmsd
   -2.04924e+02    6.61027e+02    1.60510e-06


DD  step 4914999 load imb.: force 30.6%  pme mesh/force 0.455
           Step           Time
        4915000     9830.00000

   Energies (kJ/mol)
           Bond          Angle    Proper Dih. Per. Imp. Dih.          LJ-14
    6.62256e+01    1.76688e+02    2.22401e+02    5.62670e+00    9.15077e+01
     Coulomb-14        LJ (SR)  Disper. corr.   Coulomb (SR)   Coul. recip.
    7.84109e+02    1.52962e+04   -6.37096e+02   -9.48517e+04    4.29655e+02
      Potential    Kinetic En.   Total Energy  Conserved En.    Temperature
   -7.84163e+04    1.27608e+04   -6.56555e+04   -9.84784e+04    2.99235e+02
 Pres. DC (bar) Pressure (bar)   Constr. rmsd
   -2.07048e+02   -7.02910e+01    1.68312e-06


DD  step 4919999 load imb.: force 32.2%  pme mesh/force 0.454
           Step           Time
        4920000     9840.00000

   Energies (kJ/mol)
           Bond          Angle    Proper Dih. Per. Imp. Dih.          LJ-14
    6.89010e+01    2.18963e+02    2.20360e+02    7.81965e+00    9.32529e+01
     Coulomb-14        LJ (SR)  Disper. corr.   Coulomb (SR)   Coul. recip.
    7.78909e+02    1.47499e+04   -6.31073e+02   -9.38193e+04    4.18040e+02
      Potential    Kinetic En.   Total Energy  Conserved En.    Temperature
   -7.78942e+04    1.30898e+04   -6.48044e+04   -9.85032e+04    3.06949e+02
 Pres. DC (bar) Pressure (bar)   Constr. rmsd
   -2.03156e+02   -5.61401e+02    3.71432e-06


DD  step 4924999 load imb.: force 33.5%  pme mesh/force 0.493
           Step           Time
        4925000     9850.00000

   Energies (kJ/mol)
           Bond          Angle    Proper Dih. Per. Imp. Dih.          LJ-14
    6.63231e+01    1.67765e+02    2.12944e+02    6.60511e+00    1.00500e+02
     Coulomb-14        LJ (SR)  Disper. corr.   Coulomb (SR)   Coul. recip.
    7.97750e+02    1.53798e+04   -6.36556e+02   -9.52474e+04    4.12376e+02
      Potential    Kinetic En.   Total Energy  Conserved En.    Temperature
   -7.87399e+04    1.26521e+04   -6.60878e+04   -9.85225e+04    2.96686e+02
 Pres. DC (bar) Pressure (bar)   Constr. rmsd
   -2.06697e+02   -1.67000e+02    2.75185e-06


DD  step 4929999 load imb.: force 33.2%  pme mesh/force 0.453
           Step           Time
        4930000     9860.00000

   Energies (kJ/mol)
           Bond          Angle    Proper Dih. Per. Imp. Dih.          LJ-14
    5.56862e+01    2.10258e+02    2.19513e+02    5.14655e+00    1.16538e+02
     Coulomb-14        LJ (SR)  Disper. corr.   Coulomb (SR)   Coul. recip.
    7.55980e+02    1.46689e+04   -6.43850e+02   -9.37540e+04    3.87729e+02
      Potential    Kinetic En.   Total Energy  Conserved En.    Temperature
   -7.79780e+04    1.28913e+04   -6.50868e+04   -9.85522e+04    3.02294e+02
 Pres. DC (bar) Pressure (bar)   Constr. rmsd
   -2.11456e+02   -1.01685e+02    2.38998e-06


DD  step 4934999 load imb.: force 37.1%  pme mesh/force 0.494
           Step           Time
        4935000     9870.00000

   Energies (kJ/mol)
           Bond          Angle    Proper Dih. Per. Imp. Dih.          LJ-14
    5.16008e+01    2.01923e+02    2.02247e+02    6.62160e+00    1.13410e+02
     Coulomb-14        LJ (SR)  Disper. corr.   Coulomb (SR)   Coul. recip.
    7.92927e+02    1.49308e+04   -6.39476e+02   -9.40196e+04    4.16209e+02
      Potential    Kinetic En.   Total Energy  Conserved En.    Temperature
   -7.79433e+04    1.25904e+04   -6.53529e+04   -9.85730e+04    2.95239e+02
 Pres. DC (bar) Pressure (bar)   Constr. rmsd
   -2.08595e+02    7.29248e+01    2.70124e-06


DD  step 4939999 load imb.: force 29.4%  pme mesh/force 0.405
           Step           Time
        4940000     9880.00000

   Energies (kJ/mol)
           Bond          Angle    Proper Dih. Per. Imp. Dih.          LJ-14
    5.92554e+01    1.78295e+02    2.16552e+02    3.53018e+00    1.09234e+02
     Coulomb-14        LJ (SR)  Disper. corr.   Coulomb (SR)   Coul. recip.
    7.86711e+02    1.53642e+04   -6.39982e+02   -9.49062e+04    3.84926e+02
      Potential    Kinetic En.   Total Energy  Conserved En.    Temperature
   -7.84435e+04    1.25942e+04   -6.58493e+04   -9.86039e+04    2.95328e+02
 Pres. DC (bar) Pressure (bar)   Constr. rmsd
   -2.08925e+02    3.16579e+02    3.54631e-06


DD  step 4944999 load imb.: force 29.4%  pme mesh/force 0.461
           Step           Time
        4945000     9890.00000

   Energies (kJ/mol)
           Bond          Angle    Proper Dih. Per. Imp. Dih.          LJ-14
    4.68569e+01    1.87091e+02    2.05497e+02    4.91408e+00    1.10902e+02
     Coulomb-14        LJ (SR)  Disper. corr.   Coulomb (SR)   Coul. recip.
    7.97591e+02    1.50178e+04   -6.42076e+02   -9.43839e+04    4.32316e+02
      Potential    Kinetic En.   Total Energy  Conserved En.    Temperature
   -7.82230e+04    1.29468e+04   -6.52762e+04   -9.86613e+04    3.03595e+02
 Pres. DC (bar) Pressure (bar)   Constr. rmsd
   -2.10293e+02    1.53925e+02    2.11280e-06


DD  step 4949999 load imb.: force 29.6%  pme mesh/force 0.467
           Step           Time
        4950000     9900.00000

   Energies (kJ/mol)
           Bond          Angle    Proper Dih. Per. Imp. Dih.          LJ-14
    7.69837e+01    1.98488e+02    2.10368e+02    6.79386e+00    1.06425e+02
     Coulomb-14        LJ (SR)  Disper. corr.   Coulomb (SR)   Coul. recip.
    8.14326e+02    1.54454e+04   -6.37978e+02   -9.49713e+04    4.42620e+02
      Potential    Kinetic En.   Total Energy  Conserved En.    Temperature
   -7.83079e+04    1.30091e+04   -6.52987e+04   -9.86630e+04    3.05058e+02
 Pres. DC (bar) Pressure (bar)   Constr. rmsd
   -2.07620e+02    2.15021e+02    9.48754e-06


DD  step 4954999 load imb.: force 30.5%  pme mesh/force 0.443
           Step           Time
        4955000     9910.00000

   Energies (kJ/mol)
           Bond          Angle    Proper Dih. Per. Imp. Dih.          LJ-14
    5.45192e+01    1.94446e+02    2.00347e+02    1.20647e+01    9.93283e+01
     Coulomb-14        LJ (SR)  Disper. corr.   Coulomb (SR)   Coul. recip.
    8.14795e+02    1.51982e+04   -6.36595e+02   -9.46509e+04    4.42073e+02
      Potential    Kinetic En.   Total Energy  Conserved En.    Temperature
   -7.82717e+04    1.25837e+04   -6.56880e+04   -9.86989e+04    2.95081e+02
 Pres. DC (bar) Pressure (bar)   Constr. rmsd
   -2.06722e+02   -5.95195e+01    2.28761e-06


DD  step 4959999 load imb.: force 31.5%  pme mesh/force 0.389
           Step           Time
        4960000     9920.00000

   Energies (kJ/mol)
           Bond          Angle    Proper Dih. Per. Imp. Dih.          LJ-14
    6.41109e+01    2.12741e+02    2.06603e+02    6.21487e+00    9.81442e+01
     Coulomb-14        LJ (SR)  Disper. corr.   Coulomb (SR)   Coul. recip.
    7.70675e+02    1.54951e+04   -6.39660e+02   -9.55800e+04    4.03409e+02
      Potential    Kinetic En.   Total Energy  Conserved En.    Temperature
   -7.89627e+04    1.25972e+04   -6.63655e+04   -9.87185e+04    2.95397e+02
 Pres. DC (bar) Pressure (bar)   Constr. rmsd
   -2.08716e+02    5.90279e+01    2.09442e-06


DD  step 4964999 load imb.: force 36.0%  pme mesh/force 0.405
           Step           Time
        4965000     9930.00000

   Energies (kJ/mol)
           Bond          Angle    Proper Dih. Per. Imp. Dih.          LJ-14
    5.60148e+01    1.26005e+02    2.05075e+02    4.36880e+00    1.13839e+02
     Coulomb-14        LJ (SR)  Disper. corr.   Coulomb (SR)   Coul. recip.
    7.76672e+02    1.51780e+04   -6.39047e+02   -9.46684e+04    4.17817e+02
      Potential    Kinetic En.   Total Energy  Conserved En.    Temperature
   -7.84297e+04    1.27051e+04   -6.57246e+04   -9.87519e+04    2.97928e+02
 Pres. DC (bar) Pressure (bar)   Constr. rmsd
   -2.08316e+02    7.79035e+01    2.58268e-06


DD  step 4969999 load imb.: force 32.7%  pme mesh/force 0.443
           Step           Time
        4970000     9940.00000

   Energies (kJ/mol)
           Bond          Angle    Proper Dih. Per. Imp. Dih.          LJ-14
    6.05197e+01    2.14148e+02    2.13298e+02    6.28655e+00    1.00978e+02
     Coulomb-14        LJ (SR)  Disper. corr.   Coulomb (SR)   Coul. recip.
    8.44665e+02    1.52961e+04   -6.40679e+02   -9.42153e+04    4.07022e+02
      Potential    Kinetic En.   Total Energy  Conserved En.    Temperature
   -7.77130e+04    1.27029e+04   -6.50100e+04   -9.87929e+04    2.97877e+02
 Pres. DC (bar) Pressure (bar)   Constr. rmsd
   -2.09380e+02    5.00070e+02    3.47866e-06


DD  step 4974999 load imb.: force 27.2%  pme mesh/force 0.525
           Step           Time
        4975000     9950.00000

   Energies (kJ/mol)
           Bond          Angle    Proper Dih. Per. Imp. Dih.          LJ-14
    7.96623e+01    1.83204e+02    2.34601e+02    7.46864e+00    1.14090e+02
     Coulomb-14        LJ (SR)  Disper. corr.   Coulomb (SR)   Coul. recip.
    8.02088e+02    1.51358e+04   -6.42172e+02   -9.42380e+04    4.17098e+02
      Potential    Kinetic En.   Total Energy  Conserved En.    Temperature
   -7.79061e+04    1.31443e+04   -6.47618e+04   -9.88134e+04    3.08228e+02
 Pres. DC (bar) Pressure (bar)   Constr. rmsd
   -2.10356e+02    3.56005e+02    3.42557e-06


DD  step 4979999 load imb.: force 33.9%  pme mesh/force 0.442
           Step           Time
        4980000     9960.00000

   Energies (kJ/mol)
           Bond          Angle    Proper Dih. Per. Imp. Dih.          LJ-14
    9.26116e+01    1.89674e+02    2.38645e+02    7.92178e+00    1.04458e+02
     Coulomb-14        LJ (SR)  Disper. corr.   Coulomb (SR)   Coul. recip.
    8.07308e+02    1.49035e+04   -6.41244e+02   -9.42085e+04    4.39010e+02
      Potential    Kinetic En.   Total Energy  Conserved En.    Temperature
   -7.80666e+04    1.28024e+04   -6.52642e+04   -9.88396e+04    3.00210e+02
 Pres. DC (bar) Pressure (bar)   Constr. rmsd
   -2.09749e+02   -2.13050e+02    2.63001e-06


DD  step 4984999 load imb.: force 27.8%  pme mesh/force 0.461
           Step           Time
        4985000     9970.00000

   Energies (kJ/mol)
           Bond          Angle    Proper Dih. Per. Imp. Dih.          LJ-14
    5.50546e+01    2.02570e+02    2.00344e+02    6.16448e+00    1.04606e+02
     Coulomb-14        LJ (SR)  Disper. corr.   Coulomb (SR)   Coul. recip.
    8.03629e+02    1.55592e+04   -6.35925e+02   -9.52501e+04    4.08410e+02
      Potential    Kinetic En.   Total Energy  Conserved En.    Temperature
   -7.85461e+04    1.29092e+04   -6.56369e+04   -9.88756e+04    3.02714e+02
 Pres. DC (bar) Pressure (bar)   Constr. rmsd
   -2.06288e+02    3.44894e+02    2.19929e-06


DD  step 4989999 load imb.: force 33.1%  pme mesh/force 0.363
           Step           Time
        4990000     9980.00000

   Energies (kJ/mol)
           Bond          Angle    Proper Dih. Per. Imp. Dih.          LJ-14
    8.35647e+01    1.68171e+02    2.16723e+02    1.67560e+01    1.17246e+02
     Coulomb-14        LJ (SR)  Disper. corr.   Coulomb (SR)   Coul. recip.
    8.05091e+02    1.51846e+04   -6.41758e+02   -9.41785e+04    4.21144e+02
      Potential    Kinetic En.   Total Energy  Conserved En.    Temperature
   -7.78069e+04    1.27456e+04   -6.50613e+04   -9.89096e+04    2.98878e+02
 Pres. DC (bar) Pressure (bar)   Constr. rmsd
   -2.10085e+02    3.56905e+02    2.39454e-06


DD  step 4994999 load imb.: force 26.9%  pme mesh/force 0.834
           Step           Time
        4995000     9990.00000

   Energies (kJ/mol)
           Bond          Angle    Proper Dih. Per. Imp. Dih.          LJ-14
    4.87032e+01    1.78237e+02    2.13813e+02    8.12734e+00    1.03436e+02
     Coulomb-14        LJ (SR)  Disper. corr.   Coulomb (SR)   Coul. recip.
    8.05518e+02    1.56037e+04   -6.37018e+02   -9.50449e+04    3.94082e+02
      Potential    Kinetic En.   Total Energy  Conserved En.    Temperature
   -7.83264e+04    1.28066e+04   -6.55197e+04   -9.89285e+04    3.00309e+02
 Pres. DC (bar) Pressure (bar)   Constr. rmsd
   -2.06997e+02    3.78241e+02    2.22012e-06


DD  step 4999999 load imb.: force 34.7%  pme mesh/force 0.377
           Step           Time
        5000000    10000.00000

Writing checkpoint, step 5000000 at Fri Jul 24 11:40:26 2026


   Energies (kJ/mol)
           Bond          Angle    Proper Dih. Per. Imp. Dih.          LJ-14
    4.91469e+01    1.66531e+02    2.08542e+02    1.70885e+01    9.73732e+01
     Coulomb-14        LJ (SR)  Disper. corr.   Coulomb (SR)   Coul. recip.
    7.83082e+02    1.51095e+04   -6.37429e+02   -9.45565e+04    4.05711e+02
      Potential    Kinetic En.   Total Energy  Conserved En.    Temperature
   -7.83569e+04    1.27341e+04   -6.56228e+04   -9.89605e+04    2.98607e+02
 Pres. DC (bar) Pressure (bar)   Constr. rmsd
   -2.07264e+02   -7.78054e+01    2.62630e-06


Energy conservation over simulation part #1 of length 10000 ps, time 0 to 10000 ps
  Conserved energy drift: -6.43e-04 kJ/mol/ps per atom


	<======  ###############  ==>
	<====  A V E R A G E S  ====>
	<==  ###############  ======>

	Statistics over 5000001 steps using 50001 frames

   Energies (kJ/mol)
           Bond          Angle    Proper Dih. Per. Imp. Dih.          LJ-14
    7.03282e+01    1.90334e+02    2.05361e+02    8.98901e+00    1.02606e+02
     Coulomb-14        LJ (SR)  Disper. corr.   Coulomb (SR)   Coul. recip.
    8.14001e+02    1.51394e+04   -6.39927e+02   -9.46153e+04    4.12045e+02
      Potential    Kinetic En.   Total Energy  Conserved En.    Temperature
   -7.83121e+04    1.27931e+04   -6.55191e+04   -8.25316e+04    2.99991e+02
 Pres. DC (bar) Pressure (bar)   Constr. rmsd
   -2.08896e+02    2.95464e+00    0.00000e+00

          Box-X          Box-Y          Box-Z
    3.70678e+00    3.70678e+00    3.70678e+00

   Total Virial (kJ/mol)
    4.26265e+03    4.14703e+00   -6.76210e-01
    4.14645e+00    4.25865e+03   -5.57295e-01
   -6.72846e-01   -5.54976e-01    4.26082e+03

   Pressure (bar)
    1.13747e+00   -2.65625e+00    2.00135e-01
   -2.65588e+00    4.64732e+00    2.51840e-01
    1.97940e-01    2.50327e-01    3.07912e+00

      T-Protein  T-non-Protein
    3.00224e+02    2.99985e+02


	M E G A - F L O P S   A C C O U N T I N G

 NB=Group-cutoff nonbonded kernels    NxN=N-by-N cluster Verlet kernels
 RF=Reaction-Field  VdW=Van der Waals  QSTab=quadratic-spline table
 W3=SPC/TIP3p  W4=TIP4p (single or pairs)
 V&F=Potential and force  V=Potential only  F=Force only

 Computing:                               M-Number         M-Flops  % Flops
-----------------------------------------------------------------------------
 Pair Search distance check          245165.833892     2206492.505     0.2
 NxN Ewald Elec. + LJ [F]           8384503.939216   553377259.988    49.7
 NxN Ewald Elec. + LJ [V&F]           84694.776032     9062341.035     0.8
 NxN Ewald Elec. [F]                7794782.035312   475481704.154    42.7
 NxN Ewald Elec. [V&F]                78737.798240     6613975.052     0.6
 1,4 nonbonded interactions            1300.000260      117000.023     0.0
 Calc Weights                         76605.015321     2757780.552     0.2
 Spread Q Bspline                   1634240.326848     3268480.654     0.3
 Gather F Bspline                   1634240.326848     9805441.961     0.9
 3D-FFT                             4915190.983038    39321527.864     3.5
 Solve PME                            87040.017408     5570561.114     0.5
 Reset In Box                           510.689786        1532.069     0.0
 CG-CoM                                 510.705107        1532.115     0.0
 Bonds                                  235.000047       13865.003     0.0
 Angles                                 935.000187      157080.031     0.0
 Propers                               1365.000273      312585.063     0.0
 Impropers                               90.000018       18720.004     0.0
 Virial                               15467.506187      278415.111     0.0
 Stop-CM                                255.355107        2553.551     0.0
 Calc-Ekin                            25535.010214      689445.276     0.1
 Lincs                                  280.000056       16800.003     0.0
 Lincs-Mat                             1980.000396        7920.002     0.0
 Constraint-V                         25580.005116      230220.046     0.0
 Constraint-Vir                       12650.005060      303600.121     0.0
 Settle                                8340.001668     3085800.617     0.3
-----------------------------------------------------------------------------
 Total                                              1112702633.916   100.0
-----------------------------------------------------------------------------


    D O M A I N   D E C O M P O S I T I O N   S T A T I S T I C S

 av. #atoms communicated per step for force:  2 x 27335.7


Dynamic load balancing report:
 DLB got disabled because it was unsuitable to use.
 Average load imbalance: 29.6%.
 The balanceable part of the MD step is 56%, load imbalance is computed from this.
 Part of the total run time spent waiting due to load imbalance: 16.5%.
 Average PME mesh/force load: 0.478
 Part of the total run time spent waiting due to PP/PME imbalance: 10.8 %

NOTE: 16.5 % of the available CPU time was lost due to load imbalance
      in the domain decomposition.
      You can consider manually changing the decomposition (option -dd);
      e.g. by using fewer domains along the box dimension in which there is
      considerable inhomogeneity in the simulated system.
NOTE: 10.8 % performance was lost because the PME ranks
      had less work to do than the PP ranks.
      You might want to decrease the number of PME ranks
      or decrease the cut-off and the grid spacing.


      R E A L   C Y C L E   A N D   T I M E   A C C O U N T I N G

On 24 MPI ranks doing PP, and
on 8 MPI ranks doing PME

 Activity:              Num   Num      Call    Wall time         Giga-Cycles
                        Ranks Threads  Count      (s)         total sum    %
--------------------------------------------------------------------------------
 Domain decomp.           24    1     100000      17.226       1317.631   0.7
 DD comm. load            24    1       1396       0.010          0.777   0.0
 DD comm. bounds          24    1        397       0.018          1.348   0.0
 Send X to PME            24    1    5000001      26.967       2062.780   1.1
 Neighbor search          24    1     100001      28.703       2195.523   1.2
 Comm. coord.             24    1    4900000     158.306      12109.129   6.6
 Force                    24    1    5000001     826.696      63235.636  34.7
 Wait + Comm. F           24    1    5000001     547.188      41855.513  22.9
 PME mesh *                8    1    5000001     687.217      17522.197   9.6
 PME wait for PP *                              1101.122      28075.663  15.4
 Wait + Recv. PME F       24    1    5000001      42.111       3221.116   1.8
 NB X/F buffer ops.       24    1   14900002      22.147       1694.073   0.9
 Write traj.              24    1       5002       0.317         24.272   0.0
 Update                   24    1    5000001       4.353        332.958   0.2
 Constraints              24    1    5000001       9.839        752.607   0.4
 Kinetic energy           24    1    5000001       5.645        431.803   0.2
 Comm. energies           24    1    2500001      87.391       6684.721   3.7
 Rest                                             11.422        873.686   0.5
--------------------------------------------------------------------------------
 Total                                          1788.339     182391.431 100.0
--------------------------------------------------------------------------------
(*) Note that with separate PME ranks, the walltime column actually sums to
    twice the total reported, but the cycle count total and % are correct.
--------------------------------------------------------------------------------
 Breakdown of PME mesh activities
--------------------------------------------------------------------------------
 PME redist. X/F           8    1   10000002     204.424       5212.269   2.9
 PME spread                8    1    5000001     145.954       3721.430   2.0
 PME gather                8    1    5000001     116.495       2970.315   1.6
 PME 3D-FFT                8    1   10000002     118.808       3029.288   1.7
 PME 3D-FFT Comm.          8    1   20000004      51.049       1301.602   0.7
 PME solve Elec            8    1    5000001      48.622       1239.723   0.7
--------------------------------------------------------------------------------
 Note that the cycle count and % columns are weighted by the number of ranks,
 while walltimes are not. Hence, with separate PME ranks, the fraction of each
 activity's walltime does not correspond to the cycle %.
--------------------------------------------------------------------------------

               Core t (s)   Wall t (s)        (%)
       Time:    57226.829     1788.339     3200.0
                 (ns/day)    (hour/ns)
Performance:      483.130        0.050
Finished mdrun on rank 0 Fri Jul 24 11:40:27 2026

