                :-) GROMACS - gmx mdrun, 2025.4-conda_forge (-:

Copyright 1991-2025 The GROMACS Authors.
GROMACS is free software; you can redistribute it and/or modify it
under the terms of the GNU Lesser General Public License
as published by the Free Software Foundation; either version 2.1
of the License, or (at your option) any later version.

                         Current GROMACS contributors:
       Mark Abraham           Andrey Alekseenko           Brian Andrews       
      Vladimir Basov              Paul Bauer                Hugh Bird         
      Eliane Briand               Ania Brown              Mahesh Doijade      
      Giacomo Fiorin          Stefan Fleischmann          Sergey Gorelov      
   Gilles Gouaillardet            Alan Gray              M. Eric Irrgang      
   Farzaneh Jalalypour         Petter Johansson          Carsten Kutzner      
    Grzegorz Łazarski         Justin A. Lemkul          Magnus Lundborg      
       Pascal Merz             Vedran Miletić            Dmitry Morozov      
     Lukas Müllender            Julien Nabet             Szilárd Páll      
 Andrea Pasquadibisceglie     Michele Pellegrino         Nicola Piasentin     
     Daniele Rapetti         Muhammad Umair Sadiq         Hubert Santuz       
      Roland Schulz             Michael Shirts           Tatiana Shugaeva     
     Alexey Shvetsov            Philip Turner            Alessandra Villa     
 Sebastian Wingbermühle  

                         Previous GROMACS contributors:
        Emile Apol             Rossen Apostolov           James Barnett       
  Herman J.C. Berendsen         Cathrine Bergh             Par Bjelkmar       
      Christian Blau          Viacheslav Bolnykh            Kevin Boyd        
    Aldert van Buuren          Carlo Camilloni           Rudi van Drunen      
      Anton Feenstra           Oliver Fleetwood            Vytas Gapsys       
       Gaurav Garg             Gerrit Groenhof            Bert de Groot       
      Anca Hamuraru           Vincent Hindriksen          Victor Holanda      
     Aleksei Iupinov              Joe Jordan            Christoph Junghans    
    Prashanth Kanduri        Dimitrios Karkoulis           Peter Kasson       
      Sebastian Kehl           Sebastian Keller             Jiri Kraus        
       Per Larsson              Viveca Lindahl            Erik Marklund       
    Pieter Meulenhoff           Teemu Murtola              Sander Pronk       
      Alfons Sijbers            Balint Soproni         David van der Spoel    
      Peter Tieleman            Carsten Uphoff             Jon Vincent        
     Teemu Virolainen         Christian Wennberg           Maarten Wolf       
      Artem Zhmurov       

                  Coordinated by the GROMACS project leaders:
                           Berk Hess and Erik Lindahl

GROMACS:      gmx mdrun, version 2025.4-conda_forge
Executable:   /home/lafayette/miniconda3/envs/MD/bin.AVX2_256/gmx
Data prefix:  /home/lafayette/miniconda3/envs/MD
Working dir:  /home/lafayette/Escritorio/PeptideCrowding/MD_LonePeptide
Process ID:   1486665
Command line:
  gmx -nobackup -nocopyright mdrun -o /home/lafayette/Escritorio/PeptideCrowding/MD_LonePeptide/sandbox_debb3c49-f7ae-47fd-83cd-36d0182e69a9/peptide_nvt.trr -s /home/lafayette/Escritorio/PeptideCrowding/MD_LonePeptide/sandbox_debb3c49-f7ae-47fd-83cd-36d0182e69a9/peptide_gppnvt.tpr -c /home/lafayette/Escritorio/PeptideCrowding/MD_LonePeptide/sandbox_debb3c49-f7ae-47fd-83cd-36d0182e69a9/peptide_nvt.gro -e /home/lafayette/Escritorio/PeptideCrowding/MD_LonePeptide/sandbox_debb3c49-f7ae-47fd-83cd-36d0182e69a9/peptide_nvt.edr -g /home/lafayette/Escritorio/PeptideCrowding/MD_LonePeptide/sandbox_debb3c49-f7ae-47fd-83cd-36d0182e69a9/peptide_nvt.log -cpo /home/lafayette/Escritorio/PeptideCrowding/MD_LonePeptide/sandbox_debb3c49-f7ae-47fd-83cd-36d0182e69a9/peptide_nvt.cpt

GROMACS version:     2025.4-conda_forge
Precision:           mixed
Memory model:        64 bit
MPI library:         thread_mpi
OpenMP support:      enabled (GMX_OPENMP_MAX_THREADS = 128)
GPU support:         OpenCL
NBNxM GPU setup:     super-cluster 2x2x2 / cluster 8 (cluster-pair splitting on)
SIMD instructions:   AVX2_256
CPU FFT library:     fftw-3.3.11-sse2-avx
GPU FFT library:     clFFT
Multi-GPU FFT:       none
RDTSCP usage:        disabled
TNG support:         enabled
Hwloc support:       disabled
Tracing support:     disabled
C compiler:          /home/conda/feedstock_root/build_artifacts/gromacs_1764344590343/_build_env/bin/x86_64-conda-linux-gnu-cc GNU 14.3.0
C compiler flags:    -fexcess-precision=fast -funroll-all-loops -mavx2 -mfma -Wno-missing-field-initializers -O3 -DNDEBUG
C++ compiler:        /home/conda/feedstock_root/build_artifacts/gromacs_1764344590343/_build_env/bin/x86_64-conda-linux-gnu-c++ GNU 14.3.0
C++ compiler flags:  -fexcess-precision=fast -funroll-all-loops -mavx2 -mfma -Wno-missing-field-initializers -Wno-cast-function-type-strict SHELL:-fopenmp -O3 -DNDEBUG
BLAS library:        Internal
LAPACK library:      Internal
OpenCL include dir:  /home/lafayette/miniconda3/envs/MD/include
OpenCL library:      /home/lafayette/miniconda3/envs/MD/lib/libOpenCL.so
OpenCL version:      3.0


Running on 1 node with total 24 cores, 32 processing units (GPU detection failed: No valid OpenCL driver found)
Hardware detected on host step:
  CPU info:
    Vendor: Intel
    Brand:  Intel(R) Core(TM) i9-14900KF
    Family: 6   Model: 183   Stepping: 1
    Features: aes apic avx avx2 clfsh cmov cx8 cx16 f16c fma htt intel lahf mmx msr nonstop_tsc pcid pclmuldq pdcm pdpe1gb popcnt pse rdrnd rdtscp sha sse2 sse3 sse4.1 sse4.2 ssse3 tdt x2apic
  Hardware topology: Basic
    Packages, cores, and logical processors:
    [indices refer to OS logical processors]
      Package  0: [   0   1] [   2   3] [   4   5] [   6   7] [   8   9] [  10  11] [  12  13] [  14  15] [  16] [  17] [  18] [  19] [  20] [  21] [  22] [  23] [  24] [  25] [  26] [  27] [  28] [  29] [  30] [  31]
    CPU limit set by OS: -1   Recommended max number of threads: 32

The current CPU can measure timings more accurately than the code in
gmx mdrun was configured to use. This might affect your simulation
speed as accurate timings are needed for load-balancing.
Please consider rebuilding gmx mdrun with the GMX_USE_RDTSCP=ON CMake option.

++++ PLEASE READ AND CITE THE FOLLOWING REFERENCE ++++
M. J. Abraham, T. Murtola, R. Schulz, S. Páll, J. C. Smith, B. Hess, E.
Lindahl
GROMACS: High performance molecular simulations through multi-level
parallelism from laptops to supercomputers
SoftwareX (2015)
DOI: 10.1016/j.softx.2015.06.001
-------- -------- --- Thank You --- -------- --------


++++ PLEASE READ AND CITE THE FOLLOWING REFERENCE ++++
S. Páll, M. J. Abraham, C. Kutzner, B. Hess, E. Lindahl
Tackling Exascale Software Challenges in Molecular Dynamics Simulations with
GROMACS
In S. Markidis & E. Laure (Eds.), Solving Software Challenges for Exascale (2015)
DOI: 10.1007/978-3-319-15976-8_1
-------- -------- --- Thank You --- -------- --------


++++ PLEASE READ AND CITE THE FOLLOWING REFERENCE ++++
S. Pronk, S. Páll, R. Schulz, P. Larsson, P. Bjelkmar, R. Apostolov, M. R.
Shirts, J. C. Smith, P. M. Kasson, D. van der Spoel, B. Hess, E. Lindahl
GROMACS 4.5: a high-throughput and highly parallel open source molecular
simulation toolkit
Bioinformatics (2013)
DOI: 10.1093/bioinformatics/btt055
-------- -------- --- Thank You --- -------- --------


++++ PLEASE READ AND CITE THE FOLLOWING REFERENCE ++++
B. Hess, C. Kutzner, D. van der Spoel, E. Lindahl
GROMACS 4: Algorithms for highly efficient, load-balanced, and scalable
molecular simulation
J. Chem. Theory Comput. (2008)
DOI: 10.1021/ct700301q
-------- -------- --- Thank You --- -------- --------


++++ PLEASE READ AND CITE THE FOLLOWING REFERENCE ++++
D. van der Spoel, E. Lindahl, B. Hess, G. Groenhof, A. E. Mark, H. J. C.
Berendsen
GROMACS: Fast, Flexible and Free
J. Comp. Chem. (2005)
DOI: 10.1002/jcc.20291
-------- -------- --- Thank You --- -------- --------


++++ PLEASE READ AND CITE THE FOLLOWING REFERENCE ++++
E. Lindahl, B. Hess, D. van der Spoel
GROMACS 3.0: A package for molecular simulation and trajectory analysis
J. Mol. Mod. (2001)
DOI: 10.1007/s008940100045
-------- -------- --- Thank You --- -------- --------


++++ PLEASE READ AND CITE THE FOLLOWING REFERENCE ++++
H. J. C. Berendsen, D. van der Spoel and R. van Drunen
GROMACS: A message-passing parallel molecular dynamics implementation
Comp. Phys. Comm. (1995)
DOI: 10.1016/0010-4655(95)00042-E
-------- -------- --- Thank You --- -------- --------

Input Parameters:
   integrator                     = md
   tinit                          = 0
   dt                             = 0.002
   nsteps                         = 50000
   init-step                      = 0
   simulation-part                = 1
   mts                            = false
   mass-repartition-factor        = 1
   comm-mode                      = Linear
   nstcomm                        = 100
   bd-fric                        = 0
   ld-seed                        = 1067439423
   emtol                          = 10
   emstep                         = 0.01
   niter                          = 20
   fcstep                         = 0
   nstcgsteep                     = 1000
   nbfgscorr                      = 10
   rtpi                           = 0.05
   nstxout                        = 500
   nstvout                        = 500
   nstfout                        = 0
   nstlog                         = 500
   nstcalcenergy                  = 100
   nstenergy                      = 500
   nstxout-compressed             = 1000
   compressed-x-precision         = 1000
   cutoff-scheme                  = Verlet
   nstlist                        = 10
   pbc                            = xyz
   periodic-molecules             = false
   verlet-buffer-tolerance        = 0.005
   verlet-buffer-pressure-tolerance = 0.5
   rlist                          = 1
   coulombtype                    = PME
   coulomb-modifier               = Potential-shift
   rcoulomb-switch                = 0
   rcoulomb                       = 1
   epsilon-r                      = 1
   epsilon-rf                     = inf
   vdw-type                       = Cut-off
   vdw-modifier                   = Potential-shift
   rvdw-switch                    = 0
   rvdw                           = 1
   DispCorr                       = EnerPres
   table-extension                = 1
   fourierspacing                 = 0.12
   fourier-nx                     = 32
   fourier-ny                     = 32
   fourier-nz                     = 32
   pme-order                      = 4
   ewald-rtol                     = 1e-05
   ewald-rtol-lj                  = 0.001
   lj-pme-comb-rule               = Geometric
   ewald-geometry                 = 3d
   epsilon-surface                = 0
   ensemble-temperature-setting   = constant
   ensemble-temperature           = 300
   tcoupl                         = V-rescale
   nsttcouple                     = 10
   nh-chain-length                = 0
   print-nose-hoover-chain-variables = false
   pcoupl                         = No
   refcoord-scaling               = No
   posres-com: not available
   posres-comB: not available
   QMMM                           = false
qm-opts:
   ngQM                           = 0
   constraint-algorithm           = Lincs
   continuation                   = false
   Shake-SOR                      = false
   shake-tol                      = 0.0001
   lincs-order                    = 4
   lincs-iter                     = 1
   lincs-warnangle                = 30
   nwall                          = 0
   wall-type                      = 9-3
   wall-r-linpot                  = -1
   wall-atomtype[0]               = -1
   wall-atomtype[1]               = -1
   wall-density[0]                = 0
   wall-density[1]                = 0
   wall-ewald-zfac                = 3
   pull                           = false
   awh                            = false
   rotation                       = false
   interactiveMD                  = false
   disre                          = No
   disre-weighting                = Conservative
   disre-mixed                    = false
   dr-fc                          = 1000
   dr-tau                         = 0
   nstdisreout                    = 100
   orire-fc                       = 0
   orire-tau                      = 0
   nstorireout                    = 100
   free-energy                    = no
   cos-acceleration               = 0
   deform (3x3):
      deform[    0]={ 0.00000e+00,  0.00000e+00,  0.00000e+00}
      deform[    1]={ 0.00000e+00,  0.00000e+00,  0.00000e+00}
      deform[    2]={ 0.00000e+00,  0.00000e+00,  0.00000e+00}
   simulated-tempering            = false
   swapcoords                     = no
   userint1                       = 0
   userint2                       = 0
   userint3                       = 0
   userint4                       = 0
   userreal1                      = 0
   userreal2                      = 0
   userreal3                      = 0
   userreal4                      = 0
   applied-forces:
     electric-field:
       x:
         E0                       = 0
         omega                    = 0
         t0                       = 0
         sigma                    = 0
       y:
         E0                       = 0
         omega                    = 0
         t0                       = 0
         sigma                    = 0
       z:
         E0                       = 0
         omega                    = 0
         t0                       = 0
         sigma                    = 0
     density-guided-simulation:
       active                     = false
       group                      = protein
       similarity-measure         = inner-product
       atom-spreading-weight      = unity
       force-constant             = 1e+09
       gaussian-transform-spreading-width = 0.2
       gaussian-transform-spreading-range-in-multiples-of-width = 4
       reference-density-filename = reference.mrc
       nst                        = 1
       normalize-densities        = true
       adaptive-force-scaling     = false
       adaptive-force-scaling-time-constant = 4
       shift-vector               = 
       transformation-matrix      = 
     qmmm-cp2k:
       active                     = false
       qmgroup                    = System
       qmmethod                   = PBE
       qmfilenames                = 
       qmcharge                   = 0
       qmmultiplicity             = 1
     colvars:
       active                     = false
       configfile                 = 
       seed                       = -1
     nnpot:
       active                     = false
       modelfile                  = model.pt
       input-group                = System
       model-input1               = 
       model-input2               = 
       model-input3               = 
       model-input4               = 
grpopts:
   nrdf:     252.926     10005.1
   ref-t:         300         300
   tau-t:         0.1         0.1
annealing:          No          No
annealing-npoints:           0           0
   acc:	           0           0           0
   nfreeze:           N           N           N
   energygrp-flags[  0]: 0

Changing nstlist from 10 to 50, rlist from 1 to 1.114


Initializing Domain Decomposition on 32 ranks
Dynamic load balancing: auto
Using update groups, nr 1715, average size 3.0 atoms, max. radius 0.104 nm
Minimum cell size due to atom displacement: 0.383 nm
Initial maximum distances in bonded interactions:
    two-body bonded interactions: 0.393 nm, LJ-14, atoms 30 40
  multi-body bonded interactions: 0.393 nm, Proper Dih., atoms 40 30
Minimum cell size due to bonded interactions: 0.433 nm
Scaling the initial minimum size with 1/0.8 (option -dds) = 1.25
Guess for relative PME load: 0.22
Will use 24 particle-particle and 8 PME only ranks
This is a guess, check the performance at the end of the log file
Using 8 separate PME ranks, as guessed by mdrun
Optimizing the DD grid for 24 cells with a minimum initial size of 0.541 nm
The maximum allowed number of cells is: X 7 Y 7 Z 7
Domain decomposition grid 4 x 6 x 1, separate PME ranks 8
PME domain decomposition: 4 x 2 x 1
Interleaving PP and PME ranks
This rank does only particle-particle work.
Domain decomposition rank 0, coordinates 0 0 0

The initial number of communication pulses is: X 2 Y 3
The initial domain decomposition cell size is: X 0.96 nm Y 0.64 nm

The maximum allowed distance for atom groups involved in interactions is:
                 non-bonded interactions           1.322 nm
            two-body bonded interactions  (-rdd)   1.322 nm
          multi-body bonded interactions  (-rdd)   0.640 nm

When dynamic load balancing gets turned on, these settings will change to:
The maximum number of communication pulses is: X 3 Y 3
The minimum size for domain decomposition cells is 0.512 nm
The requested allowed shrink of DD cells (option -dds) is: 0.80
The allowed shrink of domain decomposition cells is: X 0.53 Y 0.80
The maximum allowed distance for atom groups involved in interactions is:
                 non-bonded interactions           1.322 nm
            two-body bonded interactions  (-rdd)   1.322 nm
          multi-body bonded interactions  (-rdd)   0.512 nm

Local state does not use filler particles

Using 32 MPI threads
Using 1 OpenMP thread per tMPI thread

System total charge: -0.000
Will do PME sum in reciprocal space for electrostatic interactions.

++++ PLEASE READ AND CITE THE FOLLOWING REFERENCE ++++
U. Essmann, L. Perera, M. L. Berkowitz, T. Darden, H. Lee, L. G. Pedersen 
A smooth particle mesh Ewald method
J. Chem. Phys. (1995)
DOI: 10.1063/1.470117
-------- -------- --- Thank You --- -------- --------

Using a Gaussian width (1/beta) of 0.320163 nm for Ewald
Potential shift: LJ r^-12: -1.000e+00 r^-6: -1.000e+00, Ewald -1.000e-05
Initialized non-bonded Coulomb Ewald tables, spacing: 9.33e-04 size: 1073

Generated table with 1056 data points for 1-4 COUL.
Tabscale = 500 points/nm
Generated table with 1056 data points for 1-4 LJ6.
Tabscale = 500 points/nm
Generated table with 1056 data points for 1-4 LJ12.
Tabscale = 500 points/nm
Long Range LJ corr.: <C6> 2.9868e-04


Using SIMD4xM 4x8 nonbonded short-range kernels

Using a dual 4x8 pair-list setup updated with dynamic pruning:
  outer list: updated every 50 steps, buffer 0.114 nm, rlist 1.114 nm
  inner list: updated every 10 steps, buffer 0.000 nm, rlist 1.000 nm
At tolerance 0.005 kJ/mol/ps per atom, equivalent classical 1x1 list would be:
  outer list: updated every 50 steps, buffer 0.243 nm, rlist 1.243 nm
  inner list: updated every 10 steps, buffer 0.035 nm, rlist 1.035 nm

The average pressure is off by at most 0.33 bar due to missing LJ interactions

Using Lorentz-Berthelot Lennard-Jones combination rule
Removing pbc first time

Linking all bonded interactions to atoms


Pinning threads with an auto-selected logical cpu stride of 1

Initializing LINear Constraint Solver

++++ PLEASE READ AND CITE THE FOLLOWING REFERENCE ++++
B. Hess, H. Bekker, H. J. C. Berendsen, J. G. E. M. Fraaije
LINCS: A Linear Constraint Solver for molecular simulations
J. Comp. Chem. (1997)
DOI: 10.1002/(sici)1096-987x(199709)18:12<1463::aid-jcc4>3.0.co;2-h
-------- -------- --- Thank You --- -------- --------

The number of constraints is 56

++++ PLEASE READ AND CITE THE FOLLOWING REFERENCE ++++
S. Miyamoto, P. A. Kollman
SETTLE: An Analytical Version of the SHAKE and RATTLE Algorithms for Rigid
Water Models
J. Comp. Chem. (1992)
DOI: 10.1002/jcc.540130805
-------- -------- --- Thank You --- -------- --------

Intra-simulation communication will occur every 10 steps.

++++ PLEASE READ AND CITE THE FOLLOWING REFERENCE ++++
G. Bussi, D. Donadio, M. Parrinello
Canonical sampling through velocity rescaling
J. Chem. Phys. (2007)
DOI: 10.1063/1.2408420
-------- -------- --- Thank You --- -------- --------

There are: 5107 Atoms
Atom distribution over 24 domains: av 212 stddev 28 min 159 max 258

Constraining the starting coordinates (step 0)

Constraining the coordinates at t0-dt (step 0)
Center of mass motion removal mode is Linear
We have the following groups for center of mass motion removal:
  0:  rest
RMS relative constraint deviation after constraining: 1.99e-06
Initial temperature: 302.429 K

Started mdrun on rank 0 Fri Jul 24 11:05:15 2026

           Step           Time
              0        0.00000

   Energies (kJ/mol)
           Bond          Angle    Proper Dih. Per. Imp. Dih.          LJ-14
    7.77637e+00    2.69489e+01    1.74385e+02    1.42117e+00    9.54119e+01
     Coulomb-14        LJ (SR)  Disper. corr.   Coulomb (SR)   Coul. recip.
    8.10692e+02    1.09187e+04   -5.75856e+02   -9.57260e+04    3.83085e+02
 Position Rest.      Potential    Kinetic En.   Total Energy  Conserved En.
    2.67525e-05   -8.38834e+04    1.28988e+04   -7.09846e+04   -7.09846e+04
    Temperature Pres. DC (bar) Pressure (bar)   Constr. rmsd
    3.02470e+02   -1.69199e+02   -7.50272e+03    2.06722e-06


DD  step 49 load imb.: force 40.5%  pme mesh/force 0.492

step 100 Turning on dynamic load balancing, because the performance loss due to load imbalance is 25.0 %.

DD  step 499  vol min/aver 0.733  load imb.: force 11.5%  pme mesh/force 0.625
           Step           Time
            500        1.00000

   Energies (kJ/mol)
           Bond          Angle    Proper Dih. Per. Imp. Dih.          LJ-14
    6.63817e+01    1.87559e+02    2.01110e+02    1.18772e+01    9.83487e+01
     Coulomb-14        LJ (SR)  Disper. corr.   Coulomb (SR)   Coul. recip.
    7.53123e+02    1.36107e+04   -5.75856e+02   -9.05549e+04    4.88467e+02
 Position Rest.      Potential    Kinetic En.   Total Energy  Conserved En.
    3.13124e+01   -7.56819e+04    1.28149e+04   -6.28669e+04   -7.08746e+04
    Temperature Pres. DC (bar) Pressure (bar)   Constr. rmsd
    3.00504e+02   -1.69199e+02   -1.78440e+03    3.52423e-06


DD  load balancing is limited by minimum cell size in dimension Y
DD  step 999  vol min/aver 0.681! load imb.: force  6.3%  pme mesh/force 0.618
           Step           Time
           1000        2.00000

   Energies (kJ/mol)
           Bond          Angle    Proper Dih. Per. Imp. Dih.          LJ-14
    6.33182e+01    1.55018e+02    1.94818e+02    1.04874e+01    8.32377e+01
     Coulomb-14        LJ (SR)  Disper. corr.   Coulomb (SR)   Coul. recip.
    7.85678e+02    1.38928e+04   -5.75856e+02   -9.16096e+04    4.78730e+02
 Position Rest.      Potential    Kinetic En.   Total Energy  Conserved En.
    2.92487e+01   -7.64922e+04    1.24608e+04   -6.40314e+04   -7.08723e+04
    Temperature Pres. DC (bar) Pressure (bar)   Constr. rmsd
    2.92199e+02   -1.69199e+02   -1.89425e+03    2.92297e-06


DD  step 1499  vol min/aver 0.675  load imb.: force  8.1%  pme mesh/force 0.496
           Step           Time
           1500        3.00000

   Energies (kJ/mol)
           Bond          Angle    Proper Dih. Per. Imp. Dih.          LJ-14
    5.26254e+01    1.68915e+02    2.02355e+02    9.36014e+00    9.71133e+01
     Coulomb-14        LJ (SR)  Disper. corr.   Coulomb (SR)   Coul. recip.
    8.01697e+02    1.42578e+04   -5.75856e+02   -9.21265e+04    4.64682e+02
 Position Rest.      Potential    Kinetic En.   Total Energy  Conserved En.
    2.92199e+01   -7.66186e+04    1.27405e+04   -6.38781e+04   -7.08664e+04
    Temperature Pres. DC (bar) Pressure (bar)   Constr. rmsd
    2.98759e+02   -1.69199e+02   -1.38776e+03    2.26161e-06


DD  step 1999  vol min/aver 0.675  load imb.: force 19.1%  pme mesh/force 0.530
           Step           Time
           2000        4.00000

   Energies (kJ/mol)
           Bond          Angle    Proper Dih. Per. Imp. Dih.          LJ-14
    6.68942e+01    1.99206e+02    2.08995e+02    9.21409e+00    1.01932e+02
     Coulomb-14        LJ (SR)  Disper. corr.   Coulomb (SR)   Coul. recip.
    7.95135e+02    1.44859e+04   -5.75856e+02   -9.20341e+04    4.80604e+02
 Position Rest.      Potential    Kinetic En.   Total Energy  Conserved En.
    2.40954e+01   -7.62380e+04    1.27506e+04   -6.34874e+04   -7.08668e+04
    Temperature Pres. DC (bar) Pressure (bar)   Constr. rmsd
    2.98995e+02   -1.69199e+02   -1.14628e+03    2.82193e-06


DD  load balancing is limited by minimum cell size in dimension Y
DD  step 2499  vol min/aver 0.708! load imb.: force 43.5%  pme mesh/force 0.342
           Step           Time
           2500        5.00000

   Energies (kJ/mol)
           Bond          Angle    Proper Dih. Per. Imp. Dih.          LJ-14
    5.41451e+01    1.74804e+02    2.02748e+02    5.66544e+00    9.74980e+01
     Coulomb-14        LJ (SR)  Disper. corr.   Coulomb (SR)   Coul. recip.
    8.28500e+02    1.42235e+04   -5.75856e+02   -9.20165e+04    4.91580e+02
 Position Rest.      Potential    Kinetic En.   Total Energy  Conserved En.
    2.15826e+01   -7.64923e+04    1.26479e+04   -6.38444e+04   -7.08662e+04
    Temperature Pres. DC (bar) Pressure (bar)   Constr. rmsd
    2.96587e+02   -1.69199e+02   -1.51373e+03    2.49902e-06


DD  load balancing is limited by minimum cell size in dimension Y
DD  step 2999  vol min/aver 0.660! load imb.: force 16.4%  pme mesh/force 0.504

step 3000 Turning off dynamic load balancing, because it is degrading performance.
Atom distribution over 24 domains: av 212 stddev 22 min 183 max 240
           Step           Time
           3000        6.00000

   Energies (kJ/mol)
           Bond          Angle    Proper Dih. Per. Imp. Dih.          LJ-14
    7.55976e+01    1.65468e+02    2.03981e+02    8.77843e+00    8.85572e+01
     Coulomb-14        LJ (SR)  Disper. corr.   Coulomb (SR)   Coul. recip.
    7.79717e+02    1.45048e+04   -5.75856e+02   -9.30627e+04    4.54775e+02
 Position Rest.      Potential    Kinetic En.   Total Energy  Conserved En.
    3.40631e+01   -7.73229e+04    1.22389e+04   -6.50839e+04   -7.08573e+04
    Temperature Pres. DC (bar) Pressure (bar)   Constr. rmsd
    2.86996e+02   -1.69199e+02   -1.98166e+03    1.44037e-06


DD  step 3499 load imb.: force 33.8%  pme mesh/force 0.465
           Step           Time
           3500        7.00000

   Energies (kJ/mol)
           Bond          Angle    Proper Dih. Per. Imp. Dih.          LJ-14
    5.77459e+01    1.89513e+02    2.05596e+02    4.32740e+00    1.06249e+02
     Coulomb-14        LJ (SR)  Disper. corr.   Coulomb (SR)   Coul. recip.
    7.99993e+02    1.43046e+04   -5.75856e+02   -9.22606e+04    4.59212e+02
 Position Rest.      Potential    Kinetic En.   Total Energy  Conserved En.
    2.50709e+01   -7.66841e+04    1.26723e+04   -6.40118e+04   -7.08576e+04
    Temperature Pres. DC (bar) Pressure (bar)   Constr. rmsd
    2.97160e+02   -1.69199e+02   -1.27229e+03    1.99104e-06


DD  step 3999 load imb.: force 27.6%  pme mesh/force 0.527
           Step           Time
           4000        8.00000

   Energies (kJ/mol)
           Bond          Angle    Proper Dih. Per. Imp. Dih.          LJ-14
    8.03843e+01    1.71027e+02    2.07005e+02    6.67661e+00    1.00601e+02
     Coulomb-14        LJ (SR)  Disper. corr.   Coulomb (SR)   Coul. recip.
    8.24664e+02    1.40906e+04   -5.75856e+02   -9.21124e+04    4.76759e+02
 Position Rest.      Potential    Kinetic En.   Total Energy  Conserved En.
    3.61534e+01   -7.66943e+04    1.28323e+04   -6.38620e+04   -7.08599e+04
    Temperature Pres. DC (bar) Pressure (bar)   Constr. rmsd
    3.00911e+02   -1.69199e+02   -1.80856e+03    1.79326e-06


DD  step 4499 load imb.: force 31.2%  pme mesh/force 0.476
           Step           Time
           4500        9.00000

   Energies (kJ/mol)
           Bond          Angle    Proper Dih. Per. Imp. Dih.          LJ-14
    5.19855e+01    1.75099e+02    1.95560e+02    1.40632e+01    9.92173e+01
     Coulomb-14        LJ (SR)  Disper. corr.   Coulomb (SR)   Coul. recip.
    8.04068e+02    1.40050e+04   -5.75856e+02   -9.18359e+04    4.75796e+02
 Position Rest.      Potential    Kinetic En.   Total Energy  Conserved En.
    3.60501e+01   -7.65550e+04    1.30287e+04   -6.35262e+04   -7.08658e+04
    Temperature Pres. DC (bar) Pressure (bar)   Constr. rmsd
    3.05517e+02   -1.69199e+02   -1.83290e+03    2.43295e-06


DD  step 4999 load imb.: force 30.5%  pme mesh/force 0.417
           Step           Time
           5000       10.00000

   Energies (kJ/mol)
           Bond          Angle    Proper Dih. Per. Imp. Dih.          LJ-14
    7.82351e+01    1.61448e+02    1.99446e+02    5.67485e+00    9.46630e+01
     Coulomb-14        LJ (SR)  Disper. corr.   Coulomb (SR)   Coul. recip.
    8.23356e+02    1.40309e+04   -5.75856e+02   -9.20931e+04    4.66568e+02
 Position Rest.      Potential    Kinetic En.   Total Energy  Conserved En.
    3.77344e+01   -7.67709e+04    1.29437e+04   -6.38273e+04   -7.08658e+04
    Temperature Pres. DC (bar) Pressure (bar)   Constr. rmsd
    3.03522e+02   -1.69199e+02   -1.80076e+03    3.19218e-06


DD  step 5499 load imb.: force 31.7%  pme mesh/force 0.467
           Step           Time
           5500       11.00000

   Energies (kJ/mol)
           Bond          Angle    Proper Dih. Per. Imp. Dih.          LJ-14
    8.03488e+01    1.70432e+02    1.85011e+02    1.26323e+01    9.86841e+01
     Coulomb-14        LJ (SR)  Disper. corr.   Coulomb (SR)   Coul. recip.
    8.10768e+02    1.50589e+04   -5.75856e+02   -9.36245e+04    5.09312e+02
 Position Rest.      Potential    Kinetic En.   Total Energy  Conserved En.
    1.85383e+01   -7.72557e+04    1.27736e+04   -6.44821e+04   -7.08607e+04
    Temperature Pres. DC (bar) Pressure (bar)   Constr. rmsd
    2.99535e+02   -1.69199e+02   -1.19522e+03    2.06132e-06


DD  step 5999 load imb.: force 32.2%  pme mesh/force 0.462
           Step           Time
           6000       12.00000

   Energies (kJ/mol)
           Bond          Angle    Proper Dih. Per. Imp. Dih.          LJ-14
    6.82261e+01    2.14633e+02    1.99736e+02    7.66454e+00    1.07637e+02
     Coulomb-14        LJ (SR)  Disper. corr.   Coulomb (SR)   Coul. recip.
    7.83969e+02    1.35138e+04   -5.75856e+02   -9.10680e+04    4.93191e+02
 Position Rest.      Potential    Kinetic En.   Total Energy  Conserved En.
    2.93257e+01   -7.62257e+04    1.25917e+04   -6.36340e+04   -7.08617e+04
    Temperature Pres. DC (bar) Pressure (bar)   Constr. rmsd
    2.95269e+02   -1.69199e+02   -1.91039e+03    2.53756e-06


DD  step 6499 load imb.: force 33.6%  pme mesh/force 0.474
           Step           Time
           6500       13.00000

   Energies (kJ/mol)
           Bond          Angle    Proper Dih. Per. Imp. Dih.          LJ-14
    6.94863e+01    2.11360e+02    1.91844e+02    1.20036e+01    8.47262e+01
     Coulomb-14        LJ (SR)  Disper. corr.   Coulomb (SR)   Coul. recip.
    7.77644e+02    1.41438e+04   -5.75856e+02   -9.21195e+04    4.60694e+02
 Position Rest.      Potential    Kinetic En.   Total Energy  Conserved En.
    2.20201e+01   -7.67218e+04    1.28178e+04   -6.39040e+04   -7.08670e+04
    Temperature Pres. DC (bar) Pressure (bar)   Constr. rmsd
    3.00570e+02   -1.69199e+02   -1.65053e+03    4.40609e-06


DD  step 6999 load imb.: force 26.3%  pme mesh/force 0.521
           Step           Time
           7000       14.00000

   Energies (kJ/mol)
           Bond          Angle    Proper Dih. Per. Imp. Dih.          LJ-14
    6.69990e+01    2.10277e+02    1.92670e+02    1.00588e+01    9.32265e+01
     Coulomb-14        LJ (SR)  Disper. corr.   Coulomb (SR)   Coul. recip.
    7.99895e+02    1.39679e+04   -5.75856e+02   -9.19078e+04    4.54041e+02
 Position Rest.      Potential    Kinetic En.   Total Energy  Conserved En.
    2.44884e+01   -7.66641e+04    1.29882e+04   -6.36759e+04   -7.08660e+04
    Temperature Pres. DC (bar) Pressure (bar)   Constr. rmsd
    3.04567e+02   -1.69199e+02   -1.69993e+03    3.53867e-06


DD  step 7499 load imb.: force 28.4%  pme mesh/force 0.498
           Step           Time
           7500       15.00000

   Energies (kJ/mol)
           Bond          Angle    Proper Dih. Per. Imp. Dih.          LJ-14
    7.73948e+01    1.93853e+02    1.89880e+02    1.96652e+00    9.12421e+01
     Coulomb-14        LJ (SR)  Disper. corr.   Coulomb (SR)   Coul. recip.
    7.88846e+02    1.45539e+04   -5.75856e+02   -9.28437e+04    4.58643e+02
 Position Rest.      Potential    Kinetic En.   Total Energy  Conserved En.
    1.79753e+01   -7.70458e+04    1.26305e+04   -6.44153e+04   -7.08616e+04
    Temperature Pres. DC (bar) Pressure (bar)   Constr. rmsd
    2.96179e+02   -1.69199e+02   -1.61081e+03    2.57705e-06


DD  step 7999 load imb.: force 30.3%  pme mesh/force 0.456
           Step           Time
           8000       16.00000

   Energies (kJ/mol)
           Bond          Angle    Proper Dih. Per. Imp. Dih.          LJ-14
    8.09303e+01    1.87489e+02    1.98253e+02    1.25649e+01    9.85879e+01
     Coulomb-14        LJ (SR)  Disper. corr.   Coulomb (SR)   Coul. recip.
    8.12434e+02    1.34348e+04   -5.75856e+02   -9.12974e+04    4.95961e+02
 Position Rest.      Potential    Kinetic En.   Total Energy  Conserved En.
    2.49359e+01   -7.65273e+04    1.30183e+04   -6.35090e+04   -7.08652e+04
    Temperature Pres. DC (bar) Pressure (bar)   Constr. rmsd
    3.05271e+02   -1.69199e+02   -2.30261e+03    2.98449e-06


DD  step 8499 load imb.: force 26.3%  pme mesh/force 0.447
           Step           Time
           8500       17.00000

   Energies (kJ/mol)
           Bond          Angle    Proper Dih. Per. Imp. Dih.          LJ-14
    7.16052e+01    2.14908e+02    1.91925e+02    8.01150e+00    9.32497e+01
     Coulomb-14        LJ (SR)  Disper. corr.   Coulomb (SR)   Coul. recip.
    8.00846e+02    1.42773e+04   -5.75856e+02   -9.23653e+04    4.67900e+02
 Position Rest.      Potential    Kinetic En.   Total Energy  Conserved En.
    2.73560e+01   -7.67880e+04    1.27960e+04   -6.39920e+04   -7.08604e+04
    Temperature Pres. DC (bar) Pressure (bar)   Constr. rmsd
    3.00059e+02   -1.69199e+02   -1.87381e+03    2.99244e-06


DD  step 8999 load imb.: force 27.5%  pme mesh/force 0.358
           Step           Time
           9000       18.00000

   Energies (kJ/mol)
           Bond          Angle    Proper Dih. Per. Imp. Dih.          LJ-14
    5.86412e+01    1.78630e+02    1.94958e+02    7.35363e+00    9.38833e+01
     Coulomb-14        LJ (SR)  Disper. corr.   Coulomb (SR)   Coul. recip.
    8.09122e+02    1.41900e+04   -5.75856e+02   -9.19781e+04    4.57204e+02
 Position Rest.      Potential    Kinetic En.   Total Energy  Conserved En.
    3.21256e+01   -7.65320e+04    1.29673e+04   -6.35647e+04   -7.08754e+04
    Temperature Pres. DC (bar) Pressure (bar)   Constr. rmsd
    3.04076e+02   -1.69199e+02   -1.49341e+03    4.10234e-06


DD  step 9499 load imb.: force 28.2%  pme mesh/force 0.468
           Step           Time
           9500       19.00000

   Energies (kJ/mol)
           Bond          Angle    Proper Dih. Per. Imp. Dih.          LJ-14
    5.83097e+01    1.76650e+02    1.90559e+02    8.24414e+00    9.80250e+01
     Coulomb-14        LJ (SR)  Disper. corr.   Coulomb (SR)   Coul. recip.
    8.16049e+02    1.42168e+04   -5.75856e+02   -9.19030e+04    4.83417e+02
 Position Rest.      Potential    Kinetic En.   Total Energy  Conserved En.
    1.82457e+01   -7.64126e+04    1.28325e+04   -6.35801e+04   -7.08739e+04
    Temperature Pres. DC (bar) Pressure (bar)   Constr. rmsd
    3.00916e+02   -1.69199e+02   -1.30059e+03    2.21729e-06


DD  step 9999 load imb.: force 30.6%  pme mesh/force 0.514

step 10000 Turning on dynamic load balancing, because the performance loss due to load imbalance is 15.3 %.
           Step           Time
          10000       20.00000

   Energies (kJ/mol)
           Bond          Angle    Proper Dih. Per. Imp. Dih.          LJ-14
    7.34120e+01    1.87306e+02    1.96178e+02    1.33462e+01    1.02063e+02
     Coulomb-14        LJ (SR)  Disper. corr.   Coulomb (SR)   Coul. recip.
    8.10969e+02    1.38870e+04   -5.75856e+02   -9.18369e+04    4.55891e+02
 Position Rest.      Potential    Kinetic En.   Total Energy  Conserved En.
    3.51386e+01   -7.66514e+04    1.26711e+04   -6.39803e+04   -7.08725e+04
    Temperature Pres. DC (bar) Pressure (bar)   Constr. rmsd
    2.97131e+02   -1.69199e+02   -2.03346e+03    3.86162e-06


DD  load balancing is limited by minimum cell size in dimension Y
DD  step 10499  vol min/aver 0.678! load imb.: force 10.1%  pme mesh/force 0.512
           Step           Time
          10500       21.00000

   Energies (kJ/mol)
           Bond          Angle    Proper Dih. Per. Imp. Dih.          LJ-14
    6.14840e+01    2.00723e+02    1.84734e+02    1.40222e+01    1.12773e+02
     Coulomb-14        LJ (SR)  Disper. corr.   Coulomb (SR)   Coul. recip.
    8.17215e+02    1.35826e+04   -5.75856e+02   -9.13378e+04    4.62752e+02
 Position Rest.      Potential    Kinetic En.   Total Energy  Conserved En.
    1.97358e+01   -7.64576e+04    1.28126e+04   -6.36450e+04   -7.08774e+04
    Temperature Pres. DC (bar) Pressure (bar)   Constr. rmsd
    3.00449e+02   -1.69199e+02   -2.02829e+03    4.90988e-06


DD  step 10999  vol min/aver 0.688  load imb.: force  8.1%  pme mesh/force 0.518

step 11000 Turning off dynamic load balancing, because it is degrading performance.
Atom distribution over 24 domains: av 212 stddev 21 min 192 max 234
           Step           Time
          11000       22.00000

   Energies (kJ/mol)
           Bond          Angle    Proper Dih. Per. Imp. Dih.          LJ-14
    7.36366e+01    2.04638e+02    1.86210e+02    5.05152e+00    9.30332e+01
     Coulomb-14        LJ (SR)  Disper. corr.   Coulomb (SR)   Coul. recip.
    8.21892e+02    1.43648e+04   -5.75856e+02   -9.27677e+04    4.66556e+02
 Position Rest.      Potential    Kinetic En.   Total Energy  Conserved En.
    3.08443e+01   -7.70970e+04    1.27423e+04   -6.43547e+04   -7.08671e+04
    Temperature Pres. DC (bar) Pressure (bar)   Constr. rmsd
    2.98801e+02   -1.69199e+02   -1.57360e+03    2.19346e-06


DD  step 11499 load imb.: force 29.8%  pme mesh/force 0.460
           Step           Time
          11500       23.00000

   Energies (kJ/mol)
           Bond          Angle    Proper Dih. Per. Imp. Dih.          LJ-14
    6.92507e+01    2.30144e+02    1.90812e+02    7.09401e+00    1.00730e+02
     Coulomb-14        LJ (SR)  Disper. corr.   Coulomb (SR)   Coul. recip.
    8.10373e+02    1.44407e+04   -5.75856e+02   -9.24328e+04    4.82199e+02
 Position Rest.      Potential    Kinetic En.   Total Energy  Conserved En.
    1.66554e+01   -7.66607e+04    1.27331e+04   -6.39276e+04   -7.08623e+04
    Temperature Pres. DC (bar) Pressure (bar)   Constr. rmsd
    2.98584e+02   -1.69199e+02   -1.34265e+03    1.73946e-06


DD  step 11999 load imb.: force 29.0%  pme mesh/force 0.439
           Step           Time
          12000       24.00000

   Energies (kJ/mol)
           Bond          Angle    Proper Dih. Per. Imp. Dih.          LJ-14
    6.93036e+01    1.92951e+02    1.97093e+02    9.63252e+00    9.37713e+01
     Coulomb-14        LJ (SR)  Disper. corr.   Coulomb (SR)   Coul. recip.
    7.65276e+02    1.44018e+04   -5.75856e+02   -9.22155e+04    5.10816e+02
 Position Rest.      Potential    Kinetic En.   Total Energy  Conserved En.
    1.59650e+01   -7.65347e+04    1.28134e+04   -6.37213e+04   -7.08757e+04
    Temperature Pres. DC (bar) Pressure (bar)   Constr. rmsd
    3.00468e+02   -1.69199e+02   -1.28831e+03    3.92179e-06


DD  step 12499 load imb.: force 30.6%  pme mesh/force 0.501
           Step           Time
          12500       25.00000

   Energies (kJ/mol)
           Bond          Angle    Proper Dih. Per. Imp. Dih.          LJ-14
    7.49376e+01    1.82053e+02    2.00672e+02    1.06087e+01    8.93340e+01
     Coulomb-14        LJ (SR)  Disper. corr.   Coulomb (SR)   Coul. recip.
    7.95257e+02    1.37385e+04   -5.75856e+02   -9.21117e+04    4.73266e+02
 Position Rest.      Potential    Kinetic En.   Total Energy  Conserved En.
    2.75071e+01   -7.70954e+04    1.26660e+04   -6.44294e+04   -7.08727e+04
    Temperature Pres. DC (bar) Pressure (bar)   Constr. rmsd
    2.97011e+02   -1.69199e+02   -2.13222e+03    2.39302e-06


DD  step 12999 load imb.: force 30.9%  pme mesh/force 0.507
           Step           Time
          13000       26.00000

   Energies (kJ/mol)
           Bond          Angle    Proper Dih. Per. Imp. Dih.          LJ-14
    8.55405e+01    1.89400e+02    2.03228e+02    7.24435e+00    9.02598e+01
     Coulomb-14        LJ (SR)  Disper. corr.   Coulomb (SR)   Coul. recip.
    7.91279e+02    1.40180e+04   -5.75856e+02   -9.23439e+04    4.57854e+02
 Position Rest.      Potential    Kinetic En.   Total Energy  Conserved En.
    2.34719e+01   -7.70534e+04    1.25759e+04   -6.44775e+04   -7.08726e+04
    Temperature Pres. DC (bar) Pressure (bar)   Constr. rmsd
    2.94899e+02   -1.69199e+02   -1.78549e+03    1.98821e-06


DD  step 13499 load imb.: force 28.6%  pme mesh/force 0.465
           Step           Time
          13500       27.00000

   Energies (kJ/mol)
           Bond          Angle    Proper Dih. Per. Imp. Dih.          LJ-14
    9.70557e+01    1.89148e+02    2.07812e+02    6.24269e+00    8.81871e+01
     Coulomb-14        LJ (SR)  Disper. corr.   Coulomb (SR)   Coul. recip.
    8.24931e+02    1.36851e+04   -5.75856e+02   -9.16613e+04    5.00585e+02
 Position Rest.      Potential    Kinetic En.   Total Energy  Conserved En.
    2.78711e+01   -7.66103e+04    1.25088e+04   -6.41015e+04   -7.08712e+04
    Temperature Pres. DC (bar) Pressure (bar)   Constr. rmsd
    2.93324e+02   -1.69199e+02   -2.04423e+03    1.58009e-06


DD  step 13999 load imb.: force 30.4%  pme mesh/force 0.444
           Step           Time
          14000       28.00000

   Energies (kJ/mol)
           Bond          Angle    Proper Dih. Per. Imp. Dih.          LJ-14
    7.02387e+01    1.91033e+02    1.99624e+02    4.73495e+00    9.31378e+01
     Coulomb-14        LJ (SR)  Disper. corr.   Coulomb (SR)   Coul. recip.
    7.94237e+02    1.43290e+04   -5.75856e+02   -9.20495e+04    4.61311e+02
 Position Rest.      Potential    Kinetic En.   Total Energy  Conserved En.
    2.74700e+01   -7.64546e+04    1.26126e+04   -6.38420e+04   -7.08788e+04
    Temperature Pres. DC (bar) Pressure (bar)   Constr. rmsd
    2.95758e+02   -1.69199e+02   -1.27423e+03    2.59995e-06


DD  step 14499 load imb.: force 27.7%  pme mesh/force 0.463
           Step           Time
          14500       29.00000

   Energies (kJ/mol)
           Bond          Angle    Proper Dih. Per. Imp. Dih.          LJ-14
    5.34944e+01    1.62149e+02    1.98926e+02    7.35064e+00    1.05342e+02
     Coulomb-14        LJ (SR)  Disper. corr.   Coulomb (SR)   Coul. recip.
    8.33985e+02    1.38673e+04   -5.75856e+02   -9.20757e+04    4.80797e+02
 Position Rest.      Potential    Kinetic En.   Total Energy  Conserved En.
    2.52365e+01   -7.69169e+04    1.27540e+04   -6.41629e+04   -7.08755e+04
    Temperature Pres. DC (bar) Pressure (bar)   Constr. rmsd
    2.99074e+02   -1.69199e+02   -1.90254e+03    2.54393e-06


DD  step 14999 load imb.: force 29.2%  pme mesh/force 0.461

step 15000 Will no longer try dynamic load balancing, as it degraded performance.
           Step           Time
          15000       30.00000

   Energies (kJ/mol)
           Bond          Angle    Proper Dih. Per. Imp. Dih.          LJ-14
    7.09260e+01    1.62667e+02    1.98408e+02    8.62792e+00    1.03076e+02
     Coulomb-14        LJ (SR)  Disper. corr.   Coulomb (SR)   Coul. recip.
    7.73654e+02    1.43592e+04   -5.75856e+02   -9.22659e+04    4.35085e+02
 Position Rest.      Potential    Kinetic En.   Total Energy  Conserved En.
    1.65896e+01   -7.67135e+04    1.27527e+04   -6.39608e+04   -7.08788e+04
    Temperature Pres. DC (bar) Pressure (bar)   Constr. rmsd
    2.99044e+02   -1.69199e+02   -1.36312e+03    2.28887e-06


DD  step 15499 load imb.: force 32.1%  pme mesh/force 0.459
           Step           Time
          15500       31.00000

   Energies (kJ/mol)
           Bond          Angle    Proper Dih. Per. Imp. Dih.          LJ-14
    6.40983e+01    1.99457e+02    2.07983e+02    5.04056e+00    9.22466e+01
     Coulomb-14        LJ (SR)  Disper. corr.   Coulomb (SR)   Coul. recip.
    8.01658e+02    1.46005e+04   -5.75856e+02   -9.26166e+04    4.73301e+02
 Position Rest.      Potential    Kinetic En.   Total Energy  Conserved En.
    1.79730e+01   -7.67302e+04    1.30718e+04   -6.36585e+04   -7.08794e+04
    Temperature Pres. DC (bar) Pressure (bar)   Constr. rmsd
    3.06526e+02   -1.69199e+02   -1.47019e+03    2.88653e-06


DD  step 15999 load imb.: force 32.1%  pme mesh/force 0.471
           Step           Time
          16000       32.00000

   Energies (kJ/mol)
           Bond          Angle    Proper Dih. Per. Imp. Dih.          LJ-14
    6.88557e+01    2.18019e+02    1.96557e+02    1.17724e+01    9.24056e+01
     Coulomb-14        LJ (SR)  Disper. corr.   Coulomb (SR)   Coul. recip.
    7.95693e+02    1.41510e+04   -5.75856e+02   -9.22018e+04    4.87711e+02
 Position Rest.      Potential    Kinetic En.   Total Energy  Conserved En.
    3.26889e+01   -7.67230e+04    1.30503e+04   -6.36727e+04   -7.08757e+04
    Temperature Pres. DC (bar) Pressure (bar)   Constr. rmsd
    3.06023e+02   -1.69199e+02   -1.73292e+03    2.53111e-06


DD  step 16499 load imb.: force 25.0%  pme mesh/force 0.509
           Step           Time
          16500       33.00000

   Energies (kJ/mol)
           Bond          Angle    Proper Dih. Per. Imp. Dih.          LJ-14
    6.52683e+01    1.86540e+02    2.12066e+02    2.67901e+00    9.55825e+01
     Coulomb-14        LJ (SR)  Disper. corr.   Coulomb (SR)   Coul. recip.
    8.02875e+02    1.40246e+04   -5.75856e+02   -9.20705e+04    4.66995e+02
 Position Rest.      Potential    Kinetic En.   Total Energy  Conserved En.
    2.33738e+01   -7.67663e+04    1.24786e+04   -6.42877e+04   -7.08700e+04
    Temperature Pres. DC (bar) Pressure (bar)   Constr. rmsd
    2.92617e+02   -1.69199e+02   -1.58837e+03    3.26715e-06


DD  step 16999 load imb.: force 31.9%  pme mesh/force 0.495
           Step           Time
          17000       34.00000

   Energies (kJ/mol)
           Bond          Angle    Proper Dih. Per. Imp. Dih.          LJ-14
    6.15244e+01    2.08478e+02    2.05983e+02    4.40954e+00    1.00714e+02
     Coulomb-14        LJ (SR)  Disper. corr.   Coulomb (SR)   Coul. recip.
    7.74631e+02    1.42810e+04   -5.75856e+02   -9.21641e+04    5.08129e+02
 Position Rest.      Potential    Kinetic En.   Total Energy  Conserved En.
    3.20362e+01   -7.65630e+04    1.29803e+04   -6.35828e+04   -7.08672e+04
    Temperature Pres. DC (bar) Pressure (bar)   Constr. rmsd
    3.04380e+02   -1.69199e+02   -1.51721e+03    3.71081e-06


DD  step 17499 load imb.: force 28.4%  pme mesh/force 0.528
           Step           Time
          17500       35.00000

   Energies (kJ/mol)
           Bond          Angle    Proper Dih. Per. Imp. Dih.          LJ-14
    8.19102e+01    1.71234e+02    2.00682e+02    1.17620e+01    8.83247e+01
     Coulomb-14        LJ (SR)  Disper. corr.   Coulomb (SR)   Coul. recip.
    8.09833e+02    1.45811e+04   -5.75856e+02   -9.23185e+04    4.31627e+02
 Position Rest.      Potential    Kinetic En.   Total Energy  Conserved En.
    3.92854e+01   -7.64785e+04    1.27132e+04   -6.37654e+04   -7.08696e+04
    Temperature Pres. DC (bar) Pressure (bar)   Constr. rmsd
    2.98117e+02   -1.69199e+02   -1.27599e+03    2.26713e-06


DD  step 17999 load imb.: force 29.0%  pme mesh/force 0.466
           Step           Time
          18000       36.00000

   Energies (kJ/mol)
           Bond          Angle    Proper Dih. Per. Imp. Dih.          LJ-14
    6.66720e+01    1.59287e+02    1.81588e+02    1.37894e+01    1.07329e+02
     Coulomb-14        LJ (SR)  Disper. corr.   Coulomb (SR)   Coul. recip.
    8.38983e+02    1.41935e+04   -5.75856e+02   -9.24364e+04    4.47280e+02
 Position Rest.      Potential    Kinetic En.   Total Energy  Conserved En.
    3.77455e+01   -7.69661e+04    1.32085e+04   -6.37576e+04   -7.08730e+04
    Temperature Pres. DC (bar) Pressure (bar)   Constr. rmsd
    3.09732e+02   -1.69199e+02   -1.45771e+03    3.56650e-06


DD  step 18499 load imb.: force 32.3%  pme mesh/force 0.470
           Step           Time
          18500       37.00000

   Energies (kJ/mol)
           Bond          Angle    Proper Dih. Per. Imp. Dih.          LJ-14
    7.18085e+01    1.70934e+02    2.00034e+02    1.04143e+01    9.73920e+01
     Coulomb-14        LJ (SR)  Disper. corr.   Coulomb (SR)   Coul. recip.
    8.05427e+02    1.39696e+04   -5.75856e+02   -9.14979e+04    4.87510e+02
 Position Rest.      Potential    Kinetic En.   Total Energy  Conserved En.
    3.23970e+01   -7.62282e+04    1.29860e+04   -6.32422e+04   -7.08705e+04
    Temperature Pres. DC (bar) Pressure (bar)   Constr. rmsd
    3.04515e+02   -1.69199e+02   -1.78825e+03    3.43703e-06


DD  step 18999 load imb.: force 32.3%  pme mesh/force 0.523
           Step           Time
          19000       38.00000

   Energies (kJ/mol)
           Bond          Angle    Proper Dih. Per. Imp. Dih.          LJ-14
    5.93458e+01    2.03954e+02    2.09852e+02    5.56033e+00    1.04358e+02
     Coulomb-14        LJ (SR)  Disper. corr.   Coulomb (SR)   Coul. recip.
    8.15475e+02    1.40845e+04   -5.75856e+02   -9.17014e+04    4.62814e+02
 Position Rest.      Potential    Kinetic En.   Total Energy  Conserved En.
    2.65231e+01   -7.63048e+04    1.28348e+04   -6.34700e+04   -7.08680e+04
    Temperature Pres. DC (bar) Pressure (bar)   Constr. rmsd
    3.00970e+02   -1.69199e+02   -1.43974e+03    1.91831e-06


DD  step 19499 load imb.: force 33.2%  pme mesh/force 0.474
           Step           Time
          19500       39.00000

   Energies (kJ/mol)
           Bond          Angle    Proper Dih. Per. Imp. Dih.          LJ-14
    8.39863e+01    1.77496e+02    2.08402e+02    6.85596e+00    8.55556e+01
     Coulomb-14        LJ (SR)  Disper. corr.   Coulomb (SR)   Coul. recip.
    7.85971e+02    1.39502e+04   -5.75856e+02   -9.20929e+04    4.67393e+02
 Position Rest.      Potential    Kinetic En.   Total Energy  Conserved En.
    1.82418e+01   -7.68847e+04    1.27735e+04   -6.41112e+04   -7.08653e+04
    Temperature Pres. DC (bar) Pressure (bar)   Constr. rmsd
    2.99533e+02   -1.69199e+02   -1.86856e+03    2.95378e-06


DD  step 19999 load imb.: force 31.1%  pme mesh/force 0.488
           Step           Time
          20000       40.00000

   Energies (kJ/mol)
           Bond          Angle    Proper Dih. Per. Imp. Dih.          LJ-14
    6.29456e+01    1.89144e+02    1.87221e+02    4.54302e+00    9.98451e+01
     Coulomb-14        LJ (SR)  Disper. corr.   Coulomb (SR)   Coul. recip.
    8.06120e+02    1.43238e+04   -5.75856e+02   -9.26842e+04    4.80375e+02
 Position Rest.      Potential    Kinetic En.   Total Energy  Conserved En.
    3.02557e+01   -7.70759e+04    1.26045e+04   -6.44713e+04   -7.08595e+04
    Temperature Pres. DC (bar) Pressure (bar)   Constr. rmsd
    2.95570e+02   -1.69199e+02   -1.57095e+03    3.09442e-06


DD  step 20499 load imb.: force 29.9%  pme mesh/force 0.433
           Step           Time
          20500       41.00000

   Energies (kJ/mol)
           Bond          Angle    Proper Dih. Per. Imp. Dih.          LJ-14
    7.05265e+01    1.56806e+02    1.92840e+02    1.12457e+01    8.71718e+01
     Coulomb-14        LJ (SR)  Disper. corr.   Coulomb (SR)   Coul. recip.
    8.05051e+02    1.41403e+04   -5.75856e+02   -9.22126e+04    4.63500e+02
 Position Rest.      Potential    Kinetic En.   Total Energy  Conserved En.
    3.06870e+01   -7.68303e+04    1.27034e+04   -6.41269e+04   -7.08660e+04
    Temperature Pres. DC (bar) Pressure (bar)   Constr. rmsd
    2.97888e+02   -1.69199e+02   -1.59039e+03    2.27945e-06


DD  step 20999 load imb.: force 38.4%  pme mesh/force 0.358
           Step           Time
          21000       42.00000

   Energies (kJ/mol)
           Bond          Angle    Proper Dih. Per. Imp. Dih.          LJ-14
    9.64084e+01    1.60579e+02    1.95258e+02    8.57795e+00    8.87242e+01
     Coulomb-14        LJ (SR)  Disper. corr.   Coulomb (SR)   Coul. recip.
    8.16877e+02    1.35997e+04   -5.75856e+02   -9.16843e+04    4.80225e+02
 Position Rest.      Potential    Kinetic En.   Total Energy  Conserved En.
    2.78613e+01   -7.67860e+04    1.28095e+04   -6.39765e+04   -7.08669e+04
    Temperature Pres. DC (bar) Pressure (bar)   Constr. rmsd
    3.00375e+02   -1.69199e+02   -2.25532e+03    1.85100e-06


DD  step 21499 load imb.: force 32.4%  pme mesh/force 0.463
           Step           Time
          21500       43.00000

   Energies (kJ/mol)
           Bond          Angle    Proper Dih. Per. Imp. Dih.          LJ-14
    8.14399e+01    1.75283e+02    1.96224e+02    6.27881e+00    9.69445e+01
     Coulomb-14        LJ (SR)  Disper. corr.   Coulomb (SR)   Coul. recip.
    8.35218e+02    1.41597e+04   -5.75856e+02   -9.22761e+04    4.63614e+02
 Position Rest.      Potential    Kinetic En.   Total Energy  Conserved En.
    2.57916e+01   -7.68115e+04    1.29939e+04   -6.38176e+04   -7.08639e+04
    Temperature Pres. DC (bar) Pressure (bar)   Constr. rmsd
    3.04701e+02   -1.69199e+02   -1.66470e+03    1.91611e-06


DD  step 21999 load imb.: force 25.2%  pme mesh/force 0.483
           Step           Time
          22000       44.00000

   Energies (kJ/mol)
           Bond          Angle    Proper Dih. Per. Imp. Dih.          LJ-14
    7.54604e+01    1.87838e+02    1.99044e+02    9.65781e+00    9.95475e+01
     Coulomb-14        LJ (SR)  Disper. corr.   Coulomb (SR)   Coul. recip.
    7.62625e+02    1.41504e+04   -5.75856e+02   -9.14531e+04    5.06535e+02
 Position Rest.      Potential    Kinetic En.   Total Energy  Conserved En.
    2.98212e+01   -7.60080e+04    1.25641e+04   -6.34439e+04   -7.08541e+04
    Temperature Pres. DC (bar) Pressure (bar)   Constr. rmsd
    2.94622e+02   -1.69199e+02   -1.41732e+03    3.29769e-06


DD  step 22499 load imb.: force 27.1%  pme mesh/force 0.440
           Step           Time
          22500       45.00000

   Energies (kJ/mol)
           Bond          Angle    Proper Dih. Per. Imp. Dih.          LJ-14
    5.67954e+01    1.85936e+02    2.03668e+02    1.06037e+01    1.04540e+02
     Coulomb-14        LJ (SR)  Disper. corr.   Coulomb (SR)   Coul. recip.
    8.10041e+02    1.44338e+04   -5.75856e+02   -9.23627e+04    4.77098e+02
 Position Rest.      Potential    Kinetic En.   Total Energy  Conserved En.
    2.99455e+01   -7.66262e+04    1.24892e+04   -6.41370e+04   -7.08596e+04
    Temperature Pres. DC (bar) Pressure (bar)   Constr. rmsd
    2.92864e+02   -1.69199e+02   -1.07561e+03    2.22726e-06


DD  step 22999 load imb.: force 29.4%  pme mesh/force 0.458
           Step           Time
          23000       46.00000

   Energies (kJ/mol)
           Bond          Angle    Proper Dih. Per. Imp. Dih.          LJ-14
    5.93212e+01    2.08312e+02    1.93127e+02    4.98964e+00    8.58877e+01
     Coulomb-14        LJ (SR)  Disper. corr.   Coulomb (SR)   Coul. recip.
    7.58281e+02    1.39590e+04   -5.75856e+02   -9.16245e+04    4.74764e+02
 Position Rest.      Potential    Kinetic En.   Total Energy  Conserved En.
    2.59352e+01   -7.64307e+04    1.25424e+04   -6.38883e+04   -7.08644e+04
    Temperature Pres. DC (bar) Pressure (bar)   Constr. rmsd
    2.94113e+02   -1.69199e+02   -1.78019e+03    2.09422e-06


DD  step 23499 load imb.: force 31.6%  pme mesh/force 0.489
           Step           Time
          23500       47.00000

   Energies (kJ/mol)
           Bond          Angle    Proper Dih. Per. Imp. Dih.          LJ-14
    6.79909e+01    1.96208e+02    1.77552e+02    8.59650e+00    9.77452e+01
     Coulomb-14        LJ (SR)  Disper. corr.   Coulomb (SR)   Coul. recip.
    8.03171e+02    1.40592e+04   -5.75856e+02   -9.20815e+04    4.76269e+02
 Position Rest.      Potential    Kinetic En.   Total Energy  Conserved En.
    1.92757e+01   -7.67513e+04    1.29687e+04   -6.37826e+04   -7.08655e+04
    Temperature Pres. DC (bar) Pressure (bar)   Constr. rmsd
    3.04110e+02   -1.69199e+02   -1.69215e+03    3.83860e-06


DD  step 23999 load imb.: force 28.8%  pme mesh/force 0.417
           Step           Time
          24000       48.00000

   Energies (kJ/mol)
           Bond          Angle    Proper Dih. Per. Imp. Dih.          LJ-14
    8.96481e+01    1.56915e+02    2.04866e+02    7.40158e+00    9.39644e+01
     Coulomb-14        LJ (SR)  Disper. corr.   Coulomb (SR)   Coul. recip.
    8.14796e+02    1.45034e+04   -5.75856e+02   -9.23616e+04    4.60833e+02
 Position Rest.      Potential    Kinetic En.   Total Energy  Conserved En.
    2.68086e+01   -7.65788e+04    1.27296e+04   -6.38492e+04   -7.08681e+04
    Temperature Pres. DC (bar) Pressure (bar)   Constr. rmsd
    2.98502e+02   -1.69199e+02   -1.06570e+03    3.21359e-06


DD  step 24499 load imb.: force 30.5%  pme mesh/force 0.467
           Step           Time
          24500       49.00000

   Energies (kJ/mol)
           Bond          Angle    Proper Dih. Per. Imp. Dih.          LJ-14
    5.78436e+01    1.95392e+02    1.99376e+02    4.15389e+00    9.90980e+01
     Coulomb-14        LJ (SR)  Disper. corr.   Coulomb (SR)   Coul. recip.
    8.24008e+02    1.40824e+04   -5.75856e+02   -9.16008e+04    4.79652e+02
 Position Rest.      Potential    Kinetic En.   Total Energy  Conserved En.
    4.23909e+01   -7.61923e+04    1.28303e+04   -6.33620e+04   -7.08660e+04
    Temperature Pres. DC (bar) Pressure (bar)   Constr. rmsd
    3.00865e+02   -1.69199e+02   -1.59985e+03    2.42843e-06


DD  step 24999 load imb.: force 28.2%  pme mesh/force 0.424
           Step           Time
          25000       50.00000

   Energies (kJ/mol)
           Bond          Angle    Proper Dih. Per. Imp. Dih.          LJ-14
    9.59245e+01    2.06243e+02    2.09398e+02    9.09177e+00    8.89711e+01
     Coulomb-14        LJ (SR)  Disper. corr.   Coulomb (SR)   Coul. recip.
    7.69357e+02    1.34169e+04   -5.75856e+02   -9.06523e+04    5.08208e+02
 Position Rest.      Potential    Kinetic En.   Total Energy  Conserved En.
    2.15792e+01   -7.59025e+04    1.26826e+04   -6.32199e+04   -7.08590e+04
    Temperature Pres. DC (bar) Pressure (bar)   Constr. rmsd
    2.97400e+02   -1.69199e+02   -2.14526e+03    2.20873e-06


DD  step 25499 load imb.: force 30.8%  pme mesh/force 0.479
           Step           Time
          25500       51.00000

   Energies (kJ/mol)
           Bond          Angle    Proper Dih. Per. Imp. Dih.          LJ-14
    8.16871e+01    1.99608e+02    1.96858e+02    9.69573e+00    9.70512e+01
     Coulomb-14        LJ (SR)  Disper. corr.   Coulomb (SR)   Coul. recip.
    7.86141e+02    1.38660e+04   -5.75856e+02   -9.17422e+04    4.71759e+02
 Position Rest.      Potential    Kinetic En.   Total Energy  Conserved En.
    2.28886e+01   -7.65864e+04    1.31583e+04   -6.34281e+04   -7.08683e+04
    Temperature Pres. DC (bar) Pressure (bar)   Constr. rmsd
    3.08555e+02   -1.69199e+02   -1.68466e+03    3.77137e-06


DD  step 25999 load imb.: force 30.3%  pme mesh/force 0.447
           Step           Time
          26000       52.00000

   Energies (kJ/mol)
           Bond          Angle    Proper Dih. Per. Imp. Dih.          LJ-14
    6.71585e+01    1.72230e+02    1.94133e+02    5.25582e+00    1.02139e+02
     Coulomb-14        LJ (SR)  Disper. corr.   Coulomb (SR)   Coul. recip.
    7.97736e+02    1.37333e+04   -5.75856e+02   -9.15452e+04    4.89934e+02
 Position Rest.      Potential    Kinetic En.   Total Energy  Conserved En.
    1.67133e+01   -7.65424e+04    1.29113e+04   -6.36311e+04   -7.08681e+04
    Temperature Pres. DC (bar) Pressure (bar)   Constr. rmsd
    3.02764e+02   -1.69199e+02   -1.86571e+03    5.05568e-06


DD  step 26499 load imb.: force 36.4%  pme mesh/force 0.454
           Step           Time
          26500       53.00000

   Energies (kJ/mol)
           Bond          Angle    Proper Dih. Per. Imp. Dih.          LJ-14
    6.64131e+01    1.59511e+02    1.93791e+02    5.95382e+00    8.92391e+01
     Coulomb-14        LJ (SR)  Disper. corr.   Coulomb (SR)   Coul. recip.
    7.91932e+02    1.40456e+04   -5.75856e+02   -9.19618e+04    4.60049e+02
 Position Rest.      Potential    Kinetic En.   Total Energy  Conserved En.
    1.96029e+01   -7.67055e+04    1.28950e+04   -6.38105e+04   -7.08687e+04
    Temperature Pres. DC (bar) Pressure (bar)   Constr. rmsd
    3.02382e+02   -1.69199e+02   -1.84901e+03    3.33260e-06


DD  step 26999 load imb.: force 28.6%  pme mesh/force 0.501
           Step           Time
          27000       54.00000

   Energies (kJ/mol)
           Bond          Angle    Proper Dih. Per. Imp. Dih.          LJ-14
    6.84558e+01    2.08715e+02    1.83572e+02    9.63827e+00    9.52063e+01
     Coulomb-14        LJ (SR)  Disper. corr.   Coulomb (SR)   Coul. recip.
    8.06690e+02    1.41434e+04   -5.75856e+02   -9.22466e+04    4.72812e+02
 Position Rest.      Potential    Kinetic En.   Total Energy  Conserved En.
    3.88638e+01   -7.67951e+04    1.30512e+04   -6.37438e+04   -7.08662e+04
    Temperature Pres. DC (bar) Pressure (bar)   Constr. rmsd
    3.06044e+02   -1.69199e+02   -1.42815e+03    3.09076e-06


DD  step 27499 load imb.: force 32.7%  pme mesh/force 0.434
           Step           Time
          27500       55.00000

   Energies (kJ/mol)
           Bond          Angle    Proper Dih. Per. Imp. Dih.          LJ-14
    6.47359e+01    1.77885e+02    1.85702e+02    1.26252e+01    8.52538e+01
     Coulomb-14        LJ (SR)  Disper. corr.   Coulomb (SR)   Coul. recip.
    7.80635e+02    1.42695e+04   -5.75856e+02   -9.30618e+04    4.44955e+02
 Position Rest.      Potential    Kinetic En.   Total Energy  Conserved En.
    2.16246e+01   -7.75947e+04    1.29643e+04   -6.46304e+04   -7.08624e+04
    Temperature Pres. DC (bar) Pressure (bar)   Constr. rmsd
    3.04006e+02   -1.69199e+02   -1.85151e+03    1.72232e-06


DD  step 27999 load imb.: force 28.1%  pme mesh/force 0.487
           Step           Time
          28000       56.00000

   Energies (kJ/mol)
           Bond          Angle    Proper Dih. Per. Imp. Dih.          LJ-14
    6.49658e+01    1.80357e+02    1.85494e+02    2.58896e+00    8.77808e+01
     Coulomb-14        LJ (SR)  Disper. corr.   Coulomb (SR)   Coul. recip.
    7.82870e+02    1.45422e+04   -5.75856e+02   -9.30794e+04    4.54437e+02
 Position Rest.      Potential    Kinetic En.   Total Energy  Conserved En.
    3.29577e+01   -7.73216e+04    1.28291e+04   -6.44926e+04   -7.08645e+04
    Temperature Pres. DC (bar) Pressure (bar)   Constr. rmsd
    3.00835e+02   -1.69199e+02   -1.54322e+03    1.61430e-06


DD  step 28499 load imb.: force 27.8%  pme mesh/force 0.495
           Step           Time
          28500       57.00000

   Energies (kJ/mol)
           Bond          Angle    Proper Dih. Per. Imp. Dih.          LJ-14
    4.88057e+01    2.01985e+02    1.93845e+02    5.15202e+00    1.15571e+02
     Coulomb-14        LJ (SR)  Disper. corr.   Coulomb (SR)   Coul. recip.
    8.14613e+02    1.39332e+04   -5.75856e+02   -9.19878e+04    4.44808e+02
 Position Rest.      Potential    Kinetic En.   Total Energy  Conserved En.
    2.61217e+01   -7.67796e+04    1.29244e+04   -6.38552e+04   -7.08696e+04
    Temperature Pres. DC (bar) Pressure (bar)   Constr. rmsd
    3.03071e+02   -1.69199e+02   -1.56918e+03    2.81497e-06


DD  step 28999 load imb.: force 28.8%  pme mesh/force 0.421
           Step           Time
          29000       58.00000

   Energies (kJ/mol)
           Bond          Angle    Proper Dih. Per. Imp. Dih.          LJ-14
    7.35003e+01    1.78755e+02    2.27042e+02    1.12563e+01    1.03302e+02
     Coulomb-14        LJ (SR)  Disper. corr.   Coulomb (SR)   Coul. recip.
    8.10024e+02    1.44071e+04   -5.75856e+02   -9.21043e+04    4.72765e+02
 Position Rest.      Potential    Kinetic En.   Total Energy  Conserved En.
    3.24412e+01   -7.63640e+04    1.30025e+04   -6.33615e+04   -7.08632e+04
    Temperature Pres. DC (bar) Pressure (bar)   Constr. rmsd
    3.04903e+02   -1.69199e+02   -1.00868e+03    4.11503e-06


DD  step 29499 load imb.: force 28.1%  pme mesh/force 0.479
           Step           Time
          29500       59.00000

   Energies (kJ/mol)
           Bond          Angle    Proper Dih. Per. Imp. Dih.          LJ-14
    6.06957e+01    1.92552e+02    1.95031e+02    1.06165e+01    9.95394e+01
     Coulomb-14        LJ (SR)  Disper. corr.   Coulomb (SR)   Coul. recip.
    8.06773e+02    1.44667e+04   -5.75856e+02   -9.31374e+04    4.71253e+02
 Position Rest.      Potential    Kinetic En.   Total Energy  Conserved En.
    2.41114e+01   -7.73860e+04    1.30695e+04   -6.43165e+04   -7.08634e+04
    Temperature Pres. DC (bar) Pressure (bar)   Constr. rmsd
    3.06472e+02   -1.69199e+02   -1.85411e+03    3.43602e-06


DD  step 29999 load imb.: force 26.6%  pme mesh/force 0.497
           Step           Time
          30000       60.00000

   Energies (kJ/mol)
           Bond          Angle    Proper Dih. Per. Imp. Dih.          LJ-14
    5.81450e+01    1.68427e+02    2.14175e+02    7.42451e+00    8.39297e+01
     Coulomb-14        LJ (SR)  Disper. corr.   Coulomb (SR)   Coul. recip.
    7.91214e+02    1.42870e+04   -5.75856e+02   -9.21799e+04    4.52654e+02
 Position Rest.      Potential    Kinetic En.   Total Energy  Conserved En.
    2.59141e+01   -7.66669e+04    1.28896e+04   -6.37773e+04   -7.08685e+04
    Temperature Pres. DC (bar) Pressure (bar)   Constr. rmsd
    3.02254e+02   -1.69199e+02   -1.71940e+03    3.21120e-06


DD  step 30499 load imb.: force 32.8%  pme mesh/force 0.439
           Step           Time
          30500       61.00000

   Energies (kJ/mol)
           Bond          Angle    Proper Dih. Per. Imp. Dih.          LJ-14
    6.55106e+01    1.96242e+02    1.98615e+02    6.29826e+00    8.76632e+01
     Coulomb-14        LJ (SR)  Disper. corr.   Coulomb (SR)   Coul. recip.
    7.72940e+02    1.39226e+04   -5.75856e+02   -9.17143e+04    5.02348e+02
 Position Rest.      Potential    Kinetic En.   Total Energy  Conserved En.
    2.27634e+01   -7.65152e+04    1.30452e+04   -6.34701e+04   -7.08668e+04
    Temperature Pres. DC (bar) Pressure (bar)   Constr. rmsd
    3.05903e+02   -1.69199e+02   -1.88239e+03    2.97789e-06


DD  step 30999 load imb.: force 27.7%  pme mesh/force 0.424
           Step           Time
          31000       62.00000

   Energies (kJ/mol)
           Bond          Angle    Proper Dih. Per. Imp. Dih.          LJ-14
    4.95100e+01    1.92418e+02    2.21951e+02    6.62484e+00    9.87568e+01
     Coulomb-14        LJ (SR)  Disper. corr.   Coulomb (SR)   Coul. recip.
    8.01108e+02    1.40700e+04   -5.75856e+02   -9.19547e+04    4.64531e+02
 Position Rest.      Potential    Kinetic En.   Total Energy  Conserved En.
    2.19569e+01   -7.66038e+04    1.27599e+04   -6.38438e+04   -7.08624e+04
    Temperature Pres. DC (bar) Pressure (bar)   Constr. rmsd
    2.99214e+02   -1.69199e+02   -1.79462e+03    1.72708e-06


DD  step 31499 load imb.: force 28.5%  pme mesh/force 0.439
           Step           Time
          31500       63.00000

   Energies (kJ/mol)
           Bond          Angle    Proper Dih. Per. Imp. Dih.          LJ-14
    5.28852e+01    1.66859e+02    1.90669e+02    5.27150e+00    1.17568e+02
     Coulomb-14        LJ (SR)  Disper. corr.   Coulomb (SR)   Coul. recip.
    8.49147e+02    1.41890e+04   -5.75856e+02   -9.23962e+04    4.88695e+02
 Position Rest.      Potential    Kinetic En.   Total Energy  Conserved En.
    2.56441e+01   -7.68864e+04    1.27190e+04   -6.41674e+04   -7.08548e+04
    Temperature Pres. DC (bar) Pressure (bar)   Constr. rmsd
    2.98253e+02   -1.69199e+02   -1.64587e+03    2.74454e-06


DD  step 31999 load imb.: force 28.9%  pme mesh/force 0.444
           Step           Time
          32000       64.00000

   Energies (kJ/mol)
           Bond          Angle    Proper Dih. Per. Imp. Dih.          LJ-14
    6.27368e+01    2.19297e+02    1.99414e+02    3.68392e+00    7.96609e+01
     Coulomb-14        LJ (SR)  Disper. corr.   Coulomb (SR)   Coul. recip.
    7.93510e+02    1.40542e+04   -5.75856e+02   -9.17761e+04    4.58857e+02
 Position Rest.      Potential    Kinetic En.   Total Energy  Conserved En.
    4.63494e+01   -7.64343e+04    1.28343e+04   -6.36000e+04   -7.08610e+04
    Temperature Pres. DC (bar) Pressure (bar)   Constr. rmsd
    3.00958e+02   -1.69199e+02   -1.94801e+03    2.47053e-06


DD  step 32499 load imb.: force 30.3%  pme mesh/force 0.520
           Step           Time
          32500       65.00000

   Energies (kJ/mol)
           Bond          Angle    Proper Dih. Per. Imp. Dih.          LJ-14
    6.03173e+01    1.96665e+02    1.89767e+02    9.60478e+00    9.91432e+01
     Coulomb-14        LJ (SR)  Disper. corr.   Coulomb (SR)   Coul. recip.
    8.06200e+02    1.42449e+04   -5.75856e+02   -9.18136e+04    4.68351e+02
 Position Rest.      Potential    Kinetic En.   Total Energy  Conserved En.
    3.27245e+01   -7.62818e+04    1.26321e+04   -6.36497e+04   -7.08572e+04
    Temperature Pres. DC (bar) Pressure (bar)   Constr. rmsd
    2.96216e+02   -1.69199e+02   -1.31859e+03    2.16201e-06


DD  step 32999 load imb.: force 28.0%  pme mesh/force 0.504
           Step           Time
          33000       66.00000

   Energies (kJ/mol)
           Bond          Angle    Proper Dih. Per. Imp. Dih.          LJ-14
    6.28918e+01    1.90321e+02    2.04649e+02    1.50647e+01    8.50591e+01
     Coulomb-14        LJ (SR)  Disper. corr.   Coulomb (SR)   Coul. recip.
    7.82966e+02    1.38938e+04   -5.75856e+02   -9.21641e+04    4.57988e+02
 Position Rest.      Potential    Kinetic En.   Total Energy  Conserved En.
    3.94570e+01   -7.70078e+04    1.29549e+04   -6.40529e+04   -7.08597e+04
    Temperature Pres. DC (bar) Pressure (bar)   Constr. rmsd
    3.03785e+02   -1.69199e+02   -1.86552e+03    2.61580e-06


DD  step 33499 load imb.: force 26.9%  pme mesh/force 0.464
           Step           Time
          33500       67.00000

   Energies (kJ/mol)
           Bond          Angle    Proper Dih. Per. Imp. Dih.          LJ-14
    5.74695e+01    1.64205e+02    2.07226e+02    8.05030e+00    9.56431e+01
     Coulomb-14        LJ (SR)  Disper. corr.   Coulomb (SR)   Coul. recip.
    7.88923e+02    1.41476e+04   -5.75856e+02   -9.23108e+04    4.60408e+02
 Position Rest.      Potential    Kinetic En.   Total Energy  Conserved En.
    1.75546e+01   -7.69396e+04    1.26717e+04   -6.42679e+04   -7.08583e+04
    Temperature Pres. DC (bar) Pressure (bar)   Constr. rmsd
    2.97144e+02   -1.69199e+02   -1.58865e+03    3.47652e-06


DD  step 33999 load imb.: force 29.6%  pme mesh/force 0.520
           Step           Time
          34000       68.00000

   Energies (kJ/mol)
           Bond          Angle    Proper Dih. Per. Imp. Dih.          LJ-14
    6.40108e+01    2.05791e+02    1.92797e+02    4.63473e+00    8.35268e+01
     Coulomb-14        LJ (SR)  Disper. corr.   Coulomb (SR)   Coul. recip.
    7.78596e+02    1.50854e+04   -5.75856e+02   -9.34428e+04    4.81720e+02
 Position Rest.      Potential    Kinetic En.   Total Energy  Conserved En.
    1.92135e+01   -7.71030e+04    1.31152e+04   -6.39878e+04   -7.08639e+04
    Temperature Pres. DC (bar) Pressure (bar)   Constr. rmsd
    3.07545e+02   -1.69199e+02   -9.11966e+02    4.22849e-06


DD  step 34499 load imb.: force 50.5%  pme mesh/force 0.326
           Step           Time
          34500       69.00000

   Energies (kJ/mol)
           Bond          Angle    Proper Dih. Per. Imp. Dih.          LJ-14
    8.44824e+01    1.78943e+02    1.83744e+02    4.21016e+00    8.58579e+01
     Coulomb-14        LJ (SR)  Disper. corr.   Coulomb (SR)   Coul. recip.
    7.98387e+02    1.39484e+04   -5.75856e+02   -9.23490e+04    4.77116e+02
 Position Rest.      Potential    Kinetic En.   Total Energy  Conserved En.
    3.07000e+01   -7.71330e+04    1.25652e+04   -6.45679e+04   -7.08569e+04
    Temperature Pres. DC (bar) Pressure (bar)   Constr. rmsd
    2.94647e+02   -1.69199e+02   -2.01750e+03    2.94258e-06


DD  step 34999 load imb.: force 33.0%  pme mesh/force 0.407
           Step           Time
          35000       70.00000

   Energies (kJ/mol)
           Bond          Angle    Proper Dih. Per. Imp. Dih.          LJ-14
    6.89252e+01    1.97672e+02    2.05551e+02    4.37859e+00    9.06269e+01
     Coulomb-14        LJ (SR)  Disper. corr.   Coulomb (SR)   Coul. recip.
    7.88678e+02    1.42264e+04   -5.75856e+02   -9.20710e+04    4.27310e+02
 Position Rest.      Potential    Kinetic En.   Total Energy  Conserved En.
    3.01979e+01   -7.66071e+04    1.29231e+04   -6.36840e+04   -7.08623e+04
    Temperature Pres. DC (bar) Pressure (bar)   Constr. rmsd
    3.03039e+02   -1.69199e+02   -1.49755e+03    3.79289e-06


DD  step 35499 load imb.: force 28.8%  pme mesh/force 0.482
           Step           Time
          35500       71.00000

   Energies (kJ/mol)
           Bond          Angle    Proper Dih. Per. Imp. Dih.          LJ-14
    6.35752e+01    1.75728e+02    2.00832e+02    1.01706e+01    9.41569e+01
     Coulomb-14        LJ (SR)  Disper. corr.   Coulomb (SR)   Coul. recip.
    8.06964e+02    1.42414e+04   -5.75856e+02   -9.22932e+04    4.67922e+02
 Position Rest.      Potential    Kinetic En.   Total Energy  Conserved En.
    1.97775e+01   -7.67885e+04    1.28144e+04   -6.39742e+04   -7.08666e+04
    Temperature Pres. DC (bar) Pressure (bar)   Constr. rmsd
    3.00490e+02   -1.69199e+02   -1.54086e+03    3.85673e-06


DD  step 35999 load imb.: force 103.7%  pme mesh/force 0.715
           Step           Time
          36000       72.00000

   Energies (kJ/mol)
           Bond          Angle    Proper Dih. Per. Imp. Dih.          LJ-14
    5.09053e+01    2.33922e+02    1.96880e+02    1.13699e+01    9.08677e+01
     Coulomb-14        LJ (SR)  Disper. corr.   Coulomb (SR)   Coul. recip.
    8.30101e+02    1.37116e+04   -5.75856e+02   -9.14673e+04    4.75494e+02
 Position Rest.      Potential    Kinetic En.   Total Energy  Conserved En.
    2.88715e+01   -7.64131e+04    1.28568e+04   -6.35563e+04   -7.08609e+04
    Temperature Pres. DC (bar) Pressure (bar)   Constr. rmsd
    3.01485e+02   -1.69199e+02   -1.96524e+03    1.78876e-06


DD  step 36499 load imb.: force 28.5%  pme mesh/force 0.493
           Step           Time
          36500       73.00000

   Energies (kJ/mol)
           Bond          Angle    Proper Dih. Per. Imp. Dih.          LJ-14
    5.87579e+01    2.22795e+02    2.18069e+02    1.61648e+01    9.36862e+01
     Coulomb-14        LJ (SR)  Disper. corr.   Coulomb (SR)   Coul. recip.
    7.98169e+02    1.45278e+04   -5.75856e+02   -9.23276e+04    5.04861e+02
 Position Rest.      Potential    Kinetic En.   Total Energy  Conserved En.
    4.23846e+01   -7.64208e+04    1.28297e+04   -6.35910e+04   -7.08609e+04
    Temperature Pres. DC (bar) Pressure (bar)   Constr. rmsd
    3.00851e+02   -1.69199e+02   -1.16998e+03    3.61120e-06


DD  step 36999 load imb.: force 29.6%  pme mesh/force 0.444
           Step           Time
          37000       74.00000

   Energies (kJ/mol)
           Bond          Angle    Proper Dih. Per. Imp. Dih.          LJ-14
    7.98321e+01    1.70522e+02    1.92778e+02    4.19442e+00    9.84481e+01
     Coulomb-14        LJ (SR)  Disper. corr.   Coulomb (SR)   Coul. recip.
    8.23187e+02    1.40429e+04   -5.75856e+02   -9.25182e+04    4.70439e+02
 Position Rest.      Potential    Kinetic En.   Total Energy  Conserved En.
    3.60507e+01   -7.71757e+04    1.24802e+04   -6.46955e+04   -7.08577e+04
    Temperature Pres. DC (bar) Pressure (bar)   Constr. rmsd
    2.92654e+02   -1.69199e+02   -1.90542e+03    1.76009e-06


DD  step 37499 load imb.: force 59.2%  pme mesh/force 0.519
           Step           Time
          37500       75.00000

   Energies (kJ/mol)
           Bond          Angle    Proper Dih. Per. Imp. Dih.          LJ-14
    6.89575e+01    1.79865e+02    2.00307e+02    5.09270e+00    8.79743e+01
     Coulomb-14        LJ (SR)  Disper. corr.   Coulomb (SR)   Coul. recip.
    7.97990e+02    1.44336e+04   -5.75856e+02   -9.28614e+04    4.55286e+02
 Position Rest.      Potential    Kinetic En.   Total Energy  Conserved En.
    1.99584e+01   -7.71882e+04    1.24509e+04   -6.47373e+04   -7.08648e+04
    Temperature Pres. DC (bar) Pressure (bar)   Constr. rmsd
    2.91968e+02   -1.69199e+02   -1.42270e+03    3.61568e-06


DD  step 37999 load imb.: force 29.6%  pme mesh/force 0.459
           Step           Time
          38000       76.00000

   Energies (kJ/mol)
           Bond          Angle    Proper Dih. Per. Imp. Dih.          LJ-14
    6.75089e+01    1.70779e+02    2.03583e+02    6.83162e+00    1.01103e+02
     Coulomb-14        LJ (SR)  Disper. corr.   Coulomb (SR)   Coul. recip.
    7.94821e+02    1.36846e+04   -5.75856e+02   -9.18769e+04    4.74132e+02
 Position Rest.      Potential    Kinetic En.   Total Energy  Conserved En.
    1.81461e+01   -7.69312e+04    1.26818e+04   -6.42494e+04   -7.08537e+04
    Temperature Pres. DC (bar) Pressure (bar)   Constr. rmsd
    2.97382e+02   -1.69199e+02   -2.20899e+03    3.28371e-06


DD  step 38499 load imb.: force 31.8%  pme mesh/force 0.523
           Step           Time
          38500       77.00000

   Energies (kJ/mol)
           Bond          Angle    Proper Dih. Per. Imp. Dih.          LJ-14
    5.66778e+01    1.82613e+02    1.93510e+02    2.95654e+00    1.03159e+02
     Coulomb-14        LJ (SR)  Disper. corr.   Coulomb (SR)   Coul. recip.
    8.05439e+02    1.38397e+04   -5.75856e+02   -9.19334e+04    4.65379e+02
 Position Rest.      Potential    Kinetic En.   Total Energy  Conserved En.
    4.05248e+01   -7.68193e+04    1.26621e+04   -6.41573e+04   -7.08544e+04
    Temperature Pres. DC (bar) Pressure (bar)   Constr. rmsd
    2.96919e+02   -1.69199e+02   -1.84386e+03    1.82619e-06


DD  step 38999 load imb.: force 28.1%  pme mesh/force 0.498
           Step           Time
          39000       78.00000

   Energies (kJ/mol)
           Bond          Angle    Proper Dih. Per. Imp. Dih.          LJ-14
    8.46126e+01    2.29439e+02    1.92341e+02    8.15009e+00    1.09987e+02
     Coulomb-14        LJ (SR)  Disper. corr.   Coulomb (SR)   Coul. recip.
    8.14895e+02    1.42220e+04   -5.75856e+02   -9.22830e+04    4.65644e+02
 Position Rest.      Potential    Kinetic En.   Total Energy  Conserved En.
    2.69577e+01   -7.67048e+04    1.26396e+04   -6.40651e+04   -7.08551e+04
    Temperature Pres. DC (bar) Pressure (bar)   Constr. rmsd
    2.96392e+02   -1.69199e+02   -1.74380e+03    3.53870e-06


DD  step 39499 load imb.: force 26.8%  pme mesh/force 0.711
           Step           Time
          39500       79.00000

   Energies (kJ/mol)
           Bond          Angle    Proper Dih. Per. Imp. Dih.          LJ-14
    6.85821e+01    1.96271e+02    1.95636e+02    8.00372e+00    1.03086e+02
     Coulomb-14        LJ (SR)  Disper. corr.   Coulomb (SR)   Coul. recip.
    7.99940e+02    1.41664e+04   -5.75856e+02   -9.20827e+04    4.69234e+02
 Position Rest.      Potential    Kinetic En.   Total Energy  Conserved En.
    1.93852e+01   -7.66320e+04    1.26613e+04   -6.39707e+04   -7.08582e+04
    Temperature Pres. DC (bar) Pressure (bar)   Constr. rmsd
    2.96901e+02   -1.69199e+02   -1.59314e+03    2.92784e-06


DD  step 39999 load imb.: force 19.1%  pme mesh/force 0.886
           Step           Time
          40000       80.00000

   Energies (kJ/mol)
           Bond          Angle    Proper Dih. Per. Imp. Dih.          LJ-14
    4.85401e+01    2.06218e+02    1.96478e+02    3.47329e+00    1.03582e+02
     Coulomb-14        LJ (SR)  Disper. corr.   Coulomb (SR)   Coul. recip.
    7.90159e+02    1.39521e+04   -5.75856e+02   -9.19154e+04    4.90270e+02
 Position Rest.      Potential    Kinetic En.   Total Energy  Conserved En.
    2.67634e+01   -7.66737e+04    1.28318e+04   -6.38418e+04   -7.08640e+04
    Temperature Pres. DC (bar) Pressure (bar)   Constr. rmsd
    3.00900e+02   -1.69199e+02   -1.85353e+03    2.96668e-06


DD  step 40499 load imb.: force 27.7%  pme mesh/force 0.474
           Step           Time
          40500       81.00000

   Energies (kJ/mol)
           Bond          Angle    Proper Dih. Per. Imp. Dih.          LJ-14
    7.52440e+01    1.93144e+02    1.78471e+02    8.73875e+00    1.01486e+02
     Coulomb-14        LJ (SR)  Disper. corr.   Coulomb (SR)   Coul. recip.
    8.03881e+02    1.45798e+04   -5.75856e+02   -9.30090e+04    4.37627e+02
 Position Rest.      Potential    Kinetic En.   Total Energy  Conserved En.
    2.49372e+01   -7.71815e+04    1.32485e+04   -6.39330e+04   -7.08603e+04
    Temperature Pres. DC (bar) Pressure (bar)   Constr. rmsd
    3.10671e+02   -1.69199e+02   -1.47522e+03    3.04958e-06


DD  step 40999 load imb.: force 26.3%  pme mesh/force 0.326
           Step           Time
          41000       82.00000

   Energies (kJ/mol)
           Bond          Angle    Proper Dih. Per. Imp. Dih.          LJ-14
    6.51980e+01    1.91712e+02    2.03734e+02    4.45587e+00    1.02072e+02
     Coulomb-14        LJ (SR)  Disper. corr.   Coulomb (SR)   Coul. recip.
    8.16906e+02    1.38373e+04   -5.75856e+02   -9.19682e+04    4.96959e+02
 Position Rest.      Potential    Kinetic En.   Total Energy  Conserved En.
    2.84443e+01   -7.67973e+04    1.31389e+04   -6.36584e+04   -7.08605e+04
    Temperature Pres. DC (bar) Pressure (bar)   Constr. rmsd
    3.08101e+02   -1.69199e+02   -2.08829e+03    3.06642e-06


DD  step 41499 load imb.: force 30.1%  pme mesh/force 0.578
           Step           Time
          41500       83.00000

   Energies (kJ/mol)
           Bond          Angle    Proper Dih. Per. Imp. Dih.          LJ-14
    5.89112e+01    1.71495e+02    1.98046e+02    8.48484e+00    8.49207e+01
     Coulomb-14        LJ (SR)  Disper. corr.   Coulomb (SR)   Coul. recip.
    8.27145e+02    1.39390e+04   -5.75856e+02   -9.18758e+04    4.72394e+02
 Position Rest.      Potential    Kinetic En.   Total Energy  Conserved En.
    3.11216e+01   -7.66601e+04    1.26820e+04   -6.39781e+04   -7.08595e+04
    Temperature Pres. DC (bar) Pressure (bar)   Constr. rmsd
    2.97386e+02   -1.69199e+02   -2.06823e+03    2.07667e-06


DD  step 41999 load imb.: force 31.2%  pme mesh/force 0.491
           Step           Time
          42000       84.00000

   Energies (kJ/mol)
           Bond          Angle    Proper Dih. Per. Imp. Dih.          LJ-14
    7.48407e+01    1.40762e+02    1.90149e+02    2.99933e+00    9.36224e+01
     Coulomb-14        LJ (SR)  Disper. corr.   Coulomb (SR)   Coul. recip.
    7.82837e+02    1.42453e+04   -5.75856e+02   -9.27302e+04    4.56621e+02
 Position Rest.      Potential    Kinetic En.   Total Energy  Conserved En.
    1.74645e+01   -7.73014e+04    1.24967e+04   -6.48047e+04   -7.08601e+04
    Temperature Pres. DC (bar) Pressure (bar)   Constr. rmsd
    2.93041e+02   -1.69199e+02   -2.05728e+03    1.93054e-06


DD  step 42499 load imb.: force 28.6%  pme mesh/force 0.516
           Step           Time
          42500       85.00000

   Energies (kJ/mol)
           Bond          Angle    Proper Dih. Per. Imp. Dih.          LJ-14
    7.12048e+01    1.97281e+02    2.00016e+02    9.83332e+00    1.07337e+02
     Coulomb-14        LJ (SR)  Disper. corr.   Coulomb (SR)   Coul. recip.
    8.17432e+02    1.40892e+04   -5.75856e+02   -9.25171e+04    4.72295e+02
 Position Rest.      Potential    Kinetic En.   Total Energy  Conserved En.
    1.86312e+01   -7.71097e+04    1.28036e+04   -6.43061e+04   -7.08645e+04
    Temperature Pres. DC (bar) Pressure (bar)   Constr. rmsd
    3.00238e+02   -1.69199e+02   -1.73002e+03    2.93061e-06


DD  step 42999 load imb.: force 28.1%  pme mesh/force 0.495
           Step           Time
          43000       86.00000

   Energies (kJ/mol)
           Bond          Angle    Proper Dih. Per. Imp. Dih.          LJ-14
    7.32492e+01    1.67531e+02    2.00110e+02    9.05241e+00    9.75067e+01
     Coulomb-14        LJ (SR)  Disper. corr.   Coulomb (SR)   Coul. recip.
    8.13660e+02    1.40707e+04   -5.75856e+02   -9.25675e+04    4.78304e+02
 Position Rest.      Potential    Kinetic En.   Total Energy  Conserved En.
    3.10856e+01   -7.72022e+04    1.29903e+04   -6.42120e+04   -7.08612e+04
    Temperature Pres. DC (bar) Pressure (bar)   Constr. rmsd
    3.04615e+02   -1.69199e+02   -1.84257e+03    2.97337e-06


DD  step 43499 load imb.: force 29.4%  pme mesh/force 0.465
           Step           Time
          43500       87.00000

   Energies (kJ/mol)
           Bond          Angle    Proper Dih. Per. Imp. Dih.          LJ-14
    7.79706e+01    1.69771e+02    2.05967e+02    7.55833e+00    9.02266e+01
     Coulomb-14        LJ (SR)  Disper. corr.   Coulomb (SR)   Coul. recip.
    7.95034e+02    1.48735e+04   -5.75856e+02   -9.34885e+04    4.61201e+02
 Position Rest.      Potential    Kinetic En.   Total Energy  Conserved En.
    2.01880e+01   -7.73629e+04    1.28992e+04   -6.44637e+04   -7.08632e+04
    Temperature Pres. DC (bar) Pressure (bar)   Constr. rmsd
    3.02480e+02   -1.69199e+02   -1.25478e+03    2.81105e-06


DD  step 43999 load imb.: force 31.0%  pme mesh/force 0.523
           Step           Time
          44000       88.00000

   Energies (kJ/mol)
           Bond          Angle    Proper Dih. Per. Imp. Dih.          LJ-14
    7.97722e+01    1.74239e+02    1.94269e+02    7.47778e+00    9.32579e+01
     Coulomb-14        LJ (SR)  Disper. corr.   Coulomb (SR)   Coul. recip.
    7.89557e+02    1.39918e+04   -5.75856e+02   -9.26312e+04    4.77902e+02
 Position Rest.      Potential    Kinetic En.   Total Energy  Conserved En.
    2.39057e+01   -7.73749e+04    1.25125e+04   -6.48624e+04   -7.08616e+04
    Temperature Pres. DC (bar) Pressure (bar)   Constr. rmsd
    2.93412e+02   -1.69199e+02   -1.83946e+03    2.69262e-06


DD  step 44499 load imb.: force 29.3%  pme mesh/force 0.507
           Step           Time
          44500       89.00000

   Energies (kJ/mol)
           Bond          Angle    Proper Dih. Per. Imp. Dih.          LJ-14
    6.49261e+01    1.78978e+02    1.99175e+02    1.35679e+01    9.37997e+01
     Coulomb-14        LJ (SR)  Disper. corr.   Coulomb (SR)   Coul. recip.
    7.90855e+02    1.43355e+04   -5.75856e+02   -9.24038e+04    4.53877e+02
 Position Rest.      Potential    Kinetic En.   Total Energy  Conserved En.
    3.72598e+01   -7.68117e+04    1.28370e+04   -6.39747e+04   -7.08661e+04
    Temperature Pres. DC (bar) Pressure (bar)   Constr. rmsd
    3.01020e+02   -1.69199e+02   -1.55311e+03    2.54581e-06


DD  step 44999 load imb.: force 28.9%  pme mesh/force 0.459
           Step           Time
          45000       90.00000

   Energies (kJ/mol)
           Bond          Angle    Proper Dih. Per. Imp. Dih.          LJ-14
    7.59398e+01    2.09269e+02    1.96992e+02    3.65752e+00    1.01365e+02
     Coulomb-14        LJ (SR)  Disper. corr.   Coulomb (SR)   Coul. recip.
    8.25384e+02    1.38264e+04   -5.75856e+02   -9.16897e+04    4.64017e+02
 Position Rest.      Potential    Kinetic En.   Total Energy  Conserved En.
    3.06405e+01   -7.65320e+04    1.27927e+04   -6.37392e+04   -7.08679e+04
    Temperature Pres. DC (bar) Pressure (bar)   Constr. rmsd
    2.99982e+02   -1.69199e+02   -2.13230e+03    2.51254e-06


DD  step 45499 load imb.: force 30.6%  pme mesh/force 0.474
           Step           Time
          45500       91.00000

   Energies (kJ/mol)
           Bond          Angle    Proper Dih. Per. Imp. Dih.          LJ-14
    6.09211e+01    1.89217e+02    2.04580e+02    6.42631e+00    1.00012e+02
     Coulomb-14        LJ (SR)  Disper. corr.   Coulomb (SR)   Coul. recip.
    8.02913e+02    1.42125e+04   -5.75856e+02   -9.26536e+04    4.55030e+02
 Position Rest.      Potential    Kinetic En.   Total Energy  Conserved En.
    2.02690e+01   -7.71776e+04    1.31034e+04   -6.40742e+04   -7.08691e+04
    Temperature Pres. DC (bar) Pressure (bar)   Constr. rmsd
    3.07268e+02   -1.69199e+02   -1.78430e+03    2.70121e-06


DD  step 45999 load imb.: force 34.8%  pme mesh/force 0.415
           Step           Time
          46000       92.00000

   Energies (kJ/mol)
           Bond          Angle    Proper Dih. Per. Imp. Dih.          LJ-14
    5.05362e+01    1.76476e+02    1.94259e+02    4.04393e+00    1.03085e+02
     Coulomb-14        LJ (SR)  Disper. corr.   Coulomb (SR)   Coul. recip.
    8.11875e+02    1.42024e+04   -5.75856e+02   -9.28405e+04    5.12341e+02
 Position Rest.      Potential    Kinetic En.   Total Energy  Conserved En.
    3.03428e+01   -7.73309e+04    1.28916e+04   -6.44394e+04   -7.08748e+04
    Temperature Pres. DC (bar) Pressure (bar)   Constr. rmsd
    3.02301e+02   -1.69199e+02   -1.79807e+03    2.28089e-06


DD  step 46499 load imb.: force 27.4%  pme mesh/force 0.609
           Step           Time
          46500       93.00000

   Energies (kJ/mol)
           Bond          Angle    Proper Dih. Per. Imp. Dih.          LJ-14
    5.79523e+01    2.09691e+02    1.89962e+02    7.22413e+00    1.00786e+02
     Coulomb-14        LJ (SR)  Disper. corr.   Coulomb (SR)   Coul. recip.
    7.97652e+02    1.35898e+04   -5.75856e+02   -9.18019e+04    4.68907e+02
 Position Rest.      Potential    Kinetic En.   Total Energy  Conserved En.
    5.42754e+01   -7.69015e+04    1.29060e+04   -6.39955e+04   -7.08631e+04
    Temperature Pres. DC (bar) Pressure (bar)   Constr. rmsd
    3.02640e+02   -1.69199e+02   -2.01240e+03    4.15335e-06


DD  step 46999 load imb.: force 29.0%  pme mesh/force 0.444
           Step           Time
          47000       94.00000

   Energies (kJ/mol)
           Bond          Angle    Proper Dih. Per. Imp. Dih.          LJ-14
    1.30679e+02    2.18413e+02    1.77023e+02    1.21981e+01    8.21294e+01
     Coulomb-14        LJ (SR)  Disper. corr.   Coulomb (SR)   Coul. recip.
    8.02670e+02    1.41371e+04   -5.75856e+02   -9.19675e+04    4.75134e+02
 Position Rest.      Potential    Kinetic En.   Total Energy  Conserved En.
    2.73119e+01   -7.64807e+04    1.27885e+04   -6.36921e+04   -7.08618e+04
    Temperature Pres. DC (bar) Pressure (bar)   Constr. rmsd
    2.99885e+02   -1.69199e+02   -1.71023e+03    3.29594e-06


DD  step 47499 load imb.: force 31.9%  pme mesh/force 0.487
           Step           Time
          47500       95.00000

   Energies (kJ/mol)
           Bond          Angle    Proper Dih. Per. Imp. Dih.          LJ-14
    8.22409e+01    1.65887e+02    1.98090e+02    1.82274e+01    9.02409e+01
     Coulomb-14        LJ (SR)  Disper. corr.   Coulomb (SR)   Coul. recip.
    8.19258e+02    1.45145e+04   -5.75856e+02   -9.25353e+04    4.64653e+02
 Position Rest.      Potential    Kinetic En.   Total Energy  Conserved En.
    2.09369e+01   -7.67371e+04    1.28938e+04   -6.38433e+04   -7.08668e+04
    Temperature Pres. DC (bar) Pressure (bar)   Constr. rmsd
    3.02352e+02   -1.69199e+02   -1.22237e+03    2.64702e-06


DD  step 47999 load imb.: force 29.9%  pme mesh/force 0.457
           Step           Time
          48000       96.00000

   Energies (kJ/mol)
           Bond          Angle    Proper Dih. Per. Imp. Dih.          LJ-14
    5.89579e+01    1.75994e+02    1.97844e+02    3.11790e+00    8.69444e+01
     Coulomb-14        LJ (SR)  Disper. corr.   Coulomb (SR)   Coul. recip.
    8.18216e+02    1.38105e+04   -5.75856e+02   -9.15072e+04    4.86897e+02
 Position Rest.      Potential    Kinetic En.   Total Energy  Conserved En.
    3.05688e+01   -7.64140e+04    1.24640e+04   -6.39500e+04   -7.08693e+04
    Temperature Pres. DC (bar) Pressure (bar)   Constr. rmsd
    2.92275e+02   -1.69199e+02   -1.91819e+03    1.98316e-06


DD  step 48499 load imb.: force 29.7%  pme mesh/force 0.461
           Step           Time
          48500       97.00000

   Energies (kJ/mol)
           Bond          Angle    Proper Dih. Per. Imp. Dih.          LJ-14
    7.25601e+01    1.86200e+02    1.91301e+02    5.69243e+00    1.03664e+02
     Coulomb-14        LJ (SR)  Disper. corr.   Coulomb (SR)   Coul. recip.
    7.82487e+02    1.41836e+04   -5.75856e+02   -9.20349e+04    4.51928e+02
 Position Rest.      Potential    Kinetic En.   Total Energy  Conserved En.
    4.42985e+01   -7.65891e+04    1.28894e+04   -6.36997e+04   -7.08699e+04
    Temperature Pres. DC (bar) Pressure (bar)   Constr. rmsd
    3.02250e+02   -1.69199e+02   -1.57801e+03    2.85470e-06


DD  step 48999 load imb.: force 31.0%  pme mesh/force 0.537
           Step           Time
          49000       98.00000

   Energies (kJ/mol)
           Bond          Angle    Proper Dih. Per. Imp. Dih.          LJ-14
    6.21128e+01    1.64455e+02    1.83187e+02    5.86442e+00    1.00781e+02
     Coulomb-14        LJ (SR)  Disper. corr.   Coulomb (SR)   Coul. recip.
    7.90015e+02    1.44857e+04   -5.75856e+02   -9.28213e+04    4.74289e+02
 Position Rest.      Potential    Kinetic En.   Total Energy  Conserved En.
    3.31997e+01   -7.70976e+04    1.26990e+04   -6.43986e+04   -7.08705e+04
    Temperature Pres. DC (bar) Pressure (bar)   Constr. rmsd
    2.97785e+02   -1.69199e+02   -1.46597e+03    3.38407e-06


DD  step 49499 load imb.: force 29.6%  pme mesh/force 0.484
           Step           Time
          49500       99.00000

   Energies (kJ/mol)
           Bond          Angle    Proper Dih. Per. Imp. Dih.          LJ-14
    8.70632e+01    1.69636e+02    1.90321e+02    2.06780e+00    9.30884e+01
     Coulomb-14        LJ (SR)  Disper. corr.   Coulomb (SR)   Coul. recip.
    7.90065e+02    1.42885e+04   -5.75856e+02   -9.23380e+04    4.38715e+02
 Position Rest.      Potential    Kinetic En.   Total Energy  Conserved En.
    2.70625e+01   -7.68273e+04    1.28971e+04   -6.39302e+04   -7.08733e+04
    Temperature Pres. DC (bar) Pressure (bar)   Constr. rmsd
    3.02431e+02   -1.69199e+02   -1.74172e+03    1.75406e-06


DD  step 49999 load imb.: force 30.8%  pme mesh/force 0.567
           Step           Time
          50000      100.00000

Writing checkpoint, step 50000 at Fri Jul 24 11:05:32 2026


   Energies (kJ/mol)
           Bond          Angle    Proper Dih. Per. Imp. Dih.          LJ-14
    7.82031e+01    1.78493e+02    2.13297e+02    4.10737e+00    9.60880e+01
     Coulomb-14        LJ (SR)  Disper. corr.   Coulomb (SR)   Coul. recip.
    8.17780e+02    1.37904e+04   -5.75856e+02   -9.17606e+04    5.08981e+02
 Position Rest.      Potential    Kinetic En.   Total Energy  Conserved En.
    4.64488e+01   -7.66027e+04    1.25385e+04   -6.40642e+04   -7.08703e+04
    Temperature Pres. DC (bar) Pressure (bar)   Constr. rmsd
    2.94021e+02   -1.69199e+02   -2.05348e+03    1.76759e-06


Energy conservation over simulation part #1 of length 100 ps, time 0 to 100 ps
  Conserved energy drift: 2.24e-04 kJ/mol/ps per atom


	<======  ###############  ==>
	<====  A V E R A G E S  ====>
	<==  ###############  ======>

	Statistics over 50001 steps using 501 frames

   Energies (kJ/mol)
           Bond          Angle    Proper Dih. Per. Imp. Dih.          LJ-14
    6.81079e+01    1.88174e+02    1.97790e+02    7.92417e+00    9.69798e+01
     Coulomb-14        LJ (SR)  Disper. corr.   Coulomb (SR)   Coul. recip.
    8.01867e+02    1.41008e+04   -5.75856e+02   -9.21070e+04    4.71656e+02
 Position Rest.      Potential    Kinetic En.   Total Energy  Conserved En.
    2.78505e+01   -7.67217e+04    1.28056e+04   -6.39161e+04   -7.08658e+04
    Temperature Pres. DC (bar) Pressure (bar)   Constr. rmsd
    3.00286e+02   -1.69199e+02   -1.69568e+03    0.00000e+00

   Total Virial (kJ/mol)
    7.17829e+03   -1.61000e+00   -4.41198e+01
   -1.66194e+00    7.22017e+03   -1.02905e+01
   -4.41701e+01   -1.02757e+01    7.07532e+03

   Pressure (bar)
   -1.70532e+03    3.27640e-01    3.07362e+01
    3.58121e-01   -1.73352e+03    5.54100e+00
    3.07657e+01    5.53231e+00   -1.64820e+03

      T-Protein  T-non-Protein
    3.02018e+02    3.00242e+02


	M E G A - F L O P S   A C C O U N T I N G

 NB=Group-cutoff nonbonded kernels    NxN=N-by-N cluster Verlet kernels
 RF=Reaction-Field  VdW=Van der Waals  QSTab=quadratic-spline table
 W3=SPC/TIP3p  W4=TIP4p (single or pairs)
 V&F=Potential and force  V=Potential only  F=Force only

 Computing:                               M-Number         M-Flops  % Flops
-----------------------------------------------------------------------------
 Pair Search distance check            2246.595176       20219.357     0.2
 NxN Ewald Elec. + LJ [F]             78062.561376     5152129.051    49.6
 NxN Ewald Elec. + LJ [V&F]             790.043872       84534.694     0.8
 NxN Ewald Elec. [F]                  72324.547744     4411797.412    42.5
 NxN Ewald Elec. [V&F]                  732.142400       61499.962     0.6
 1,4 nonbonded interactions              13.000260        1170.023     0.0
 Calc Weights                           766.065321       27578.352     0.3
 Spread Q Bspline                     16342.726848       32685.454     0.3
 Gather F Bspline                     16342.726848       98056.361     0.9
 3D-FFT                               49152.883038      393223.064     3.8
 Solve PME                              870.417408       55706.714     0.5
 Reset In Box                             5.101893          15.306     0.0
 CG-CoM                                   5.117214          15.352     0.0
 Bonds                                    2.350047         138.653     0.0
 Angles                                   9.350187        1570.831     0.0
 Propers                                 13.650273        3125.913     0.0
 Impropers                                0.900018         187.204     0.0
 Pos. Restr.                              2.350047         117.502     0.0
 Virial                                   3.099687          55.794     0.0
 Stop-CM                                  2.563714          25.637     0.0
 Calc-Ekin                               51.080214        1379.166     0.0
 Lincs                                    2.800168         168.010     0.0
 Lincs-Mat                               19.801188          79.205     0.0
 Constraint-V                           255.810232        2302.292     0.0
 Constraint-Vir                           2.535060          60.841     0.0
 Settle                                  83.405004       30859.851     0.3
-----------------------------------------------------------------------------
 Total                                                10378702.001   100.0
-----------------------------------------------------------------------------


    D O M A I N   D E C O M P O S I T I O N   S T A T I S T I C S

 av. #atoms communicated per step for force:  2 x 25934.2


Dynamic load balancing report:
 DLB got disabled because it was unsuitable to use.
 Average load imbalance: 28.6%.
 The balanceable part of the MD step is 60%, load imbalance is computed from this.
 Part of the total run time spent waiting due to load imbalance: 17.1%.
 Average PME mesh/force load: 0.509
 Part of the total run time spent waiting due to PP/PME imbalance: 10.4 %

NOTE: 17.1 % of the available CPU time was lost due to load imbalance
      in the domain decomposition.
      You can consider manually changing the decomposition (option -dd);
      e.g. by using fewer domains along the box dimension in which there is
      considerable inhomogeneity in the simulated system.
NOTE: 10.4 % performance was lost because the PME ranks
      had less work to do than the PP ranks.
      You might want to decrease the number of PME ranks
      or decrease the cut-off and the grid spacing.


      R E A L   C Y C L E   A N D   T I M E   A C C O U N T I N G

On 24 MPI ranks doing PP, and
on 8 MPI ranks doing PME

 Activity:              Num   Num      Call    Wall time         Giga-Cycles
                        Ranks Threads  Count      (s)         total sum    %
--------------------------------------------------------------------------------
 Domain decomp.           24    1       1001       0.194         14.811   0.9
 DD comm. load            24    1        133       0.001          0.043   0.0
 DD comm. bounds          24    1         39       0.000          0.026   0.0
 Send X to PME            24    1      50001       0.543         41.532   2.5
 Neighbor search          24    1       1001       0.252         19.243   1.1
 Comm. coord.             24    1      49000       1.893        144.805   8.6
 Force                    24    1      50001       7.653        585.349  34.6
 Wait + Comm. F           24    1      50001       5.070        387.810  22.9
 PME mesh *                8    1      50001       6.329        161.362   9.5
 PME wait for PP *                                10.247        261.274  15.5
 Wait + Recv. PME F       24    1      50001       0.148         11.324   0.7
 NB X/F buffer ops.       24    1     149002       0.210         16.046   0.9
 Write traj.              24    1        101       0.012          0.887   0.1
 Update                   24    1      50001       0.039          2.945   0.2
 Constraints              24    1      50003       0.096          7.346   0.4
 Kinetic energy           24    1      10001       0.010          0.740   0.0
 Comm. energies           24    1       5001       0.409         31.299   1.9
 Rest                                              0.048          3.701   0.2
--------------------------------------------------------------------------------
 Total                                            16.576       1690.542 100.0
--------------------------------------------------------------------------------
(*) Note that with separate PME ranks, the walltime column actually sums to
    twice the total reported, but the cycle count total and % are correct.
--------------------------------------------------------------------------------
 Breakdown of PME mesh activities
--------------------------------------------------------------------------------
 PME redist. X/F           8    1     100002       2.025         51.630   3.1
 PME spread                8    1      50001       1.377         35.107   2.1
 PME gather                8    1      50001       1.138         29.020   1.7
 PME 3D-FFT                8    1     100002       1.165         29.698   1.8
 PME 3D-FFT Comm.          8    1     200004       0.390          9.936   0.6
 PME solve Elec            8    1      50001       0.218          5.570   0.3
--------------------------------------------------------------------------------
 Note that the cycle count and % columns are weighted by the number of ranks,
 while walltimes are not. Hence, with separate PME ranks, the fraction of each
 activity's walltime does not correspond to the cycle %.
--------------------------------------------------------------------------------

               Core t (s)   Wall t (s)        (%)
       Time:      530.424       16.576     3199.9
                 (ns/day)    (hour/ns)
Performance:      521.244        0.046
Finished mdrun on rank 0 Fri Jul 24 11:05:32 2026

